file_name,dataset,label,original_plane,brain_subplane,patient_or_group_id,split,us_machine
Patient00001_Plane1_1_of_15.png,FETAL_PLANES_DB,not head,Other,,1,train,Aloka
Patient00001_Plane1_2_of_15.png,FETAL_PLANES_DB,not head,Other,,1,train,Aloka
Patient00001_Plane1_3_of_15.png,FETAL_PLANES_DB,not head,Other,,1,train,Aloka
Patient00001_Plane1_4_of_15.png,FETAL_PLANES_DB,not head,Other,,1,train,Aloka
Patient00001_Plane1_5_of_15.png,FETAL_PLANES_DB,not head,Other,,1,train,Aloka
Patient00001_Plane1_6_of_15.png,FETAL_PLANES_DB,not head,Other,,1,train,Aloka
Patient00001_Plane1_7_of_15.png,FETAL_PLANES_DB,not head,Other,,1,train,Aloka
Patient00001_Plane1_8_of_15.png,FETAL_PLANES_DB,not head,Other,,1,train,Aloka
Patient00001_Plane1_9_of_15.png,FETAL_PLANES_DB,not head,Other,,1,train,Aloka
Patient00001_Plane1_10_of_15.png,FETAL_PLANES_DB,not head,Other,,1,train,Aloka
Patient00001_Plane1_11_of_15.png,FETAL_PLANES_DB,not head,Other,,1,train,Aloka
Patient00001_Plane1_12_of_15.png,FETAL_PLANES_DB,not head,Other,,1,train,Aloka
Patient00001_Plane1_13_of_15.png,FETAL_PLANES_DB,not head,Other,,1,train,Aloka
Patient00001_Plane1_14_of_15.png,FETAL_PLANES_DB,not head,Other,,1,train,Aloka
Patient00001_Plane1_15_of_15.png,FETAL_PLANES_DB,not head,Other,,1,train,Aloka
Patient00004_Plane1_1_of_30.png,FETAL_PLANES_DB,not head,Other,,4,train,Aloka
Patient00004_Plane1_2_of_30.png,FETAL_PLANES_DB,not head,Other,,4,train,Aloka
Patient00004_Plane1_3_of_30.png,FETAL_PLANES_DB,not head,Other,,4,train,Aloka
Patient00004_Plane1_4_of_30.png,FETAL_PLANES_DB,not head,Other,,4,train,Aloka
Patient00004_Plane1_5_of_30.png,FETAL_PLANES_DB,not head,Other,,4,train,Aloka
Patient00004_Plane1_6_of_30.png,FETAL_PLANES_DB,not head,Other,,4,train,Aloka
Patient00004_Plane1_7_of_30.png,FETAL_PLANES_DB,not head,Other,,4,train,Aloka
Patient00004_Plane1_8_of_30.png,FETAL_PLANES_DB,not head,Other,,4,train,Aloka
Patient00004_Plane1_9_of_30.png,FETAL_PLANES_DB,not head,Other,,4,train,Aloka
Patient00004_Plane1_10_of_30.png,FETAL_PLANES_DB,not head,Other,,4,train,Aloka
Patient00004_Plane1_11_of_30.png,FETAL_PLANES_DB,not head,Other,,4,train,Aloka
Patient00004_Plane1_12_of_30.png,FETAL_PLANES_DB,not head,Other,,4,train,Aloka
Patient00004_Plane1_13_of_30.png,FETAL_PLANES_DB,not head,Other,,4,train,Aloka
Patient00004_Plane1_14_of_30.png,FETAL_PLANES_DB,not head,Other,,4,train,Aloka
Patient00004_Plane1_15_of_30.png,FETAL_PLANES_DB,not head,Other,,4,train,Aloka
Patient00004_Plane1_16_of_30.png,FETAL_PLANES_DB,not head,Other,,4,train,Aloka
Patient00004_Plane1_17_of_30.png,FETAL_PLANES_DB,not head,Other,,4,train,Aloka
Patient00004_Plane1_18_of_30.png,FETAL_PLANES_DB,not head,Other,,4,train,Aloka
Patient00004_Plane1_19_of_30.png,FETAL_PLANES_DB,not head,Other,,4,train,Aloka
Patient00004_Plane1_20_of_30.png,FETAL_PLANES_DB,not head,Other,,4,train,Aloka
Patient00004_Plane1_21_of_30.png,FETAL_PLANES_DB,not head,Other,,4,train,Aloka
Patient00004_Plane1_22_of_30.png,FETAL_PLANES_DB,not head,Other,,4,train,Aloka
Patient00004_Plane1_23_of_30.png,FETAL_PLANES_DB,not head,Other,,4,train,Aloka
Patient00004_Plane1_24_of_30.png,FETAL_PLANES_DB,not head,Other,,4,train,Aloka
Patient00004_Plane1_25_of_30.png,FETAL_PLANES_DB,not head,Other,,4,train,Aloka
Patient00004_Plane1_26_of_30.png,FETAL_PLANES_DB,not head,Other,,4,train,Aloka
Patient00004_Plane1_27_of_30.png,FETAL_PLANES_DB,not head,Other,,4,train,Aloka
Patient00004_Plane1_28_of_30.png,FETAL_PLANES_DB,not head,Other,,4,train,Aloka
Patient00004_Plane1_29_of_30.png,FETAL_PLANES_DB,not head,Other,,4,train,Aloka
Patient00004_Plane1_30_of_30.png,FETAL_PLANES_DB,not head,Other,,4,train,Aloka
Patient00007_Plane1_1_of_34.png,FETAL_PLANES_DB,not head,Other,,7,train,Aloka
Patient00007_Plane1_2_of_34.png,FETAL_PLANES_DB,not head,Other,,7,train,Aloka
Patient00007_Plane1_3_of_34.png,FETAL_PLANES_DB,not head,Other,,7,train,Aloka
Patient00007_Plane1_4_of_34.png,FETAL_PLANES_DB,not head,Other,,7,train,Aloka
Patient00007_Plane1_5_of_34.png,FETAL_PLANES_DB,not head,Other,,7,train,Aloka
Patient00007_Plane1_6_of_34.png,FETAL_PLANES_DB,not head,Other,,7,train,Aloka
Patient00007_Plane1_7_of_34.png,FETAL_PLANES_DB,not head,Other,,7,train,Aloka
Patient00007_Plane1_8_of_34.png,FETAL_PLANES_DB,not head,Other,,7,train,Aloka
Patient00007_Plane1_9_of_34.png,FETAL_PLANES_DB,not head,Other,,7,train,Aloka
Patient00007_Plane1_10_of_34.png,FETAL_PLANES_DB,not head,Other,,7,train,Aloka
Patient00007_Plane1_11_of_34.png,FETAL_PLANES_DB,not head,Other,,7,train,Aloka
Patient00007_Plane1_12_of_34.png,FETAL_PLANES_DB,not head,Other,,7,train,Aloka
Patient00007_Plane1_13_of_34.png,FETAL_PLANES_DB,not head,Other,,7,train,Aloka
Patient00007_Plane1_14_of_34.png,FETAL_PLANES_DB,not head,Other,,7,train,Aloka
Patient00007_Plane1_15_of_34.png,FETAL_PLANES_DB,not head,Other,,7,train,Aloka
Patient00007_Plane1_16_of_34.png,FETAL_PLANES_DB,not head,Other,,7,train,Aloka
Patient00007_Plane1_17_of_34.png,FETAL_PLANES_DB,not head,Other,,7,train,Aloka
Patient00007_Plane1_18_of_34.png,FETAL_PLANES_DB,not head,Other,,7,train,Aloka
Patient00007_Plane1_19_of_34.png,FETAL_PLANES_DB,not head,Other,,7,train,Aloka
Patient00007_Plane1_20_of_34.png,FETAL_PLANES_DB,not head,Other,,7,train,Aloka
Patient00007_Plane1_21_of_34.png,FETAL_PLANES_DB,not head,Other,,7,train,Aloka
Patient00007_Plane1_22_of_34.png,FETAL_PLANES_DB,not head,Other,,7,train,Aloka
Patient00007_Plane1_23_of_34.png,FETAL_PLANES_DB,not head,Other,,7,train,Aloka
Patient00007_Plane1_24_of_34.png,FETAL_PLANES_DB,not head,Other,,7,train,Aloka
Patient00007_Plane1_25_of_34.png,FETAL_PLANES_DB,not head,Other,,7,train,Aloka
Patient00007_Plane1_26_of_34.png,FETAL_PLANES_DB,not head,Other,,7,train,Aloka
Patient00007_Plane1_27_of_34.png,FETAL_PLANES_DB,not head,Other,,7,train,Aloka
Patient00007_Plane1_28_of_34.png,FETAL_PLANES_DB,not head,Other,,7,train,Aloka
Patient00007_Plane1_29_of_34.png,FETAL_PLANES_DB,not head,Other,,7,train,Aloka
Patient00007_Plane1_30_of_34.png,FETAL_PLANES_DB,not head,Other,,7,train,Aloka
Patient00007_Plane1_31_of_34.png,FETAL_PLANES_DB,not head,Other,,7,train,Aloka
Patient00007_Plane1_32_of_34.png,FETAL_PLANES_DB,not head,Other,,7,train,Aloka
Patient00007_Plane1_33_of_34.png,FETAL_PLANES_DB,not head,Other,,7,train,Aloka
Patient00007_Plane1_34_of_34.png,FETAL_PLANES_DB,not head,Other,,7,train,Aloka
Patient00008_Plane1_1_of_31.png,FETAL_PLANES_DB,not head,Other,,8,train,Aloka
Patient00008_Plane1_2_of_31.png,FETAL_PLANES_DB,not head,Other,,8,train,Aloka
Patient00008_Plane1_3_of_31.png,FETAL_PLANES_DB,not head,Other,,8,train,Aloka
Patient00008_Plane1_4_of_31.png,FETAL_PLANES_DB,not head,Other,,8,train,Aloka
Patient00008_Plane1_5_of_31.png,FETAL_PLANES_DB,not head,Other,,8,train,Aloka
Patient00008_Plane1_6_of_31.png,FETAL_PLANES_DB,not head,Other,,8,train,Aloka
Patient00008_Plane1_7_of_31.png,FETAL_PLANES_DB,not head,Other,,8,train,Aloka
Patient00008_Plane1_8_of_31.png,FETAL_PLANES_DB,not head,Other,,8,train,Aloka
Patient00008_Plane1_9_of_31.png,FETAL_PLANES_DB,not head,Other,,8,train,Aloka
Patient00008_Plane1_10_of_31.png,FETAL_PLANES_DB,not head,Other,,8,train,Aloka
Patient00008_Plane1_11_of_31.png,FETAL_PLANES_DB,not head,Other,,8,train,Aloka
Patient00008_Plane1_12_of_31.png,FETAL_PLANES_DB,not head,Other,,8,train,Aloka
Patient00008_Plane1_13_of_31.png,FETAL_PLANES_DB,not head,Other,,8,train,Aloka
Patient00008_Plane1_14_of_31.png,FETAL_PLANES_DB,not head,Other,,8,train,Aloka
Patient00008_Plane1_15_of_31.png,FETAL_PLANES_DB,not head,Other,,8,train,Aloka
Patient00008_Plane1_16_of_31.png,FETAL_PLANES_DB,not head,Other,,8,train,Aloka
Patient00008_Plane1_17_of_31.png,FETAL_PLANES_DB,not head,Other,,8,train,Aloka
Patient00008_Plane1_18_of_31.png,FETAL_PLANES_DB,not head,Other,,8,train,Aloka
Patient00008_Plane1_19_of_31.png,FETAL_PLANES_DB,not head,Other,,8,train,Aloka
Patient00008_Plane1_20_of_31.png,FETAL_PLANES_DB,not head,Other,,8,train,Aloka
Patient00008_Plane1_21_of_31.png,FETAL_PLANES_DB,not head,Other,,8,train,Aloka
Patient00008_Plane1_22_of_31.png,FETAL_PLANES_DB,not head,Other,,8,train,Aloka
Patient00008_Plane1_23_of_31.png,FETAL_PLANES_DB,not head,Other,,8,train,Aloka
Patient00008_Plane1_24_of_31.png,FETAL_PLANES_DB,not head,Other,,8,train,Aloka
Patient00008_Plane1_25_of_31.png,FETAL_PLANES_DB,not head,Other,,8,train,Aloka
Patient00008_Plane1_26_of_31.png,FETAL_PLANES_DB,not head,Other,,8,train,Aloka
Patient00008_Plane1_27_of_31.png,FETAL_PLANES_DB,not head,Other,,8,train,Aloka
Patient00008_Plane1_28_of_31.png,FETAL_PLANES_DB,not head,Other,,8,train,Aloka
Patient00008_Plane1_29_of_31.png,FETAL_PLANES_DB,not head,Other,,8,train,Aloka
Patient00008_Plane1_30_of_31.png,FETAL_PLANES_DB,not head,Other,,8,train,Aloka
Patient00008_Plane1_31_of_31.png,FETAL_PLANES_DB,not head,Other,,8,train,Aloka
Patient00010_Plane1_1_of_14.png,FETAL_PLANES_DB,not head,Other,,10,train,Aloka
Patient00010_Plane1_2_of_14.png,FETAL_PLANES_DB,not head,Other,,10,train,Aloka
Patient00010_Plane1_3_of_14.png,FETAL_PLANES_DB,not head,Other,,10,train,Aloka
Patient00010_Plane1_4_of_14.png,FETAL_PLANES_DB,not head,Other,,10,train,Aloka
Patient00010_Plane1_5_of_14.png,FETAL_PLANES_DB,not head,Other,,10,train,Aloka
Patient00010_Plane1_6_of_14.png,FETAL_PLANES_DB,not head,Other,,10,train,Aloka
Patient00010_Plane1_7_of_14.png,FETAL_PLANES_DB,not head,Other,,10,train,Aloka
Patient00010_Plane1_8_of_14.png,FETAL_PLANES_DB,not head,Other,,10,train,Aloka
Patient00010_Plane1_9_of_14.png,FETAL_PLANES_DB,not head,Other,,10,train,Aloka
Patient00010_Plane1_10_of_14.png,FETAL_PLANES_DB,not head,Other,,10,train,Aloka
Patient00010_Plane1_11_of_14.png,FETAL_PLANES_DB,not head,Other,,10,train,Aloka
Patient00010_Plane1_12_of_14.png,FETAL_PLANES_DB,not head,Other,,10,train,Aloka
Patient00010_Plane1_13_of_14.png,FETAL_PLANES_DB,not head,Other,,10,train,Aloka
Patient00010_Plane1_14_of_14.png,FETAL_PLANES_DB,not head,Other,,10,train,Aloka
Patient00013_Plane1_1_of_20.png,FETAL_PLANES_DB,not head,Other,,13,train,Aloka
Patient00013_Plane1_2_of_20.png,FETAL_PLANES_DB,not head,Other,,13,train,Aloka
Patient00013_Plane1_3_of_20.png,FETAL_PLANES_DB,not head,Other,,13,train,Aloka
Patient00013_Plane1_4_of_20.png,FETAL_PLANES_DB,not head,Other,,13,train,Aloka
Patient00013_Plane1_5_of_20.png,FETAL_PLANES_DB,not head,Other,,13,train,Aloka
Patient00013_Plane1_6_of_20.png,FETAL_PLANES_DB,not head,Other,,13,train,Aloka
Patient00013_Plane1_7_of_20.png,FETAL_PLANES_DB,not head,Other,,13,train,Aloka
Patient00013_Plane1_8_of_20.png,FETAL_PLANES_DB,not head,Other,,13,train,Aloka
Patient00013_Plane1_9_of_20.png,FETAL_PLANES_DB,not head,Other,,13,train,Aloka
Patient00013_Plane1_10_of_20.png,FETAL_PLANES_DB,not head,Other,,13,train,Aloka
Patient00013_Plane1_11_of_20.png,FETAL_PLANES_DB,not head,Other,,13,train,Aloka
Patient00013_Plane1_12_of_20.png,FETAL_PLANES_DB,not head,Other,,13,train,Aloka
Patient00013_Plane1_13_of_20.png,FETAL_PLANES_DB,not head,Other,,13,train,Aloka
Patient00013_Plane1_14_of_20.png,FETAL_PLANES_DB,not head,Other,,13,train,Aloka
Patient00013_Plane1_15_of_20.png,FETAL_PLANES_DB,not head,Other,,13,train,Aloka
Patient00013_Plane1_16_of_20.png,FETAL_PLANES_DB,not head,Other,,13,train,Aloka
Patient00013_Plane1_17_of_20.png,FETAL_PLANES_DB,not head,Other,,13,train,Aloka
Patient00013_Plane1_18_of_20.png,FETAL_PLANES_DB,not head,Other,,13,train,Aloka
Patient00013_Plane1_19_of_20.png,FETAL_PLANES_DB,not head,Other,,13,train,Aloka
Patient00013_Plane1_20_of_20.png,FETAL_PLANES_DB,not head,Other,,13,train,Aloka
Patient00015_Plane1_1_of_18.png,FETAL_PLANES_DB,not head,Other,,15,train,Aloka
Patient00015_Plane1_2_of_18.png,FETAL_PLANES_DB,not head,Other,,15,train,Aloka
Patient00015_Plane1_3_of_18.png,FETAL_PLANES_DB,not head,Other,,15,train,Aloka
Patient00015_Plane1_4_of_18.png,FETAL_PLANES_DB,not head,Other,,15,train,Aloka
Patient00015_Plane1_5_of_18.png,FETAL_PLANES_DB,not head,Other,,15,train,Aloka
Patient00015_Plane1_6_of_18.png,FETAL_PLANES_DB,not head,Other,,15,train,Aloka
Patient00015_Plane1_7_of_18.png,FETAL_PLANES_DB,not head,Other,,15,train,Aloka
Patient00015_Plane1_8_of_18.png,FETAL_PLANES_DB,not head,Other,,15,train,Aloka
Patient00015_Plane1_9_of_18.png,FETAL_PLANES_DB,not head,Other,,15,train,Aloka
Patient00015_Plane1_10_of_18.png,FETAL_PLANES_DB,not head,Other,,15,train,Aloka
Patient00015_Plane1_11_of_18.png,FETAL_PLANES_DB,not head,Other,,15,train,Aloka
Patient00015_Plane1_12_of_18.png,FETAL_PLANES_DB,not head,Other,,15,train,Aloka
Patient00015_Plane1_13_of_18.png,FETAL_PLANES_DB,not head,Other,,15,train,Aloka
Patient00015_Plane1_14_of_18.png,FETAL_PLANES_DB,not head,Other,,15,train,Aloka
Patient00015_Plane1_15_of_18.png,FETAL_PLANES_DB,not head,Other,,15,train,Aloka
Patient00015_Plane1_16_of_18.png,FETAL_PLANES_DB,not head,Other,,15,train,Aloka
Patient00015_Plane1_17_of_18.png,FETAL_PLANES_DB,not head,Other,,15,train,Aloka
Patient00015_Plane1_18_of_18.png,FETAL_PLANES_DB,not head,Other,,15,train,Aloka
Patient00017_Plane1_1_of_14.png,FETAL_PLANES_DB,not head,Other,,17,train,Aloka
Patient00017_Plane1_2_of_14.png,FETAL_PLANES_DB,not head,Other,,17,train,Aloka
Patient00017_Plane1_3_of_14.png,FETAL_PLANES_DB,not head,Other,,17,train,Aloka
Patient00017_Plane1_4_of_14.png,FETAL_PLANES_DB,not head,Other,,17,train,Aloka
Patient00017_Plane1_5_of_14.png,FETAL_PLANES_DB,not head,Other,,17,train,Aloka
Patient00017_Plane1_6_of_14.png,FETAL_PLANES_DB,not head,Other,,17,train,Aloka
Patient00017_Plane1_7_of_14.png,FETAL_PLANES_DB,not head,Other,,17,train,Aloka
Patient00017_Plane1_8_of_14.png,FETAL_PLANES_DB,not head,Other,,17,train,Aloka
Patient00017_Plane1_9_of_14.png,FETAL_PLANES_DB,not head,Other,,17,train,Aloka
Patient00017_Plane1_10_of_14.png,FETAL_PLANES_DB,not head,Other,,17,train,Aloka
Patient00017_Plane1_11_of_14.png,FETAL_PLANES_DB,not head,Other,,17,train,Aloka
Patient00017_Plane1_12_of_14.png,FETAL_PLANES_DB,not head,Other,,17,train,Aloka
Patient00017_Plane1_13_of_14.png,FETAL_PLANES_DB,not head,Other,,17,train,Aloka
Patient00017_Plane1_14_of_14.png,FETAL_PLANES_DB,not head,Other,,17,train,Aloka
Patient00019_Plane1_1_of_18.png,FETAL_PLANES_DB,not head,Other,,19,train,Aloka
Patient00019_Plane1_2_of_18.png,FETAL_PLANES_DB,not head,Other,,19,train,Aloka
Patient00019_Plane1_3_of_18.png,FETAL_PLANES_DB,not head,Other,,19,train,Aloka
Patient00019_Plane1_4_of_18.png,FETAL_PLANES_DB,not head,Other,,19,train,Aloka
Patient00019_Plane1_5_of_18.png,FETAL_PLANES_DB,not head,Other,,19,train,Aloka
Patient00019_Plane1_6_of_18.png,FETAL_PLANES_DB,not head,Other,,19,train,Aloka
Patient00019_Plane1_7_of_18.png,FETAL_PLANES_DB,not head,Other,,19,train,Aloka
Patient00019_Plane1_8_of_18.png,FETAL_PLANES_DB,not head,Other,,19,train,Aloka
Patient00019_Plane1_9_of_18.png,FETAL_PLANES_DB,not head,Other,,19,train,Aloka
Patient00019_Plane1_10_of_18.png,FETAL_PLANES_DB,not head,Other,,19,train,Aloka
Patient00019_Plane1_11_of_18.png,FETAL_PLANES_DB,not head,Other,,19,train,Aloka
Patient00019_Plane1_12_of_18.png,FETAL_PLANES_DB,not head,Other,,19,train,Aloka
Patient00019_Plane1_13_of_18.png,FETAL_PLANES_DB,not head,Other,,19,train,Aloka
Patient00019_Plane1_14_of_18.png,FETAL_PLANES_DB,not head,Other,,19,train,Aloka
Patient00019_Plane1_15_of_18.png,FETAL_PLANES_DB,not head,Other,,19,train,Aloka
Patient00019_Plane1_16_of_18.png,FETAL_PLANES_DB,not head,Other,,19,train,Aloka
Patient00019_Plane1_17_of_18.png,FETAL_PLANES_DB,not head,Other,,19,train,Aloka
Patient00019_Plane1_18_of_18.png,FETAL_PLANES_DB,not head,Other,,19,train,Aloka
Patient00021_Plane1_1_of_22.png,FETAL_PLANES_DB,not head,Other,,21,train,Aloka
Patient00021_Plane1_2_of_22.png,FETAL_PLANES_DB,not head,Other,,21,train,Aloka
Patient00021_Plane1_3_of_22.png,FETAL_PLANES_DB,not head,Other,,21,train,Aloka
Patient00021_Plane1_4_of_22.png,FETAL_PLANES_DB,not head,Other,,21,train,Aloka
Patient00021_Plane1_5_of_22.png,FETAL_PLANES_DB,not head,Other,,21,train,Aloka
Patient00021_Plane1_6_of_22.png,FETAL_PLANES_DB,not head,Other,,21,train,Aloka
Patient00021_Plane1_7_of_22.png,FETAL_PLANES_DB,not head,Other,,21,train,Aloka
Patient00021_Plane1_8_of_22.png,FETAL_PLANES_DB,not head,Other,,21,train,Aloka
Patient00021_Plane1_9_of_22.png,FETAL_PLANES_DB,not head,Other,,21,train,Aloka
Patient00021_Plane1_10_of_22.png,FETAL_PLANES_DB,not head,Other,,21,train,Aloka
Patient00021_Plane1_11_of_22.png,FETAL_PLANES_DB,not head,Other,,21,train,Aloka
Patient00021_Plane1_12_of_22.png,FETAL_PLANES_DB,not head,Other,,21,train,Aloka
Patient00021_Plane1_13_of_22.png,FETAL_PLANES_DB,not head,Other,,21,train,Aloka
Patient00021_Plane1_14_of_22.png,FETAL_PLANES_DB,not head,Other,,21,train,Aloka
Patient00021_Plane1_15_of_22.png,FETAL_PLANES_DB,not head,Other,,21,train,Aloka
Patient00021_Plane1_16_of_22.png,FETAL_PLANES_DB,not head,Other,,21,train,Aloka
Patient00021_Plane1_17_of_22.png,FETAL_PLANES_DB,not head,Other,,21,train,Aloka
Patient00021_Plane1_18_of_22.png,FETAL_PLANES_DB,not head,Other,,21,train,Aloka
Patient00021_Plane1_19_of_22.png,FETAL_PLANES_DB,not head,Other,,21,train,Aloka
Patient00021_Plane1_20_of_22.png,FETAL_PLANES_DB,not head,Other,,21,train,Aloka
Patient00021_Plane1_21_of_22.png,FETAL_PLANES_DB,not head,Other,,21,train,Aloka
Patient00021_Plane1_22_of_22.png,FETAL_PLANES_DB,not head,Other,,21,train,Aloka
Patient00022_Plane1_1_of_12.png,FETAL_PLANES_DB,not head,Other,,22,train,Aloka
Patient00022_Plane1_2_of_12.png,FETAL_PLANES_DB,not head,Other,,22,train,Aloka
Patient00022_Plane1_3_of_12.png,FETAL_PLANES_DB,not head,Other,,22,train,Aloka
Patient00022_Plane1_4_of_12.png,FETAL_PLANES_DB,not head,Other,,22,train,Aloka
Patient00022_Plane1_5_of_12.png,FETAL_PLANES_DB,not head,Other,,22,train,Aloka
Patient00022_Plane1_6_of_12.png,FETAL_PLANES_DB,not head,Other,,22,train,Aloka
Patient00022_Plane1_7_of_12.png,FETAL_PLANES_DB,not head,Other,,22,train,Aloka
Patient00022_Plane1_8_of_12.png,FETAL_PLANES_DB,not head,Other,,22,train,Aloka
Patient00022_Plane1_9_of_12.png,FETAL_PLANES_DB,not head,Other,,22,train,Aloka
Patient00022_Plane1_10_of_12.png,FETAL_PLANES_DB,not head,Other,,22,train,Aloka
Patient00022_Plane1_11_of_12.png,FETAL_PLANES_DB,not head,Other,,22,train,Aloka
Patient00022_Plane1_12_of_12.png,FETAL_PLANES_DB,not head,Other,,22,train,Aloka
Patient00023_Plane1_1_of_16.png,FETAL_PLANES_DB,not head,Other,,23,train,Aloka
Patient00023_Plane1_2_of_16.png,FETAL_PLANES_DB,not head,Other,,23,train,Aloka
Patient00023_Plane1_3_of_16.png,FETAL_PLANES_DB,not head,Other,,23,train,Aloka
Patient00023_Plane1_4_of_16.png,FETAL_PLANES_DB,not head,Other,,23,train,Aloka
Patient00023_Plane1_5_of_16.png,FETAL_PLANES_DB,not head,Other,,23,train,Aloka
Patient00023_Plane1_6_of_16.png,FETAL_PLANES_DB,not head,Other,,23,train,Aloka
Patient00023_Plane1_7_of_16.png,FETAL_PLANES_DB,not head,Other,,23,train,Aloka
Patient00023_Plane1_8_of_16.png,FETAL_PLANES_DB,not head,Other,,23,train,Aloka
Patient00023_Plane1_9_of_16.png,FETAL_PLANES_DB,not head,Other,,23,train,Aloka
Patient00023_Plane1_10_of_16.png,FETAL_PLANES_DB,not head,Other,,23,train,Aloka
Patient00023_Plane1_11_of_16.png,FETAL_PLANES_DB,not head,Other,,23,train,Aloka
Patient00023_Plane1_12_of_16.png,FETAL_PLANES_DB,not head,Other,,23,train,Aloka
Patient00023_Plane1_13_of_16.png,FETAL_PLANES_DB,not head,Other,,23,train,Aloka
Patient00023_Plane1_14_of_16.png,FETAL_PLANES_DB,not head,Other,,23,train,Aloka
Patient00023_Plane1_15_of_16.png,FETAL_PLANES_DB,not head,Other,,23,train,Aloka
Patient00023_Plane1_16_of_16.png,FETAL_PLANES_DB,not head,Other,,23,train,Aloka
Patient00024_Plane1_1_of_16.png,FETAL_PLANES_DB,not head,Other,,24,train,Aloka
Patient00024_Plane1_2_of_16.png,FETAL_PLANES_DB,not head,Other,,24,train,Aloka
Patient00024_Plane1_3_of_16.png,FETAL_PLANES_DB,not head,Other,,24,train,Aloka
Patient00024_Plane1_4_of_16.png,FETAL_PLANES_DB,not head,Other,,24,train,Aloka
Patient00024_Plane1_5_of_16.png,FETAL_PLANES_DB,not head,Other,,24,train,Aloka
Patient00024_Plane1_6_of_16.png,FETAL_PLANES_DB,not head,Other,,24,train,Aloka
Patient00024_Plane1_7_of_16.png,FETAL_PLANES_DB,not head,Other,,24,train,Aloka
Patient00024_Plane1_8_of_16.png,FETAL_PLANES_DB,not head,Other,,24,train,Aloka
Patient00024_Plane1_9_of_16.png,FETAL_PLANES_DB,not head,Other,,24,train,Aloka
Patient00024_Plane1_10_of_16.png,FETAL_PLANES_DB,not head,Other,,24,train,Aloka
Patient00024_Plane1_11_of_16.png,FETAL_PLANES_DB,not head,Other,,24,train,Aloka
Patient00024_Plane1_12_of_16.png,FETAL_PLANES_DB,not head,Other,,24,train,Aloka
Patient00024_Plane1_13_of_16.png,FETAL_PLANES_DB,not head,Other,,24,train,Aloka
Patient00024_Plane1_14_of_16.png,FETAL_PLANES_DB,not head,Other,,24,train,Aloka
Patient00024_Plane1_15_of_16.png,FETAL_PLANES_DB,not head,Other,,24,train,Aloka
Patient00024_Plane1_16_of_16.png,FETAL_PLANES_DB,not head,Other,,24,train,Aloka
Patient00025_Plane1_1_of_15.png,FETAL_PLANES_DB,not head,Other,,25,train,Aloka
Patient00025_Plane1_2_of_15.png,FETAL_PLANES_DB,not head,Other,,25,train,Aloka
Patient00025_Plane1_3_of_15.png,FETAL_PLANES_DB,not head,Other,,25,train,Aloka
Patient00025_Plane1_4_of_15.png,FETAL_PLANES_DB,not head,Other,,25,train,Aloka
Patient00025_Plane1_5_of_15.png,FETAL_PLANES_DB,not head,Other,,25,train,Aloka
Patient00025_Plane1_6_of_15.png,FETAL_PLANES_DB,not head,Other,,25,train,Aloka
Patient00025_Plane1_7_of_15.png,FETAL_PLANES_DB,not head,Other,,25,train,Aloka
Patient00025_Plane1_8_of_15.png,FETAL_PLANES_DB,not head,Other,,25,train,Aloka
Patient00025_Plane1_9_of_15.png,FETAL_PLANES_DB,not head,Other,,25,train,Aloka
Patient00025_Plane1_10_of_15.png,FETAL_PLANES_DB,not head,Other,,25,train,Aloka
Patient00025_Plane1_11_of_15.png,FETAL_PLANES_DB,not head,Other,,25,train,Aloka
Patient00025_Plane1_12_of_15.png,FETAL_PLANES_DB,not head,Other,,25,train,Aloka
Patient00025_Plane1_13_of_15.png,FETAL_PLANES_DB,not head,Other,,25,train,Aloka
Patient00025_Plane1_14_of_15.png,FETAL_PLANES_DB,not head,Other,,25,train,Aloka
Patient00025_Plane1_15_of_15.png,FETAL_PLANES_DB,not head,Other,,25,train,Aloka
Patient00026_Plane1_1_of_25.png,FETAL_PLANES_DB,not head,Other,,26,train,Aloka
Patient00026_Plane1_2_of_25.png,FETAL_PLANES_DB,not head,Other,,26,train,Aloka
Patient00026_Plane1_3_of_25.png,FETAL_PLANES_DB,not head,Other,,26,train,Aloka
Patient00026_Plane1_4_of_25.png,FETAL_PLANES_DB,not head,Other,,26,train,Aloka
Patient00026_Plane1_5_of_25.png,FETAL_PLANES_DB,not head,Other,,26,train,Aloka
Patient00026_Plane1_6_of_25.png,FETAL_PLANES_DB,not head,Other,,26,train,Aloka
Patient00026_Plane1_7_of_25.png,FETAL_PLANES_DB,not head,Other,,26,train,Aloka
Patient00026_Plane1_8_of_25.png,FETAL_PLANES_DB,not head,Other,,26,train,Aloka
Patient00026_Plane1_9_of_25.png,FETAL_PLANES_DB,not head,Other,,26,train,Aloka
Patient00026_Plane1_10_of_25.png,FETAL_PLANES_DB,not head,Other,,26,train,Aloka
Patient00026_Plane1_11_of_25.png,FETAL_PLANES_DB,not head,Other,,26,train,Aloka
Patient00026_Plane1_12_of_25.png,FETAL_PLANES_DB,not head,Other,,26,train,Aloka
Patient00026_Plane1_13_of_25.png,FETAL_PLANES_DB,not head,Other,,26,train,Aloka
Patient00026_Plane1_14_of_25.png,FETAL_PLANES_DB,not head,Other,,26,train,Aloka
Patient00026_Plane1_15_of_25.png,FETAL_PLANES_DB,not head,Other,,26,train,Aloka
Patient00026_Plane1_16_of_25.png,FETAL_PLANES_DB,not head,Other,,26,train,Aloka
Patient00026_Plane1_17_of_25.png,FETAL_PLANES_DB,not head,Other,,26,train,Aloka
Patient00026_Plane1_18_of_25.png,FETAL_PLANES_DB,not head,Other,,26,train,Aloka
Patient00026_Plane1_19_of_25.png,FETAL_PLANES_DB,not head,Other,,26,train,Aloka
Patient00026_Plane1_20_of_25.png,FETAL_PLANES_DB,not head,Other,,26,train,Aloka
Patient00026_Plane1_21_of_25.png,FETAL_PLANES_DB,not head,Other,,26,train,Aloka
Patient00026_Plane1_22_of_25.png,FETAL_PLANES_DB,not head,Other,,26,train,Aloka
Patient00026_Plane1_23_of_25.png,FETAL_PLANES_DB,not head,Other,,26,train,Aloka
Patient00026_Plane1_24_of_25.png,FETAL_PLANES_DB,not head,Other,,26,train,Aloka
Patient00026_Plane1_25_of_25.png,FETAL_PLANES_DB,not head,Other,,26,train,Aloka
Patient00027_Plane1_1_of_14.png,FETAL_PLANES_DB,not head,Other,,27,train,Aloka
Patient00027_Plane1_2_of_14.png,FETAL_PLANES_DB,not head,Other,,27,train,Aloka
Patient00027_Plane1_3_of_14.png,FETAL_PLANES_DB,not head,Other,,27,train,Aloka
Patient00027_Plane1_4_of_14.png,FETAL_PLANES_DB,not head,Other,,27,train,Aloka
Patient00027_Plane1_5_of_14.png,FETAL_PLANES_DB,not head,Other,,27,train,Aloka
Patient00027_Plane1_6_of_14.png,FETAL_PLANES_DB,not head,Other,,27,train,Aloka
Patient00027_Plane1_7_of_14.png,FETAL_PLANES_DB,not head,Other,,27,train,Aloka
Patient00027_Plane1_8_of_14.png,FETAL_PLANES_DB,not head,Other,,27,train,Aloka
Patient00027_Plane1_9_of_14.png,FETAL_PLANES_DB,not head,Other,,27,train,Aloka
Patient00027_Plane1_10_of_14.png,FETAL_PLANES_DB,not head,Other,,27,train,Aloka
Patient00027_Plane1_11_of_14.png,FETAL_PLANES_DB,not head,Other,,27,train,Aloka
Patient00027_Plane1_12_of_14.png,FETAL_PLANES_DB,not head,Other,,27,train,Aloka
Patient00027_Plane1_13_of_14.png,FETAL_PLANES_DB,not head,Other,,27,train,Aloka
Patient00027_Plane1_14_of_14.png,FETAL_PLANES_DB,not head,Other,,27,train,Aloka
Patient00029_Plane1_1_of_16.png,FETAL_PLANES_DB,not head,Other,,29,train,Aloka
Patient00029_Plane1_2_of_16.png,FETAL_PLANES_DB,not head,Other,,29,train,Aloka
Patient00029_Plane1_3_of_16.png,FETAL_PLANES_DB,not head,Other,,29,train,Aloka
Patient00029_Plane1_4_of_16.png,FETAL_PLANES_DB,not head,Other,,29,train,Aloka
Patient00029_Plane1_5_of_16.png,FETAL_PLANES_DB,not head,Other,,29,train,Aloka
Patient00029_Plane1_6_of_16.png,FETAL_PLANES_DB,not head,Other,,29,train,Aloka
Patient00029_Plane1_7_of_16.png,FETAL_PLANES_DB,not head,Other,,29,train,Aloka
Patient00029_Plane1_8_of_16.png,FETAL_PLANES_DB,not head,Other,,29,train,Aloka
Patient00029_Plane1_9_of_16.png,FETAL_PLANES_DB,not head,Other,,29,train,Aloka
Patient00029_Plane1_10_of_16.png,FETAL_PLANES_DB,not head,Other,,29,train,Aloka
Patient00029_Plane1_11_of_16.png,FETAL_PLANES_DB,not head,Other,,29,train,Aloka
Patient00029_Plane1_12_of_16.png,FETAL_PLANES_DB,not head,Other,,29,train,Aloka
Patient00029_Plane1_13_of_16.png,FETAL_PLANES_DB,not head,Other,,29,train,Aloka
Patient00029_Plane1_14_of_16.png,FETAL_PLANES_DB,not head,Other,,29,train,Aloka
Patient00029_Plane1_15_of_16.png,FETAL_PLANES_DB,not head,Other,,29,train,Aloka
Patient00029_Plane1_16_of_16.png,FETAL_PLANES_DB,not head,Other,,29,train,Aloka
Patient00030_Plane1_1_of_35.png,FETAL_PLANES_DB,not head,Other,,30,train,Aloka
Patient00030_Plane1_2_of_35.png,FETAL_PLANES_DB,not head,Other,,30,train,Aloka
Patient00030_Plane1_3_of_35.png,FETAL_PLANES_DB,not head,Other,,30,train,Aloka
Patient00030_Plane1_4_of_35.png,FETAL_PLANES_DB,not head,Other,,30,train,Aloka
Patient00030_Plane1_5_of_35.png,FETAL_PLANES_DB,not head,Other,,30,train,Aloka
Patient00030_Plane1_6_of_35.png,FETAL_PLANES_DB,not head,Other,,30,train,Aloka
Patient00030_Plane1_7_of_35.png,FETAL_PLANES_DB,not head,Other,,30,train,Aloka
Patient00030_Plane1_8_of_35.png,FETAL_PLANES_DB,not head,Other,,30,train,Aloka
Patient00030_Plane1_9_of_35.png,FETAL_PLANES_DB,not head,Other,,30,train,Aloka
Patient00030_Plane1_10_of_35.png,FETAL_PLANES_DB,not head,Other,,30,train,Aloka
Patient00030_Plane1_11_of_35.png,FETAL_PLANES_DB,not head,Other,,30,train,Aloka
Patient00030_Plane1_12_of_35.png,FETAL_PLANES_DB,not head,Other,,30,train,Aloka
Patient00030_Plane1_13_of_35.png,FETAL_PLANES_DB,not head,Other,,30,train,Aloka
Patient00030_Plane1_14_of_35.png,FETAL_PLANES_DB,not head,Other,,30,train,Aloka
Patient00030_Plane1_15_of_35.png,FETAL_PLANES_DB,not head,Other,,30,train,Aloka
Patient00030_Plane1_16_of_35.png,FETAL_PLANES_DB,not head,Other,,30,train,Aloka
Patient00030_Plane1_17_of_35.png,FETAL_PLANES_DB,not head,Other,,30,train,Aloka
Patient00030_Plane1_18_of_35.png,FETAL_PLANES_DB,not head,Other,,30,train,Aloka
Patient00030_Plane1_19_of_35.png,FETAL_PLANES_DB,not head,Other,,30,train,Aloka
Patient00030_Plane1_20_of_35.png,FETAL_PLANES_DB,not head,Other,,30,train,Aloka
Patient00030_Plane1_21_of_35.png,FETAL_PLANES_DB,not head,Other,,30,train,Aloka
Patient00030_Plane1_22_of_35.png,FETAL_PLANES_DB,not head,Other,,30,train,Aloka
Patient00030_Plane1_23_of_35.png,FETAL_PLANES_DB,not head,Other,,30,train,Aloka
Patient00030_Plane1_24_of_35.png,FETAL_PLANES_DB,not head,Other,,30,train,Aloka
Patient00030_Plane1_25_of_35.png,FETAL_PLANES_DB,not head,Other,,30,train,Aloka
Patient00030_Plane1_26_of_35.png,FETAL_PLANES_DB,not head,Other,,30,train,Aloka
Patient00030_Plane1_27_of_35.png,FETAL_PLANES_DB,not head,Other,,30,train,Aloka
Patient00030_Plane1_28_of_35.png,FETAL_PLANES_DB,not head,Other,,30,train,Aloka
Patient00030_Plane1_29_of_35.png,FETAL_PLANES_DB,not head,Other,,30,train,Aloka
Patient00030_Plane1_30_of_35.png,FETAL_PLANES_DB,not head,Other,,30,train,Aloka
Patient00030_Plane1_31_of_35.png,FETAL_PLANES_DB,not head,Other,,30,train,Aloka
Patient00030_Plane1_32_of_35.png,FETAL_PLANES_DB,not head,Other,,30,train,Aloka
Patient00030_Plane1_33_of_35.png,FETAL_PLANES_DB,not head,Other,,30,train,Aloka
Patient00030_Plane1_34_of_35.png,FETAL_PLANES_DB,not head,Other,,30,train,Aloka
Patient00030_Plane1_35_of_35.png,FETAL_PLANES_DB,not head,Other,,30,train,Aloka
Patient00031_Plane1_1_of_42.png,FETAL_PLANES_DB,not head,Other,,31,train,Aloka
Patient00031_Plane1_2_of_42.png,FETAL_PLANES_DB,not head,Other,,31,train,Aloka
Patient00031_Plane1_3_of_42.png,FETAL_PLANES_DB,not head,Other,,31,train,Aloka
Patient00031_Plane1_4_of_42.png,FETAL_PLANES_DB,not head,Other,,31,train,Aloka
Patient00031_Plane1_5_of_42.png,FETAL_PLANES_DB,not head,Other,,31,train,Aloka
Patient00031_Plane1_6_of_42.png,FETAL_PLANES_DB,not head,Other,,31,train,Aloka
Patient00031_Plane1_7_of_42.png,FETAL_PLANES_DB,not head,Other,,31,train,Aloka
Patient00031_Plane1_8_of_42.png,FETAL_PLANES_DB,not head,Other,,31,train,Aloka
Patient00031_Plane1_9_of_42.png,FETAL_PLANES_DB,not head,Other,,31,train,Aloka
Patient00031_Plane1_10_of_42.png,FETAL_PLANES_DB,not head,Other,,31,train,Aloka
Patient00031_Plane1_11_of_42.png,FETAL_PLANES_DB,not head,Other,,31,train,Aloka
Patient00031_Plane1_12_of_42.png,FETAL_PLANES_DB,not head,Other,,31,train,Aloka
Patient00031_Plane1_13_of_42.png,FETAL_PLANES_DB,not head,Other,,31,train,Aloka
Patient00031_Plane1_14_of_42.png,FETAL_PLANES_DB,not head,Other,,31,train,Aloka
Patient00031_Plane1_15_of_42.png,FETAL_PLANES_DB,not head,Other,,31,train,Aloka
Patient00031_Plane1_16_of_42.png,FETAL_PLANES_DB,not head,Other,,31,train,Aloka
Patient00031_Plane1_17_of_42.png,FETAL_PLANES_DB,not head,Other,,31,train,Aloka
Patient00031_Plane1_18_of_42.png,FETAL_PLANES_DB,not head,Other,,31,train,Aloka
Patient00031_Plane1_19_of_42.png,FETAL_PLANES_DB,not head,Other,,31,train,Aloka
Patient00031_Plane1_20_of_42.png,FETAL_PLANES_DB,not head,Other,,31,train,Aloka
Patient00031_Plane1_21_of_42.png,FETAL_PLANES_DB,not head,Other,,31,train,Aloka
Patient00031_Plane1_22_of_42.png,FETAL_PLANES_DB,not head,Other,,31,train,Aloka
Patient00031_Plane1_23_of_42.png,FETAL_PLANES_DB,not head,Other,,31,train,Aloka
Patient00031_Plane1_24_of_42.png,FETAL_PLANES_DB,not head,Other,,31,train,Aloka
Patient00031_Plane1_25_of_42.png,FETAL_PLANES_DB,not head,Other,,31,train,Aloka
Patient00031_Plane1_26_of_42.png,FETAL_PLANES_DB,not head,Other,,31,train,Aloka
Patient00031_Plane1_27_of_42.png,FETAL_PLANES_DB,not head,Other,,31,train,Aloka
Patient00031_Plane1_28_of_42.png,FETAL_PLANES_DB,not head,Other,,31,train,Aloka
Patient00031_Plane1_29_of_42.png,FETAL_PLANES_DB,not head,Other,,31,train,Aloka
Patient00031_Plane1_30_of_42.png,FETAL_PLANES_DB,not head,Other,,31,train,Aloka
Patient00031_Plane1_31_of_42.png,FETAL_PLANES_DB,not head,Other,,31,train,Aloka
Patient00031_Plane1_32_of_42.png,FETAL_PLANES_DB,not head,Other,,31,train,Aloka
Patient00031_Plane1_33_of_42.png,FETAL_PLANES_DB,not head,Other,,31,train,Aloka
Patient00031_Plane1_34_of_42.png,FETAL_PLANES_DB,not head,Other,,31,train,Aloka
Patient00031_Plane1_35_of_42.png,FETAL_PLANES_DB,not head,Other,,31,train,Aloka
Patient00031_Plane1_36_of_42.png,FETAL_PLANES_DB,not head,Other,,31,train,Aloka
Patient00031_Plane1_37_of_42.png,FETAL_PLANES_DB,not head,Other,,31,train,Aloka
Patient00031_Plane1_38_of_42.png,FETAL_PLANES_DB,not head,Other,,31,train,Aloka
Patient00031_Plane1_39_of_42.png,FETAL_PLANES_DB,not head,Other,,31,train,Aloka
Patient00031_Plane1_40_of_42.png,FETAL_PLANES_DB,not head,Other,,31,train,Aloka
Patient00031_Plane1_41_of_42.png,FETAL_PLANES_DB,not head,Other,,31,train,Aloka
Patient00031_Plane1_42_of_42.png,FETAL_PLANES_DB,not head,Other,,31,train,Aloka
Patient00032_Plane1_1_of_16.png,FETAL_PLANES_DB,not head,Other,,32,train,Aloka
Patient00032_Plane1_2_of_16.png,FETAL_PLANES_DB,not head,Other,,32,train,Aloka
Patient00032_Plane1_3_of_16.png,FETAL_PLANES_DB,not head,Other,,32,train,Aloka
Patient00032_Plane1_4_of_16.png,FETAL_PLANES_DB,not head,Other,,32,train,Aloka
Patient00032_Plane1_5_of_16.png,FETAL_PLANES_DB,not head,Other,,32,train,Aloka
Patient00032_Plane1_6_of_16.png,FETAL_PLANES_DB,not head,Other,,32,train,Aloka
Patient00032_Plane1_7_of_16.png,FETAL_PLANES_DB,not head,Other,,32,train,Aloka
Patient00032_Plane1_8_of_16.png,FETAL_PLANES_DB,not head,Other,,32,train,Aloka
Patient00032_Plane1_9_of_16.png,FETAL_PLANES_DB,not head,Other,,32,train,Aloka
Patient00032_Plane1_10_of_16.png,FETAL_PLANES_DB,not head,Other,,32,train,Aloka
Patient00032_Plane1_11_of_16.png,FETAL_PLANES_DB,not head,Other,,32,train,Aloka
Patient00032_Plane1_12_of_16.png,FETAL_PLANES_DB,not head,Other,,32,train,Aloka
Patient00032_Plane1_13_of_16.png,FETAL_PLANES_DB,not head,Other,,32,train,Aloka
Patient00032_Plane1_14_of_16.png,FETAL_PLANES_DB,not head,Other,,32,train,Aloka
Patient00032_Plane1_15_of_16.png,FETAL_PLANES_DB,not head,Other,,32,train,Aloka
Patient00032_Plane1_16_of_16.png,FETAL_PLANES_DB,not head,Other,,32,train,Aloka
Patient00034_Plane1_1_of_29.png,FETAL_PLANES_DB,not head,Other,,34,train,Aloka
Patient00034_Plane1_2_of_29.png,FETAL_PLANES_DB,not head,Other,,34,train,Aloka
Patient00034_Plane1_3_of_29.png,FETAL_PLANES_DB,not head,Other,,34,train,Aloka
Patient00034_Plane1_4_of_29.png,FETAL_PLANES_DB,not head,Other,,34,train,Aloka
Patient00034_Plane1_5_of_29.png,FETAL_PLANES_DB,not head,Other,,34,train,Aloka
Patient00034_Plane1_6_of_29.png,FETAL_PLANES_DB,not head,Other,,34,train,Aloka
Patient00034_Plane1_7_of_29.png,FETAL_PLANES_DB,not head,Other,,34,train,Aloka
Patient00034_Plane1_8_of_29.png,FETAL_PLANES_DB,not head,Other,,34,train,Aloka
Patient00034_Plane1_9_of_29.png,FETAL_PLANES_DB,not head,Other,,34,train,Aloka
Patient00034_Plane1_10_of_29.png,FETAL_PLANES_DB,not head,Other,,34,train,Aloka
Patient00034_Plane1_11_of_29.png,FETAL_PLANES_DB,not head,Other,,34,train,Aloka
Patient00034_Plane1_12_of_29.png,FETAL_PLANES_DB,not head,Other,,34,train,Aloka
Patient00034_Plane1_13_of_29.png,FETAL_PLANES_DB,not head,Other,,34,train,Aloka
Patient00034_Plane1_14_of_29.png,FETAL_PLANES_DB,not head,Other,,34,train,Aloka
Patient00034_Plane1_15_of_29.png,FETAL_PLANES_DB,not head,Other,,34,train,Aloka
Patient00034_Plane1_16_of_29.png,FETAL_PLANES_DB,not head,Other,,34,train,Aloka
Patient00034_Plane1_17_of_29.png,FETAL_PLANES_DB,not head,Other,,34,train,Aloka
Patient00034_Plane1_18_of_29.png,FETAL_PLANES_DB,not head,Other,,34,train,Aloka
Patient00034_Plane1_19_of_29.png,FETAL_PLANES_DB,not head,Other,,34,train,Aloka
Patient00034_Plane1_20_of_29.png,FETAL_PLANES_DB,not head,Other,,34,train,Aloka
Patient00034_Plane1_21_of_29.png,FETAL_PLANES_DB,not head,Other,,34,train,Aloka
Patient00034_Plane1_22_of_29.png,FETAL_PLANES_DB,not head,Other,,34,train,Aloka
Patient00034_Plane1_23_of_29.png,FETAL_PLANES_DB,not head,Other,,34,train,Aloka
Patient00034_Plane1_24_of_29.png,FETAL_PLANES_DB,not head,Other,,34,train,Aloka
Patient00034_Plane1_25_of_29.png,FETAL_PLANES_DB,not head,Other,,34,train,Aloka
Patient00034_Plane1_26_of_29.png,FETAL_PLANES_DB,not head,Other,,34,train,Aloka
Patient00034_Plane1_27_of_29.png,FETAL_PLANES_DB,not head,Other,,34,train,Aloka
Patient00034_Plane1_28_of_29.png,FETAL_PLANES_DB,not head,Other,,34,train,Aloka
Patient00034_Plane1_29_of_29.png,FETAL_PLANES_DB,not head,Other,,34,train,Aloka
Patient00035_Plane1_1_of_16.png,FETAL_PLANES_DB,not head,Other,,35,train,Aloka
Patient00035_Plane1_2_of_16.png,FETAL_PLANES_DB,not head,Other,,35,train,Aloka
Patient00035_Plane1_3_of_16.png,FETAL_PLANES_DB,not head,Other,,35,train,Aloka
Patient00035_Plane1_4_of_16.png,FETAL_PLANES_DB,not head,Other,,35,train,Aloka
Patient00035_Plane1_5_of_16.png,FETAL_PLANES_DB,not head,Other,,35,train,Aloka
Patient00035_Plane1_6_of_16.png,FETAL_PLANES_DB,not head,Other,,35,train,Aloka
Patient00035_Plane1_7_of_16.png,FETAL_PLANES_DB,not head,Other,,35,train,Aloka
Patient00035_Plane1_8_of_16.png,FETAL_PLANES_DB,not head,Other,,35,train,Aloka
Patient00035_Plane1_9_of_16.png,FETAL_PLANES_DB,not head,Other,,35,train,Aloka
Patient00035_Plane1_10_of_16.png,FETAL_PLANES_DB,not head,Other,,35,train,Aloka
Patient00035_Plane1_11_of_16.png,FETAL_PLANES_DB,not head,Other,,35,train,Aloka
Patient00035_Plane1_12_of_16.png,FETAL_PLANES_DB,not head,Other,,35,train,Aloka
Patient00035_Plane1_13_of_16.png,FETAL_PLANES_DB,not head,Other,,35,train,Aloka
Patient00035_Plane1_14_of_16.png,FETAL_PLANES_DB,not head,Other,,35,train,Aloka
Patient00035_Plane1_15_of_16.png,FETAL_PLANES_DB,not head,Other,,35,train,Aloka
Patient00035_Plane1_16_of_16.png,FETAL_PLANES_DB,not head,Other,,35,train,Aloka
Patient00039_Plane1_1_of_47.png,FETAL_PLANES_DB,not head,Other,,39,train,Aloka
Patient00039_Plane1_2_of_47.png,FETAL_PLANES_DB,not head,Other,,39,train,Aloka
Patient00039_Plane1_3_of_47.png,FETAL_PLANES_DB,not head,Other,,39,train,Aloka
Patient00039_Plane1_4_of_47.png,FETAL_PLANES_DB,not head,Other,,39,train,Aloka
Patient00039_Plane1_5_of_47.png,FETAL_PLANES_DB,not head,Other,,39,train,Aloka
Patient00039_Plane1_6_of_47.png,FETAL_PLANES_DB,not head,Other,,39,train,Aloka
Patient00039_Plane1_7_of_47.png,FETAL_PLANES_DB,not head,Other,,39,train,Aloka
Patient00039_Plane1_8_of_47.png,FETAL_PLANES_DB,not head,Other,,39,train,Aloka
Patient00039_Plane1_9_of_47.png,FETAL_PLANES_DB,not head,Other,,39,train,Aloka
Patient00039_Plane1_10_of_47.png,FETAL_PLANES_DB,not head,Other,,39,train,Aloka
Patient00039_Plane1_11_of_47.png,FETAL_PLANES_DB,not head,Other,,39,train,Aloka
Patient00039_Plane1_12_of_47.png,FETAL_PLANES_DB,not head,Other,,39,train,Aloka
Patient00039_Plane1_13_of_47.png,FETAL_PLANES_DB,not head,Other,,39,train,Aloka
Patient00039_Plane1_14_of_47.png,FETAL_PLANES_DB,not head,Other,,39,train,Aloka
Patient00039_Plane1_15_of_47.png,FETAL_PLANES_DB,not head,Other,,39,train,Aloka
Patient00039_Plane1_16_of_47.png,FETAL_PLANES_DB,not head,Other,,39,train,Aloka
Patient00039_Plane1_17_of_47.png,FETAL_PLANES_DB,not head,Other,,39,train,Aloka
Patient00039_Plane1_18_of_47.png,FETAL_PLANES_DB,not head,Other,,39,train,Aloka
Patient00039_Plane1_19_of_47.png,FETAL_PLANES_DB,not head,Other,,39,train,Aloka
Patient00039_Plane1_20_of_47.png,FETAL_PLANES_DB,not head,Other,,39,train,Aloka
Patient00039_Plane1_21_of_47.png,FETAL_PLANES_DB,not head,Other,,39,train,Aloka
Patient00039_Plane1_22_of_47.png,FETAL_PLANES_DB,not head,Other,,39,train,Aloka
Patient00039_Plane1_23_of_47.png,FETAL_PLANES_DB,not head,Other,,39,train,Aloka
Patient00039_Plane1_24_of_47.png,FETAL_PLANES_DB,not head,Other,,39,train,Aloka
Patient00039_Plane1_25_of_47.png,FETAL_PLANES_DB,not head,Other,,39,train,Aloka
Patient00039_Plane1_26_of_47.png,FETAL_PLANES_DB,not head,Other,,39,train,Aloka
Patient00039_Plane1_27_of_47.png,FETAL_PLANES_DB,not head,Other,,39,train,Aloka
Patient00039_Plane1_28_of_47.png,FETAL_PLANES_DB,not head,Other,,39,train,Aloka
Patient00039_Plane1_29_of_47.png,FETAL_PLANES_DB,not head,Other,,39,train,Aloka
Patient00039_Plane1_30_of_47.png,FETAL_PLANES_DB,not head,Other,,39,train,Aloka
Patient00039_Plane1_31_of_47.png,FETAL_PLANES_DB,not head,Other,,39,train,Aloka
Patient00039_Plane1_32_of_47.png,FETAL_PLANES_DB,not head,Other,,39,train,Aloka
Patient00039_Plane1_33_of_47.png,FETAL_PLANES_DB,not head,Other,,39,train,Aloka
Patient00039_Plane1_34_of_47.png,FETAL_PLANES_DB,not head,Other,,39,train,Aloka
Patient00039_Plane1_35_of_47.png,FETAL_PLANES_DB,not head,Other,,39,train,Aloka
Patient00039_Plane1_36_of_47.png,FETAL_PLANES_DB,not head,Other,,39,train,Aloka
Patient00039_Plane1_37_of_47.png,FETAL_PLANES_DB,not head,Other,,39,train,Aloka
Patient00039_Plane1_38_of_47.png,FETAL_PLANES_DB,not head,Other,,39,train,Aloka
Patient00039_Plane1_39_of_47.png,FETAL_PLANES_DB,not head,Other,,39,train,Aloka
Patient00039_Plane1_40_of_47.png,FETAL_PLANES_DB,not head,Other,,39,train,Aloka
Patient00039_Plane1_41_of_47.png,FETAL_PLANES_DB,not head,Other,,39,train,Aloka
Patient00039_Plane1_42_of_47.png,FETAL_PLANES_DB,not head,Other,,39,train,Aloka
Patient00039_Plane1_43_of_47.png,FETAL_PLANES_DB,not head,Other,,39,train,Aloka
Patient00039_Plane1_44_of_47.png,FETAL_PLANES_DB,not head,Other,,39,train,Aloka
Patient00039_Plane1_45_of_47.png,FETAL_PLANES_DB,not head,Other,,39,train,Aloka
Patient00039_Plane1_46_of_47.png,FETAL_PLANES_DB,not head,Other,,39,train,Aloka
Patient00039_Plane1_47_of_47.png,FETAL_PLANES_DB,not head,Other,,39,train,Aloka
Patient00040_Plane1_1_of_36.png,FETAL_PLANES_DB,not head,Other,,40,train,Aloka
Patient00040_Plane1_2_of_36.png,FETAL_PLANES_DB,not head,Other,,40,train,Aloka
Patient00040_Plane1_3_of_36.png,FETAL_PLANES_DB,not head,Other,,40,train,Aloka
Patient00040_Plane1_4_of_36.png,FETAL_PLANES_DB,not head,Other,,40,train,Aloka
Patient00040_Plane1_5_of_36.png,FETAL_PLANES_DB,not head,Other,,40,train,Aloka
Patient00040_Plane1_6_of_36.png,FETAL_PLANES_DB,not head,Other,,40,train,Aloka
Patient00040_Plane1_7_of_36.png,FETAL_PLANES_DB,not head,Other,,40,train,Aloka
Patient00040_Plane1_8_of_36.png,FETAL_PLANES_DB,not head,Other,,40,train,Aloka
Patient00040_Plane1_9_of_36.png,FETAL_PLANES_DB,not head,Other,,40,train,Aloka
Patient00040_Plane1_10_of_36.png,FETAL_PLANES_DB,not head,Other,,40,train,Aloka
Patient00040_Plane1_11_of_36.png,FETAL_PLANES_DB,not head,Other,,40,train,Aloka
Patient00040_Plane1_12_of_36.png,FETAL_PLANES_DB,not head,Other,,40,train,Aloka
Patient00040_Plane1_13_of_36.png,FETAL_PLANES_DB,not head,Other,,40,train,Aloka
Patient00040_Plane1_14_of_36.png,FETAL_PLANES_DB,not head,Other,,40,train,Aloka
Patient00040_Plane1_15_of_36.png,FETAL_PLANES_DB,not head,Other,,40,train,Aloka
Patient00040_Plane1_16_of_36.png,FETAL_PLANES_DB,not head,Other,,40,train,Aloka
Patient00040_Plane1_17_of_36.png,FETAL_PLANES_DB,not head,Other,,40,train,Aloka
Patient00040_Plane1_18_of_36.png,FETAL_PLANES_DB,not head,Other,,40,train,Aloka
Patient00040_Plane1_19_of_36.png,FETAL_PLANES_DB,not head,Other,,40,train,Aloka
Patient00040_Plane1_20_of_36.png,FETAL_PLANES_DB,not head,Other,,40,train,Aloka
Patient00040_Plane1_21_of_36.png,FETAL_PLANES_DB,not head,Other,,40,train,Aloka
Patient00040_Plane1_22_of_36.png,FETAL_PLANES_DB,not head,Other,,40,train,Aloka
Patient00040_Plane1_23_of_36.png,FETAL_PLANES_DB,not head,Other,,40,train,Aloka
Patient00040_Plane1_24_of_36.png,FETAL_PLANES_DB,not head,Other,,40,train,Aloka
Patient00040_Plane1_25_of_36.png,FETAL_PLANES_DB,not head,Other,,40,train,Aloka
Patient00040_Plane1_26_of_36.png,FETAL_PLANES_DB,not head,Other,,40,train,Aloka
Patient00040_Plane1_27_of_36.png,FETAL_PLANES_DB,not head,Other,,40,train,Aloka
Patient00040_Plane1_28_of_36.png,FETAL_PLANES_DB,not head,Other,,40,train,Aloka
Patient00040_Plane1_29_of_36.png,FETAL_PLANES_DB,not head,Other,,40,train,Aloka
Patient00040_Plane1_30_of_36.png,FETAL_PLANES_DB,not head,Other,,40,train,Aloka
Patient00040_Plane1_31_of_36.png,FETAL_PLANES_DB,not head,Other,,40,train,Aloka
Patient00040_Plane1_32_of_36.png,FETAL_PLANES_DB,not head,Other,,40,train,Aloka
Patient00040_Plane1_33_of_36.png,FETAL_PLANES_DB,not head,Other,,40,train,Aloka
Patient00040_Plane1_34_of_36.png,FETAL_PLANES_DB,not head,Other,,40,train,Aloka
Patient00040_Plane1_35_of_36.png,FETAL_PLANES_DB,not head,Other,,40,train,Aloka
Patient00040_Plane1_36_of_36.png,FETAL_PLANES_DB,not head,Other,,40,train,Aloka
Patient00042_Plane1_1_of_39.png,FETAL_PLANES_DB,not head,Other,,42,train,Aloka
Patient00042_Plane1_2_of_39.png,FETAL_PLANES_DB,not head,Other,,42,train,Aloka
Patient00042_Plane1_3_of_39.png,FETAL_PLANES_DB,not head,Other,,42,train,Aloka
Patient00042_Plane1_4_of_39.png,FETAL_PLANES_DB,not head,Other,,42,train,Aloka
Patient00042_Plane1_5_of_39.png,FETAL_PLANES_DB,not head,Other,,42,train,Aloka
Patient00042_Plane1_6_of_39.png,FETAL_PLANES_DB,not head,Other,,42,train,Aloka
Patient00042_Plane1_7_of_39.png,FETAL_PLANES_DB,not head,Other,,42,train,Aloka
Patient00042_Plane1_8_of_39.png,FETAL_PLANES_DB,not head,Other,,42,train,Aloka
Patient00042_Plane1_9_of_39.png,FETAL_PLANES_DB,not head,Other,,42,train,Aloka
Patient00042_Plane1_10_of_39.png,FETAL_PLANES_DB,not head,Other,,42,train,Aloka
Patient00042_Plane1_11_of_39.png,FETAL_PLANES_DB,not head,Other,,42,train,Aloka
Patient00042_Plane1_12_of_39.png,FETAL_PLANES_DB,not head,Other,,42,train,Aloka
Patient00042_Plane1_13_of_39.png,FETAL_PLANES_DB,not head,Other,,42,train,Aloka
Patient00042_Plane1_14_of_39.png,FETAL_PLANES_DB,not head,Other,,42,train,Aloka
Patient00042_Plane1_15_of_39.png,FETAL_PLANES_DB,not head,Other,,42,train,Aloka
Patient00042_Plane1_16_of_39.png,FETAL_PLANES_DB,not head,Other,,42,train,Aloka
Patient00042_Plane1_17_of_39.png,FETAL_PLANES_DB,not head,Other,,42,train,Aloka
Patient00042_Plane1_18_of_39.png,FETAL_PLANES_DB,not head,Other,,42,train,Aloka
Patient00042_Plane1_19_of_39.png,FETAL_PLANES_DB,not head,Other,,42,train,Aloka
Patient00042_Plane1_20_of_39.png,FETAL_PLANES_DB,not head,Other,,42,train,Aloka
Patient00042_Plane1_21_of_39.png,FETAL_PLANES_DB,not head,Other,,42,train,Aloka
Patient00042_Plane1_22_of_39.png,FETAL_PLANES_DB,not head,Other,,42,train,Aloka
Patient00042_Plane1_23_of_39.png,FETAL_PLANES_DB,not head,Other,,42,train,Aloka
Patient00042_Plane1_24_of_39.png,FETAL_PLANES_DB,not head,Other,,42,train,Aloka
Patient00042_Plane1_25_of_39.png,FETAL_PLANES_DB,not head,Other,,42,train,Aloka
Patient00042_Plane1_26_of_39.png,FETAL_PLANES_DB,not head,Other,,42,train,Aloka
Patient00042_Plane1_27_of_39.png,FETAL_PLANES_DB,not head,Other,,42,train,Aloka
Patient00042_Plane1_28_of_39.png,FETAL_PLANES_DB,not head,Other,,42,train,Aloka
Patient00042_Plane1_29_of_39.png,FETAL_PLANES_DB,not head,Other,,42,train,Aloka
Patient00042_Plane1_30_of_39.png,FETAL_PLANES_DB,not head,Other,,42,train,Aloka
Patient00042_Plane1_31_of_39.png,FETAL_PLANES_DB,not head,Other,,42,train,Aloka
Patient00042_Plane1_32_of_39.png,FETAL_PLANES_DB,not head,Other,,42,train,Aloka
Patient00042_Plane1_33_of_39.png,FETAL_PLANES_DB,not head,Other,,42,train,Aloka
Patient00042_Plane1_34_of_39.png,FETAL_PLANES_DB,not head,Other,,42,train,Aloka
Patient00042_Plane1_35_of_39.png,FETAL_PLANES_DB,not head,Other,,42,train,Aloka
Patient00042_Plane1_36_of_39.png,FETAL_PLANES_DB,not head,Other,,42,train,Aloka
Patient00042_Plane1_37_of_39.png,FETAL_PLANES_DB,not head,Other,,42,train,Aloka
Patient00042_Plane1_38_of_39.png,FETAL_PLANES_DB,not head,Other,,42,train,Aloka
Patient00042_Plane1_39_of_39.png,FETAL_PLANES_DB,not head,Other,,42,train,Aloka
Patient00043_Plane1_1_of_55.png,FETAL_PLANES_DB,not head,Other,,43,train,Aloka
Patient00043_Plane1_2_of_55.png,FETAL_PLANES_DB,not head,Other,,43,train,Aloka
Patient00043_Plane1_3_of_55.png,FETAL_PLANES_DB,not head,Other,,43,train,Aloka
Patient00043_Plane1_4_of_55.png,FETAL_PLANES_DB,not head,Other,,43,train,Aloka
Patient00043_Plane1_5_of_55.png,FETAL_PLANES_DB,not head,Other,,43,train,Aloka
Patient00043_Plane1_6_of_55.png,FETAL_PLANES_DB,not head,Other,,43,train,Aloka
Patient00043_Plane1_7_of_55.png,FETAL_PLANES_DB,not head,Other,,43,train,Aloka
Patient00043_Plane1_8_of_55.png,FETAL_PLANES_DB,not head,Other,,43,train,Aloka
Patient00043_Plane1_9_of_55.png,FETAL_PLANES_DB,not head,Other,,43,train,Aloka
Patient00043_Plane1_10_of_55.png,FETAL_PLANES_DB,not head,Other,,43,train,Aloka
Patient00043_Plane1_11_of_55.png,FETAL_PLANES_DB,not head,Other,,43,train,Aloka
Patient00043_Plane1_12_of_55.png,FETAL_PLANES_DB,not head,Other,,43,train,Aloka
Patient00043_Plane1_13_of_55.png,FETAL_PLANES_DB,not head,Other,,43,train,Aloka
Patient00043_Plane1_14_of_55.png,FETAL_PLANES_DB,not head,Other,,43,train,Aloka
Patient00043_Plane1_15_of_55.png,FETAL_PLANES_DB,not head,Other,,43,train,Aloka
Patient00043_Plane1_16_of_55.png,FETAL_PLANES_DB,not head,Other,,43,train,Aloka
Patient00043_Plane1_17_of_55.png,FETAL_PLANES_DB,not head,Other,,43,train,Aloka
Patient00043_Plane1_18_of_55.png,FETAL_PLANES_DB,not head,Other,,43,train,Aloka
Patient00043_Plane1_19_of_55.png,FETAL_PLANES_DB,not head,Other,,43,train,Aloka
Patient00043_Plane1_20_of_55.png,FETAL_PLANES_DB,not head,Other,,43,train,Aloka
Patient00043_Plane1_21_of_55.png,FETAL_PLANES_DB,not head,Other,,43,train,Aloka
Patient00043_Plane1_22_of_55.png,FETAL_PLANES_DB,not head,Other,,43,train,Aloka
Patient00043_Plane1_23_of_55.png,FETAL_PLANES_DB,not head,Other,,43,train,Aloka
Patient00043_Plane1_24_of_55.png,FETAL_PLANES_DB,not head,Other,,43,train,Aloka
Patient00043_Plane1_25_of_55.png,FETAL_PLANES_DB,not head,Other,,43,train,Aloka
Patient00043_Plane1_26_of_55.png,FETAL_PLANES_DB,not head,Other,,43,train,Aloka
Patient00043_Plane1_27_of_55.png,FETAL_PLANES_DB,not head,Other,,43,train,Aloka
Patient00043_Plane1_28_of_55.png,FETAL_PLANES_DB,not head,Other,,43,train,Aloka
Patient00043_Plane1_29_of_55.png,FETAL_PLANES_DB,not head,Other,,43,train,Aloka
Patient00043_Plane1_30_of_55.png,FETAL_PLANES_DB,not head,Other,,43,train,Aloka
Patient00043_Plane1_31_of_55.png,FETAL_PLANES_DB,not head,Other,,43,train,Aloka
Patient00043_Plane1_32_of_55.png,FETAL_PLANES_DB,not head,Other,,43,train,Aloka
Patient00043_Plane1_33_of_55.png,FETAL_PLANES_DB,not head,Other,,43,train,Aloka
Patient00043_Plane1_34_of_55.png,FETAL_PLANES_DB,not head,Other,,43,train,Aloka
Patient00043_Plane1_35_of_55.png,FETAL_PLANES_DB,not head,Other,,43,train,Aloka
Patient00043_Plane1_36_of_55.png,FETAL_PLANES_DB,not head,Other,,43,train,Aloka
Patient00043_Plane1_37_of_55.png,FETAL_PLANES_DB,not head,Other,,43,train,Aloka
Patient00043_Plane1_38_of_55.png,FETAL_PLANES_DB,not head,Other,,43,train,Aloka
Patient00043_Plane1_39_of_55.png,FETAL_PLANES_DB,not head,Other,,43,train,Aloka
Patient00043_Plane1_40_of_55.png,FETAL_PLANES_DB,not head,Other,,43,train,Aloka
Patient00043_Plane1_41_of_55.png,FETAL_PLANES_DB,not head,Other,,43,train,Aloka
Patient00043_Plane1_42_of_55.png,FETAL_PLANES_DB,not head,Other,,43,train,Aloka
Patient00043_Plane1_43_of_55.png,FETAL_PLANES_DB,not head,Other,,43,train,Aloka
Patient00043_Plane1_44_of_55.png,FETAL_PLANES_DB,not head,Other,,43,train,Aloka
Patient00043_Plane1_45_of_55.png,FETAL_PLANES_DB,not head,Other,,43,train,Aloka
Patient00043_Plane1_46_of_55.png,FETAL_PLANES_DB,not head,Other,,43,train,Aloka
Patient00043_Plane1_47_of_55.png,FETAL_PLANES_DB,not head,Other,,43,train,Aloka
Patient00043_Plane1_48_of_55.png,FETAL_PLANES_DB,not head,Other,,43,train,Aloka
Patient00043_Plane1_49_of_55.png,FETAL_PLANES_DB,not head,Other,,43,train,Aloka
Patient00043_Plane1_50_of_55.png,FETAL_PLANES_DB,not head,Other,,43,train,Aloka
Patient00043_Plane1_51_of_55.png,FETAL_PLANES_DB,not head,Other,,43,train,Aloka
Patient00043_Plane1_52_of_55.png,FETAL_PLANES_DB,not head,Other,,43,train,Aloka
Patient00043_Plane1_53_of_55.png,FETAL_PLANES_DB,not head,Other,,43,train,Aloka
Patient00043_Plane1_54_of_55.png,FETAL_PLANES_DB,not head,Other,,43,train,Aloka
Patient00043_Plane1_55_of_55.png,FETAL_PLANES_DB,not head,Other,,43,train,Aloka
Patient00045_Plane4_1_of_1.png,FETAL_PLANES_DB,not head,Maternal cervix,,45,train,Other
Patient00047_Plane4_1_of_1.png,FETAL_PLANES_DB,not head,Maternal cervix,,47,train,Other
Patient00048_Plane4_1_of_1.png,FETAL_PLANES_DB,not head,Maternal cervix,,48,train,Other
Patient00049_Plane4_1_of_1.png,FETAL_PLANES_DB,not head,Maternal cervix,,49,train,Other
Patient00050_Plane4_1_of_1.png,FETAL_PLANES_DB,not head,Maternal cervix,,50,train,Other
Patient00052_Plane4_1_of_1.png,FETAL_PLANES_DB,not head,Maternal cervix,,52,train,Other
Patient00056_Plane4_1_of_2.png,FETAL_PLANES_DB,not head,Maternal cervix,,56,train,Other
Patient00056_Plane4_2_of_2.png,FETAL_PLANES_DB,not head,Maternal cervix,,56,train,Other
Patient00058_Plane4_1_of_1.png,FETAL_PLANES_DB,not head,Maternal cervix,,58,train,Other
Patient00059_Plane4_1_of_1.png,FETAL_PLANES_DB,not head,Maternal cervix,,59,train,Aloka
Patient00060_Plane4_1_of_1.png,FETAL_PLANES_DB,not head,Maternal cervix,,60,train,Other
Patient00061_Plane4_1_of_1.png,FETAL_PLANES_DB,not head,Maternal cervix,,61,train,Other
Patient00062_Plane4_1_of_1.png,FETAL_PLANES_DB,not head,Maternal cervix,,62,train,Other
Patient00064_Plane4_1_of_1.png,FETAL_PLANES_DB,not head,Maternal cervix,,64,train,Aloka
Patient00066_Plane4_1_of_2.png,FETAL_PLANES_DB,not head,Maternal cervix,,66,train,Other
Patient00066_Plane4_2_of_2.png,FETAL_PLANES_DB,not head,Maternal cervix,,66,train,Other
Patient00067_Plane4_1_of_1.png,FETAL_PLANES_DB,not head,Maternal cervix,,67,train,Aloka
Patient00068_Plane4_1_of_1.png,FETAL_PLANES_DB,not head,Maternal cervix,,68,train,Other
Patient00069_Plane4_1_of_2.png,FETAL_PLANES_DB,not head,Maternal cervix,,69,train,Aloka
Patient00069_Plane4_2_of_2.png,FETAL_PLANES_DB,not head,Maternal cervix,,69,train,Aloka
Patient00070_Plane4_1_of_1.png,FETAL_PLANES_DB,not head,Maternal cervix,,70,train,Other
Patient00071_Plane4_1_of_1.png,FETAL_PLANES_DB,not head,Maternal cervix,,71,train,Other
Patient00072_Plane4_1_of_2.png,FETAL_PLANES_DB,not head,Maternal cervix,,72,train,Other
Patient00072_Plane4_2_of_2.png,FETAL_PLANES_DB,not head,Maternal cervix,,72,train,Aloka
Patient00074_Plane4_1_of_1.png,FETAL_PLANES_DB,not head,Maternal cervix,,74,train,Other
Patient00075_Plane4_1_of_1.png,FETAL_PLANES_DB,not head,Maternal cervix,,75,train,Aloka
Patient00076_Plane4_1_of_1.png,FETAL_PLANES_DB,not head,Maternal cervix,,76,train,Other
Patient00077_Plane4_1_of_1.png,FETAL_PLANES_DB,not head,Maternal cervix,,77,train,Aloka
Patient00078_Plane4_1_of_1.png,FETAL_PLANES_DB,not head,Maternal cervix,,78,train,Other
Patient00079_Plane4_1_of_1.png,FETAL_PLANES_DB,not head,Maternal cervix,,79,train,Aloka
Patient00081_Plane4_1_of_1.png,FETAL_PLANES_DB,not head,Maternal cervix,,81,train,Other
Patient00082_Plane4_1_of_1.png,FETAL_PLANES_DB,not head,Maternal cervix,,82,train,Other
Patient00083_Plane4_1_of_1.png,FETAL_PLANES_DB,not head,Maternal cervix,,83,train,Other
Patient00084_Plane4_1_of_1.png,FETAL_PLANES_DB,not head,Maternal cervix,,84,train,Aloka
Patient00086_Plane4_1_of_1.png,FETAL_PLANES_DB,not head,Maternal cervix,,86,train,Aloka
Patient00091_Plane4_1_of_1.png,FETAL_PLANES_DB,not head,Maternal cervix,,91,train,Other
Patient00094_Plane4_1_of_1.png,FETAL_PLANES_DB,not head,Maternal cervix,,94,train,Other
Patient00096_Plane4_1_of_1.png,FETAL_PLANES_DB,not head,Maternal cervix,,96,train,Aloka
Patient00098_Plane4_1_of_1.png,FETAL_PLANES_DB,not head,Maternal cervix,,98,train,Aloka
Patient00100_Plane4_1_of_1.png,FETAL_PLANES_DB,not head,Maternal cervix,,100,train,Aloka
Patient00101_Plane4_1_of_2.png,FETAL_PLANES_DB,not head,Maternal cervix,,101,train,Other
Patient00101_Plane4_2_of_2.png,FETAL_PLANES_DB,not head,Maternal cervix,,101,train,Other
Patient00102_Plane4_1_of_2.png,FETAL_PLANES_DB,not head,Maternal cervix,,102,train,Other
Patient00102_Plane4_2_of_2.png,FETAL_PLANES_DB,not head,Maternal cervix,,102,train,Other
Patient00103_Plane4_1_of_2.png,FETAL_PLANES_DB,not head,Maternal cervix,,103,train,Other
Patient00103_Plane4_2_of_2.png,FETAL_PLANES_DB,not head,Maternal cervix,,103,train,Other
Patient00105_Plane4_1_of_1.png,FETAL_PLANES_DB,not head,Maternal cervix,,105,train,Aloka
Patient00107_Plane4_1_of_2.png,FETAL_PLANES_DB,not head,Maternal cervix,,107,train,Other
Patient00107_Plane4_2_of_2.png,FETAL_PLANES_DB,not head,Maternal cervix,,107,train,Other
Patient00108_Plane4_1_of_1.png,FETAL_PLANES_DB,not head,Maternal cervix,,108,train,Voluson E6
Patient00109_Plane4_1_of_1.png,FETAL_PLANES_DB,not head,Maternal cervix,,109,train,Other
Patient00110_Plane4_1_of_1.png,FETAL_PLANES_DB,not head,Maternal cervix,,110,train,Aloka
Patient00113_Plane4_1_of_1.png,FETAL_PLANES_DB,not head,Maternal cervix,,113,train,Aloka
Patient00114_Plane4_1_of_1.png,FETAL_PLANES_DB,not head,Maternal cervix,,114,train,Aloka
Patient00118_Plane4_1_of_1.png,FETAL_PLANES_DB,not head,Maternal cervix,,118,train,Voluson E6
Patient00120_Plane4_1_of_1.png,FETAL_PLANES_DB,not head,Maternal cervix,,120,train,Other
Patient00121_Plane4_1_of_1.png,FETAL_PLANES_DB,not head,Maternal cervix,,121,train,Other
Patient00122_Plane4_1_of_1.png,FETAL_PLANES_DB,not head,Maternal cervix,,122,train,Aloka
Patient00125_Plane4_1_of_1.png,FETAL_PLANES_DB,not head,Maternal cervix,,125,train,Other
Patient00126_Plane4_1_of_1.png,FETAL_PLANES_DB,not head,Maternal cervix,,126,train,Aloka
Patient00127_Plane4_1_of_1.png,FETAL_PLANES_DB,not head,Maternal cervix,,127,train,Aloka
Patient00128_Plane4_1_of_1.png,FETAL_PLANES_DB,not head,Maternal cervix,,128,train,Aloka
Patient00129_Plane4_1_of_1.png,FETAL_PLANES_DB,not head,Maternal cervix,,129,train,Aloka
Patient00131_Plane4_1_of_1.png,FETAL_PLANES_DB,not head,Maternal cervix,,131,train,Other
Patient00132_Plane4_1_of_1.png,FETAL_PLANES_DB,not head,Maternal cervix,,132,train,Aloka
Patient00136_Plane4_1_of_1.png,FETAL_PLANES_DB,not head,Maternal cervix,,136,train,Aloka
Patient00142_Plane4_1_of_1.png,FETAL_PLANES_DB,not head,Maternal cervix,,142,train,Aloka
Patient00146_Plane4_1_of_1.png,FETAL_PLANES_DB,not head,Maternal cervix,,146,train,Aloka
Patient00148_Plane4_1_of_1.png,FETAL_PLANES_DB,not head,Maternal cervix,,148,train,Aloka
Patient00149_Plane4_1_of_1.png,FETAL_PLANES_DB,not head,Maternal cervix,,149,train,Aloka
Patient00151_Plane4_1_of_1.png,FETAL_PLANES_DB,not head,Maternal cervix,,151,train,Aloka
Patient00153_Plane4_1_of_1.png,FETAL_PLANES_DB,not head,Maternal cervix,,153,train,Aloka
Patient00155_Plane4_1_of_1.png,FETAL_PLANES_DB,not head,Maternal cervix,,155,train,Aloka
Patient00156_Plane4_1_of_1.png,FETAL_PLANES_DB,not head,Maternal cervix,,156,train,Voluson E6
Patient00157_Plane4_1_of_1.png,FETAL_PLANES_DB,not head,Maternal cervix,,157,train,Aloka
Patient00158_Plane4_1_of_1.png,FETAL_PLANES_DB,not head,Maternal cervix,,158,train,Aloka
Patient00159_Plane4_1_of_1.png,FETAL_PLANES_DB,not head,Maternal cervix,,159,train,Aloka
Patient00160_Plane4_1_of_1.png,FETAL_PLANES_DB,not head,Maternal cervix,,160,train,Aloka
Patient00165_Plane4_1_of_1.png,FETAL_PLANES_DB,not head,Maternal cervix,,165,train,Aloka
Patient00166_Plane4_1_of_2.png,FETAL_PLANES_DB,not head,Maternal cervix,,166,train,Aloka
Patient00166_Plane4_2_of_2.png,FETAL_PLANES_DB,not head,Maternal cervix,,166,train,Aloka
Patient00168_Plane2_1_of_2.png,FETAL_PLANES_DB,not head,Fetal abdomen,,168,train,Aloka
Patient00168_Plane2_2_of_2.png,FETAL_PLANES_DB,not head,Fetal abdomen,,168,train,Aloka
Patient00168_Plane3_1_of_3.png,FETAL_PLANES_DB,head,Fetal brain,Trans-thalamic,168,train,Aloka
Patient00168_Plane3_2_of_3.png,FETAL_PLANES_DB,head,Fetal brain,Trans-thalamic,168,train,Aloka
Patient00168_Plane3_3_of_3.png,FETAL_PLANES_DB,head,Fetal brain,Trans-cerebellum,168,train,Aloka
Patient00168_Plane5_1_of_2.png,FETAL_PLANES_DB,not head,Fetal femur,,168,train,Aloka
Patient00168_Plane5_2_of_2.png,FETAL_PLANES_DB,not head,Fetal femur,,168,train,Aloka
Patient00168_Plane1_1_of_23.png,FETAL_PLANES_DB,not head,Other,,168,train,Aloka
Patient00168_Plane6_1_of_4.png,FETAL_PLANES_DB,not head,Fetal thorax,,168,train,Aloka
Patient00168_Plane6_2_of_4.png,FETAL_PLANES_DB,not head,Fetal thorax,,168,train,Aloka
Patient00168_Plane6_3_of_4.png,FETAL_PLANES_DB,not head,Fetal thorax,,168,train,Aloka
Patient00168_Plane6_4_of_4.png,FETAL_PLANES_DB,not head,Fetal thorax,,168,train,Aloka
Patient00168_Plane4_1_of_1.png,FETAL_PLANES_DB,not head,Maternal cervix,,168,train,Aloka
Patient00168_Plane1_2_of_23.png,FETAL_PLANES_DB,not head,Other,,168,train,Aloka
Patient00168_Plane1_3_of_23.png,FETAL_PLANES_DB,not head,Other,,168,train,Aloka
Patient00168_Plane1_4_of_23.png,FETAL_PLANES_DB,not head,Other,,168,train,Aloka
Patient00168_Plane1_5_of_23.png,FETAL_PLANES_DB,not head,Other,,168,train,Aloka
Patient00168_Plane1_6_of_23.png,FETAL_PLANES_DB,not head,Other,,168,train,Aloka
Patient00168_Plane1_7_of_23.png,FETAL_PLANES_DB,not head,Other,,168,train,Aloka
Patient00168_Plane1_8_of_23.png,FETAL_PLANES_DB,not head,Other,,168,train,Aloka
Patient00168_Plane1_9_of_23.png,FETAL_PLANES_DB,not head,Other,,168,train,Aloka
Patient00168_Plane1_10_of_23.png,FETAL_PLANES_DB,not head,Other,,168,train,Aloka
Patient00168_Plane1_11_of_23.png,FETAL_PLANES_DB,not head,Other,,168,train,Aloka
Patient00168_Plane1_12_of_23.png,FETAL_PLANES_DB,not head,Other,,168,train,Aloka
Patient00168_Plane1_13_of_23.png,FETAL_PLANES_DB,not head,Other,,168,train,Aloka
Patient00168_Plane1_14_of_23.png,FETAL_PLANES_DB,not head,Other,,168,train,Aloka
Patient00168_Plane1_15_of_23.png,FETAL_PLANES_DB,not head,Other,,168,train,Aloka
Patient00168_Plane1_16_of_23.png,FETAL_PLANES_DB,not head,Other,,168,train,Aloka
Patient00168_Plane1_17_of_23.png,FETAL_PLANES_DB,not head,Other,,168,train,Aloka
Patient00168_Plane1_18_of_23.png,FETAL_PLANES_DB,not head,Other,,168,train,Aloka
Patient00168_Plane1_19_of_23.png,FETAL_PLANES_DB,not head,Other,,168,train,Aloka
Patient00168_Plane1_20_of_23.png,FETAL_PLANES_DB,not head,Other,,168,train,Aloka
Patient00168_Plane1_21_of_23.png,FETAL_PLANES_DB,not head,Other,,168,train,Aloka
Patient00168_Plane1_22_of_23.png,FETAL_PLANES_DB,not head,Other,,168,train,Aloka
Patient00168_Plane1_23_of_23.png,FETAL_PLANES_DB,not head,Other,,168,train,Aloka
Patient00169_Plane4_1_of_1.png,FETAL_PLANES_DB,not head,Maternal cervix,,169,train,Aloka
Patient00170_Plane4_1_of_1.png,FETAL_PLANES_DB,not head,Maternal cervix,,170,train,Aloka
Patient00171_Plane4_1_of_1.png,FETAL_PLANES_DB,not head,Maternal cervix,,171,train,Aloka
Patient00172_Plane4_1_of_1.png,FETAL_PLANES_DB,not head,Maternal cervix,,172,train,Aloka
Patient00173_Plane4_1_of_1.png,FETAL_PLANES_DB,not head,Maternal cervix,,173,train,Voluson E6
Patient00174_Plane4_1_of_2.png,FETAL_PLANES_DB,not head,Maternal cervix,,174,train,Voluson E6
Patient00174_Plane4_2_of_2.png,FETAL_PLANES_DB,not head,Maternal cervix,,174,train,Voluson E6
Patient00176_Plane4_1_of_1.png,FETAL_PLANES_DB,not head,Maternal cervix,,176,train,Voluson E6
Patient00177_Plane4_1_of_2.png,FETAL_PLANES_DB,not head,Maternal cervix,,177,train,Voluson E6
Patient00177_Plane4_2_of_2.png,FETAL_PLANES_DB,not head,Maternal cervix,,177,train,Voluson E6
Patient00178_Plane4_1_of_1.png,FETAL_PLANES_DB,not head,Maternal cervix,,178,train,Voluson E6
Patient00180_Plane4_1_of_1.png,FETAL_PLANES_DB,not head,Maternal cervix,,180,train,Voluson E6
Patient00183_Plane4_1_of_1.png,FETAL_PLANES_DB,not head,Maternal cervix,,183,train,Voluson E6
Patient00184_Plane4_1_of_1.png,FETAL_PLANES_DB,not head,Maternal cervix,,184,train,Voluson E6
Patient00185_Plane4_1_of_1.png,FETAL_PLANES_DB,not head,Maternal cervix,,185,train,Voluson E6
Patient00186_Plane4_1_of_1.png,FETAL_PLANES_DB,not head,Maternal cervix,,186,train,Voluson E6
Patient00187_Plane4_1_of_1.png,FETAL_PLANES_DB,not head,Maternal cervix,,187,train,Voluson E6
Patient00190_Plane4_1_of_2.png,FETAL_PLANES_DB,not head,Maternal cervix,,190,train,Aloka
Patient00190_Plane4_2_of_2.png,FETAL_PLANES_DB,not head,Maternal cervix,,190,train,Aloka
Patient00193_Plane4_1_of_1.png,FETAL_PLANES_DB,not head,Maternal cervix,,193,train,Aloka
Patient00194_Plane4_1_of_1.png,FETAL_PLANES_DB,not head,Maternal cervix,,194,train,Aloka
Patient00195_Plane4_1_of_1.png,FETAL_PLANES_DB,not head,Maternal cervix,,195,train,Aloka
Patient00197_Plane4_1_of_1.png,FETAL_PLANES_DB,not head,Maternal cervix,,197,train,Aloka
Patient00199_Plane4_1_of_1.png,FETAL_PLANES_DB,not head,Maternal cervix,,199,train,Aloka
Patient00200_Plane4_1_of_1.png,FETAL_PLANES_DB,not head,Maternal cervix,,200,train,Aloka
Patient00202_Plane4_1_of_1.png,FETAL_PLANES_DB,not head,Maternal cervix,,202,train,Aloka
Patient00204_Plane4_1_of_1.png,FETAL_PLANES_DB,not head,Maternal cervix,,204,train,Aloka
Patient00205_Plane4_1_of_1.png,FETAL_PLANES_DB,not head,Maternal cervix,,205,train,Aloka
Patient00206_Plane4_1_of_1.png,FETAL_PLANES_DB,not head,Maternal cervix,,206,train,Aloka
Patient00207_Plane4_1_of_1.png,FETAL_PLANES_DB,not head,Maternal cervix,,207,train,Aloka
Patient00208_Plane4_1_of_1.png,FETAL_PLANES_DB,not head,Maternal cervix,,208,train,Aloka
Patient00210_Plane4_1_of_1.png,FETAL_PLANES_DB,not head,Maternal cervix,,210,train,Aloka
Patient00212_Plane4_1_of_1.png,FETAL_PLANES_DB,not head,Maternal cervix,,212,train,Aloka
Patient00215_Plane4_1_of_1.png,FETAL_PLANES_DB,not head,Maternal cervix,,215,train,Aloka
Patient00216_Plane2_1_of_1.png,FETAL_PLANES_DB,not head,Fetal abdomen,,216,train,Voluson E6
Patient00216_Plane3_1_of_5.png,FETAL_PLANES_DB,head,Fetal brain,Trans-thalamic,216,train,Voluson E6
Patient00216_Plane3_2_of_5.png,FETAL_PLANES_DB,head,Fetal brain,Trans-ventricular,216,train,Voluson E6
Patient00216_Plane3_3_of_5.png,FETAL_PLANES_DB,head,Fetal brain,Trans-thalamic,216,train,Voluson E6
Patient00216_Plane3_4_of_5.png,FETAL_PLANES_DB,head,Fetal brain,Trans-cerebellum,216,train,Voluson E6
Patient00216_Plane3_5_of_5.png,FETAL_PLANES_DB,head,Fetal brain,Trans-thalamic,216,train,Voluson E6
Patient00216_Plane1_1_of_1.png,FETAL_PLANES_DB,not head,Other,,216,train,Voluson E6
Patient00216_Plane6_1_of_3.png,FETAL_PLANES_DB,not head,Fetal thorax,,216,train,Voluson E6
Patient00216_Plane6_2_of_3.png,FETAL_PLANES_DB,not head,Fetal thorax,,216,train,Voluson E6
Patient00216_Plane6_3_of_3.png,FETAL_PLANES_DB,not head,Fetal thorax,,216,train,Voluson E6
Patient00217_Plane4_1_of_2.png,FETAL_PLANES_DB,not head,Maternal cervix,,217,train,Aloka
Patient00217_Plane4_2_of_2.png,FETAL_PLANES_DB,not head,Maternal cervix,,217,train,Aloka
Patient00218_Plane4_1_of_1.png,FETAL_PLANES_DB,not head,Maternal cervix,,218,train,Aloka
Patient00219_Plane4_1_of_1.png,FETAL_PLANES_DB,not head,Maternal cervix,,219,train,Aloka
Patient00220_Plane4_1_of_1.png,FETAL_PLANES_DB,not head,Maternal cervix,,220,train,Aloka
Patient00224_Plane4_1_of_1.png,FETAL_PLANES_DB,not head,Maternal cervix,,224,train,Aloka
Patient00225_Plane4_1_of_1.png,FETAL_PLANES_DB,not head,Maternal cervix,,225,train,Aloka
Patient00226_Plane4_1_of_1.png,FETAL_PLANES_DB,not head,Maternal cervix,,226,train,Aloka
Patient00227_Plane4_1_of_1.png,FETAL_PLANES_DB,not head,Maternal cervix,,227,train,Aloka
Patient00228_Plane4_1_of_1.png,FETAL_PLANES_DB,not head,Maternal cervix,,228,train,Aloka
Patient00229_Plane4_1_of_1.png,FETAL_PLANES_DB,not head,Maternal cervix,,229,train,Aloka
Patient00230_Plane4_1_of_1.png,FETAL_PLANES_DB,not head,Maternal cervix,,230,train,Aloka
Patient00231_Plane4_1_of_1.png,FETAL_PLANES_DB,not head,Maternal cervix,,231,train,Aloka
Patient00232_Plane4_1_of_1.png,FETAL_PLANES_DB,not head,Maternal cervix,,232,train,Aloka
Patient00233_Plane4_1_of_1.png,FETAL_PLANES_DB,not head,Maternal cervix,,233,train,Aloka
Patient00237_Plane4_1_of_1.png,FETAL_PLANES_DB,not head,Maternal cervix,,237,train,Aloka
Patient00238_Plane4_1_of_1.png,FETAL_PLANES_DB,not head,Maternal cervix,,238,train,Aloka
Patient00239_Plane4_1_of_1.png,FETAL_PLANES_DB,not head,Maternal cervix,,239,train,Aloka
Patient00240_Plane4_1_of_1.png,FETAL_PLANES_DB,not head,Maternal cervix,,240,train,Aloka
Patient00242_Plane4_1_of_1.png,FETAL_PLANES_DB,not head,Maternal cervix,,242,train,Aloka
Patient00243_Plane4_1_of_1.png,FETAL_PLANES_DB,not head,Maternal cervix,,243,train,Voluson E6
Patient00244_Plane4_1_of_1.png,FETAL_PLANES_DB,not head,Maternal cervix,,244,train,Voluson E6
Patient00245_Plane4_1_of_1.png,FETAL_PLANES_DB,not head,Maternal cervix,,245,train,Aloka
Patient00246_Plane4_1_of_2.png,FETAL_PLANES_DB,not head,Maternal cervix,,246,train,Voluson E6
Patient00246_Plane4_2_of_2.png,FETAL_PLANES_DB,not head,Maternal cervix,,246,train,Voluson E6
Patient00247_Plane4_1_of_1.png,FETAL_PLANES_DB,not head,Maternal cervix,,247,train,Voluson E6
Patient00249_Plane4_1_of_1.png,FETAL_PLANES_DB,not head,Maternal cervix,,249,train,Aloka
Patient00250_Plane4_1_of_1.png,FETAL_PLANES_DB,not head,Maternal cervix,,250,train,Voluson E6
Patient00251_Plane4_1_of_1.png,FETAL_PLANES_DB,not head,Maternal cervix,,251,train,Aloka
Patient00254_Plane4_1_of_1.png,FETAL_PLANES_DB,not head,Maternal cervix,,254,train,Aloka
Patient00255_Plane4_1_of_1.png,FETAL_PLANES_DB,not head,Maternal cervix,,255,train,Aloka
Patient00256_Plane4_1_of_1.png,FETAL_PLANES_DB,not head,Maternal cervix,,256,train,Aloka
Patient00257_Plane4_1_of_1.png,FETAL_PLANES_DB,not head,Maternal cervix,,257,train,Aloka
Patient00258_Plane4_1_of_1.png,FETAL_PLANES_DB,not head,Maternal cervix,,258,train,Aloka
Patient00259_Plane4_1_of_1.png,FETAL_PLANES_DB,not head,Maternal cervix,,259,train,Aloka
Patient00260_Plane4_1_of_1.png,FETAL_PLANES_DB,not head,Maternal cervix,,260,train,Aloka
Patient00262_Plane4_1_of_1.png,FETAL_PLANES_DB,not head,Maternal cervix,,262,train,Aloka
Patient00263_Plane4_1_of_1.png,FETAL_PLANES_DB,not head,Maternal cervix,,263,train,Aloka
Patient00264_Plane4_1_of_1.png,FETAL_PLANES_DB,not head,Maternal cervix,,264,train,Aloka
Patient00265_Plane4_1_of_1.png,FETAL_PLANES_DB,not head,Maternal cervix,,265,train,Aloka
Patient00267_Plane4_1_of_1.png,FETAL_PLANES_DB,not head,Maternal cervix,,267,train,Aloka
Patient00268_Plane4_1_of_1.png,FETAL_PLANES_DB,not head,Maternal cervix,,268,train,Aloka
Patient00269_Plane4_1_of_1.png,FETAL_PLANES_DB,not head,Maternal cervix,,269,train,Voluson E6
Patient00270_Plane4_1_of_1.png,FETAL_PLANES_DB,not head,Maternal cervix,,270,train,Aloka
Patient00274_Plane4_1_of_1.png,FETAL_PLANES_DB,not head,Maternal cervix,,274,train,Aloka
Patient00275_Plane4_1_of_1.png,FETAL_PLANES_DB,not head,Maternal cervix,,275,train,Voluson E6
Patient00276_Plane4_1_of_1.png,FETAL_PLANES_DB,not head,Maternal cervix,,276,train,Voluson E6
Patient00278_Plane4_1_of_1.png,FETAL_PLANES_DB,not head,Maternal cervix,,278,train,Aloka
Patient00281_Plane4_1_of_1.png,FETAL_PLANES_DB,not head,Maternal cervix,,281,train,Aloka
Patient00283_Plane4_1_of_1.png,FETAL_PLANES_DB,not head,Maternal cervix,,283,train,Voluson E6
Patient00285_Plane4_1_of_1.png,FETAL_PLANES_DB,not head,Maternal cervix,,285,train,Voluson E6
Patient00286_Plane4_1_of_1.png,FETAL_PLANES_DB,not head,Maternal cervix,,286,train,Aloka
Patient00288_Plane4_1_of_1.png,FETAL_PLANES_DB,not head,Maternal cervix,,288,train,Voluson E6
Patient00290_Plane4_1_of_1.png,FETAL_PLANES_DB,not head,Maternal cervix,,290,train,Voluson E6
Patient00292_Plane4_1_of_1.png,FETAL_PLANES_DB,not head,Maternal cervix,,292,train,Aloka
Patient00293_Plane4_1_of_1.png,FETAL_PLANES_DB,not head,Maternal cervix,,293,train,Aloka
Patient00294_Plane4_1_of_1.png,FETAL_PLANES_DB,not head,Maternal cervix,,294,train,Aloka
Patient00295_Plane4_1_of_1.png,FETAL_PLANES_DB,not head,Maternal cervix,,295,train,Aloka
Patient00296_Plane4_1_of_1.png,FETAL_PLANES_DB,not head,Maternal cervix,,296,train,Aloka
Patient00297_Plane4_1_of_1.png,FETAL_PLANES_DB,not head,Maternal cervix,,297,train,Aloka
Patient00299_Plane4_1_of_1.png,FETAL_PLANES_DB,not head,Maternal cervix,,299,train,Aloka
Patient00301_Plane4_1_of_1.png,FETAL_PLANES_DB,not head,Maternal cervix,,301,train,Voluson E6
Patient00302_Plane4_1_of_1.png,FETAL_PLANES_DB,not head,Maternal cervix,,302,train,Voluson E6
Patient00303_Plane4_1_of_1.png,FETAL_PLANES_DB,not head,Maternal cervix,,303,train,Aloka
Patient00306_Plane4_1_of_1.png,FETAL_PLANES_DB,not head,Maternal cervix,,306,train,Aloka
Patient00308_Plane4_1_of_1.png,FETAL_PLANES_DB,not head,Maternal cervix,,308,train,Aloka
Patient00309_Plane4_1_of_1.png,FETAL_PLANES_DB,not head,Maternal cervix,,309,train,Aloka
Patient00310_Plane4_1_of_1.png,FETAL_PLANES_DB,not head,Maternal cervix,,310,train,Aloka
Patient00311_Plane4_1_of_1.png,FETAL_PLANES_DB,not head,Maternal cervix,,311,train,Aloka
Patient00312_Plane4_1_of_1.png,FETAL_PLANES_DB,not head,Maternal cervix,,312,train,Aloka
Patient00314_Plane4_1_of_1.png,FETAL_PLANES_DB,not head,Maternal cervix,,314,train,Aloka
Patient00315_Plane4_1_of_1.png,FETAL_PLANES_DB,not head,Maternal cervix,,315,train,Aloka
Patient00316_Plane4_1_of_1.png,FETAL_PLANES_DB,not head,Maternal cervix,,316,train,Aloka
Patient00317_Plane4_1_of_1.png,FETAL_PLANES_DB,not head,Maternal cervix,,317,train,Aloka
Patient00320_Plane4_1_of_1.png,FETAL_PLANES_DB,not head,Maternal cervix,,320,train,Aloka
Patient00321_Plane4_1_of_1.png,FETAL_PLANES_DB,not head,Maternal cervix,,321,train,Aloka
Patient00322_Plane4_1_of_1.png,FETAL_PLANES_DB,not head,Maternal cervix,,322,train,Aloka
Patient00323_Plane4_1_of_1.png,FETAL_PLANES_DB,not head,Maternal cervix,,323,train,Aloka
Patient00324_Plane4_1_of_1.png,FETAL_PLANES_DB,not head,Maternal cervix,,324,train,Aloka
Patient00325_Plane4_1_of_1.png,FETAL_PLANES_DB,not head,Maternal cervix,,325,train,Aloka
Patient00328_Plane4_1_of_1.png,FETAL_PLANES_DB,not head,Maternal cervix,,328,train,Aloka
Patient00331_Plane4_1_of_1.png,FETAL_PLANES_DB,not head,Maternal cervix,,331,train,Aloka
Patient00333_Plane4_1_of_1.png,FETAL_PLANES_DB,not head,Maternal cervix,,333,train,Aloka
Patient00334_Plane4_1_of_1.png,FETAL_PLANES_DB,not head,Maternal cervix,,334,train,Aloka
Patient00336_Plane4_1_of_1.png,FETAL_PLANES_DB,not head,Maternal cervix,,336,train,Aloka
Patient00337_Plane4_1_of_1.png,FETAL_PLANES_DB,not head,Maternal cervix,,337,train,Aloka
Patient00338_Plane4_1_of_1.png,FETAL_PLANES_DB,not head,Maternal cervix,,338,train,Voluson E6
Patient00339_Plane4_1_of_1.png,FETAL_PLANES_DB,not head,Maternal cervix,,339,train,Aloka
Patient00342_Plane4_1_of_1.png,FETAL_PLANES_DB,not head,Maternal cervix,,342,train,Aloka
Patient00343_Plane4_1_of_1.png,FETAL_PLANES_DB,not head,Maternal cervix,,343,train,Aloka
Patient00345_Plane4_1_of_1.png,FETAL_PLANES_DB,not head,Maternal cervix,,345,train,Aloka
Patient00348_Plane4_1_of_1.png,FETAL_PLANES_DB,not head,Maternal cervix,,348,train,Aloka
Patient00351_Plane4_1_of_1.png,FETAL_PLANES_DB,not head,Maternal cervix,,351,train,Aloka
Patient00352_Plane4_1_of_1.png,FETAL_PLANES_DB,not head,Maternal cervix,,352,train,Aloka
Patient00354_Plane4_1_of_1.png,FETAL_PLANES_DB,not head,Maternal cervix,,354,train,Aloka
Patient00360_Plane4_1_of_1.png,FETAL_PLANES_DB,not head,Maternal cervix,,360,train,Aloka
Patient00361_Plane4_1_of_1.png,FETAL_PLANES_DB,not head,Maternal cervix,,361,train,Aloka
Patient00364_Plane4_1_of_1.png,FETAL_PLANES_DB,not head,Maternal cervix,,364,train,Aloka
Patient00365_Plane4_1_of_1.png,FETAL_PLANES_DB,not head,Maternal cervix,,365,train,Aloka
Patient00368_Plane4_1_of_1.png,FETAL_PLANES_DB,not head,Maternal cervix,,368,train,Aloka
Patient00369_Plane4_1_of_1.png,FETAL_PLANES_DB,not head,Maternal cervix,,369,train,Aloka
Patient00371_Plane4_1_of_1.png,FETAL_PLANES_DB,not head,Maternal cervix,,371,train,Aloka
Patient00372_Plane4_1_of_1.png,FETAL_PLANES_DB,not head,Maternal cervix,,372,train,Aloka
Patient00374_Plane4_1_of_1.png,FETAL_PLANES_DB,not head,Maternal cervix,,374,train,Aloka
Patient00379_Plane4_1_of_1.png,FETAL_PLANES_DB,not head,Maternal cervix,,379,train,Aloka
Patient00380_Plane4_1_of_1.png,FETAL_PLANES_DB,not head,Maternal cervix,,380,train,Aloka
Patient00383_Plane4_1_of_1.png,FETAL_PLANES_DB,not head,Maternal cervix,,383,train,Aloka
Patient00386_Plane4_1_of_1.png,FETAL_PLANES_DB,not head,Maternal cervix,,386,train,Aloka
Patient00387_Plane4_1_of_1.png,FETAL_PLANES_DB,not head,Maternal cervix,,387,train,Aloka
Patient00388_Plane4_1_of_1.png,FETAL_PLANES_DB,not head,Maternal cervix,,388,train,Aloka
Patient00389_Plane4_1_of_1.png,FETAL_PLANES_DB,not head,Maternal cervix,,389,train,Aloka
Patient00390_Plane4_1_of_1.png,FETAL_PLANES_DB,not head,Maternal cervix,,390,train,Aloka
Patient00391_Plane4_1_of_1.png,FETAL_PLANES_DB,not head,Maternal cervix,,391,train,Aloka
Patient00392_Plane4_1_of_1.png,FETAL_PLANES_DB,not head,Maternal cervix,,392,train,Aloka
Patient00395_Plane4_1_of_1.png,FETAL_PLANES_DB,not head,Maternal cervix,,395,train,Aloka
Patient00397_Plane4_1_of_1.png,FETAL_PLANES_DB,not head,Maternal cervix,,397,train,Aloka
Patient00398_Plane4_1_of_1.png,FETAL_PLANES_DB,not head,Maternal cervix,,398,train,Aloka
Patient00399_Plane4_1_of_1.png,FETAL_PLANES_DB,not head,Maternal cervix,,399,train,Aloka
Patient00400_Plane4_1_of_1.png,FETAL_PLANES_DB,not head,Maternal cervix,,400,train,Aloka
Patient00401_Plane4_1_of_1.png,FETAL_PLANES_DB,not head,Maternal cervix,,401,train,Aloka
Patient00402_Plane4_1_of_1.png,FETAL_PLANES_DB,not head,Maternal cervix,,402,train,Aloka
Patient00403_Plane4_1_of_1.png,FETAL_PLANES_DB,not head,Maternal cervix,,403,train,Aloka
Patient00404_Plane4_1_of_1.png,FETAL_PLANES_DB,not head,Maternal cervix,,404,train,Aloka
Patient00405_Plane4_1_of_1.png,FETAL_PLANES_DB,not head,Maternal cervix,,405,train,Aloka
Patient00408_Plane4_1_of_1.png,FETAL_PLANES_DB,not head,Maternal cervix,,408,train,Aloka
Patient00411_Plane4_1_of_1.png,FETAL_PLANES_DB,not head,Maternal cervix,,411,train,Aloka
Patient00413_Plane4_1_of_1.png,FETAL_PLANES_DB,not head,Maternal cervix,,413,train,Aloka
Patient00417_Plane4_1_of_1.png,FETAL_PLANES_DB,not head,Maternal cervix,,417,train,Aloka
Patient00419_Plane4_1_of_1.png,FETAL_PLANES_DB,not head,Maternal cervix,,419,train,Aloka
Patient00420_Plane4_1_of_1.png,FETAL_PLANES_DB,not head,Maternal cervix,,420,train,Aloka
Patient00421_Plane4_1_of_1.png,FETAL_PLANES_DB,not head,Maternal cervix,,421,train,Aloka
Patient00424_Plane4_1_of_1.png,FETAL_PLANES_DB,not head,Maternal cervix,,424,train,Aloka
Patient00425_Plane4_1_of_1.png,FETAL_PLANES_DB,not head,Maternal cervix,,425,train,Aloka
Patient00427_Plane4_1_of_1.png,FETAL_PLANES_DB,not head,Maternal cervix,,427,train,Aloka
Patient00428_Plane4_1_of_1.png,FETAL_PLANES_DB,not head,Maternal cervix,,428,train,Aloka
Patient00430_Plane4_1_of_1.png,FETAL_PLANES_DB,not head,Maternal cervix,,430,train,Aloka
Patient00432_Plane4_1_of_1.png,FETAL_PLANES_DB,not head,Maternal cervix,,432,train,Aloka
Patient00433_Plane4_1_of_1.png,FETAL_PLANES_DB,not head,Maternal cervix,,433,train,Aloka
Patient00435_Plane4_1_of_1.png,FETAL_PLANES_DB,not head,Maternal cervix,,435,train,Aloka
Patient00436_Plane4_1_of_1.png,FETAL_PLANES_DB,not head,Maternal cervix,,436,train,Aloka
Patient00437_Plane4_1_of_1.png,FETAL_PLANES_DB,not head,Maternal cervix,,437,train,Aloka
Patient00438_Plane4_1_of_1.png,FETAL_PLANES_DB,not head,Maternal cervix,,438,train,Aloka
Patient00440_Plane4_1_of_1.png,FETAL_PLANES_DB,not head,Maternal cervix,,440,train,Aloka
Patient00445_Plane4_1_of_1.png,FETAL_PLANES_DB,not head,Maternal cervix,,445,train,Aloka
Patient00448_Plane4_1_of_1.png,FETAL_PLANES_DB,not head,Maternal cervix,,448,train,Aloka
Patient00449_Plane4_1_of_1.png,FETAL_PLANES_DB,not head,Maternal cervix,,449,train,Aloka
Patient00450_Plane4_1_of_1.png,FETAL_PLANES_DB,not head,Maternal cervix,,450,train,Aloka
Patient00451_Plane4_1_of_1.png,FETAL_PLANES_DB,not head,Maternal cervix,,451,train,Aloka
Patient00452_Plane4_1_of_1.png,FETAL_PLANES_DB,not head,Maternal cervix,,452,train,Aloka
Patient00453_Plane4_1_of_1.png,FETAL_PLANES_DB,not head,Maternal cervix,,453,train,Aloka
Patient00454_Plane4_1_of_1.png,FETAL_PLANES_DB,not head,Maternal cervix,,454,train,Aloka
Patient00455_Plane4_1_of_1.png,FETAL_PLANES_DB,not head,Maternal cervix,,455,train,Aloka
Patient00457_Plane4_1_of_1.png,FETAL_PLANES_DB,not head,Maternal cervix,,457,train,Aloka
Patient00458_Plane4_1_of_1.png,FETAL_PLANES_DB,not head,Maternal cervix,,458,train,Aloka
Patient00459_Plane4_1_of_1.png,FETAL_PLANES_DB,not head,Maternal cervix,,459,train,Aloka
Patient00460_Plane4_1_of_1.png,FETAL_PLANES_DB,not head,Maternal cervix,,460,train,Aloka
Patient00461_Plane4_1_of_1.png,FETAL_PLANES_DB,not head,Maternal cervix,,461,train,Aloka
Patient00462_Plane4_1_of_1.png,FETAL_PLANES_DB,not head,Maternal cervix,,462,train,Aloka
Patient00464_Plane4_1_of_1.png,FETAL_PLANES_DB,not head,Maternal cervix,,464,train,Aloka
Patient00465_Plane4_1_of_1.png,FETAL_PLANES_DB,not head,Maternal cervix,,465,train,Aloka
Patient00467_Plane4_1_of_1.png,FETAL_PLANES_DB,not head,Maternal cervix,,467,train,Aloka
Patient00468_Plane4_1_of_1.png,FETAL_PLANES_DB,not head,Maternal cervix,,468,train,Aloka
Patient00469_Plane4_1_of_1.png,FETAL_PLANES_DB,not head,Maternal cervix,,469,train,Aloka
Patient00470_Plane4_1_of_1.png,FETAL_PLANES_DB,not head,Maternal cervix,,470,train,Aloka
Patient00472_Plane4_1_of_1.png,FETAL_PLANES_DB,not head,Maternal cervix,,472,train,Aloka
Patient00473_Plane4_1_of_1.png,FETAL_PLANES_DB,not head,Maternal cervix,,473,train,Aloka
Patient00475_Plane4_1_of_1.png,FETAL_PLANES_DB,not head,Maternal cervix,,475,train,Aloka
Patient00477_Plane4_1_of_1.png,FETAL_PLANES_DB,not head,Maternal cervix,,477,train,Aloka
Patient00481_Plane4_1_of_1.png,FETAL_PLANES_DB,not head,Maternal cervix,,481,train,Aloka
Patient00482_Plane4_1_of_1.png,FETAL_PLANES_DB,not head,Maternal cervix,,482,train,Aloka
Patient00483_Plane4_1_of_1.png,FETAL_PLANES_DB,not head,Maternal cervix,,483,train,Aloka
Patient00485_Plane4_1_of_1.png,FETAL_PLANES_DB,not head,Maternal cervix,,485,train,Aloka
Patient00486_Plane4_1_of_1.png,FETAL_PLANES_DB,not head,Maternal cervix,,486,train,Aloka
Patient00488_Plane4_1_of_1.png,FETAL_PLANES_DB,not head,Maternal cervix,,488,train,Aloka
Patient00489_Plane4_1_of_1.png,FETAL_PLANES_DB,not head,Maternal cervix,,489,train,Aloka
Patient00490_Plane4_1_of_1.png,FETAL_PLANES_DB,not head,Maternal cervix,,490,train,Aloka
Patient00491_Plane4_1_of_1.png,FETAL_PLANES_DB,not head,Maternal cervix,,491,train,Aloka
Patient00495_Plane4_1_of_1.png,FETAL_PLANES_DB,not head,Maternal cervix,,495,train,Aloka
Patient00500_Plane4_1_of_1.png,FETAL_PLANES_DB,not head,Maternal cervix,,500,train,Aloka
Patient00502_Plane4_1_of_2.png,FETAL_PLANES_DB,not head,Maternal cervix,,502,train,Voluson E6
Patient00502_Plane4_2_of_2.png,FETAL_PLANES_DB,not head,Maternal cervix,,502,train,Voluson E6
Patient00503_Plane4_1_of_1.png,FETAL_PLANES_DB,not head,Maternal cervix,,503,train,Aloka
Patient00506_Plane4_1_of_1.png,FETAL_PLANES_DB,not head,Maternal cervix,,506,train,Aloka
Patient00507_Plane4_1_of_1.png,FETAL_PLANES_DB,not head,Maternal cervix,,507,train,Aloka
Patient00508_Plane4_1_of_1.png,FETAL_PLANES_DB,not head,Maternal cervix,,508,train,Aloka
Patient00509_Plane4_1_of_1.png,FETAL_PLANES_DB,not head,Maternal cervix,,509,train,Aloka
Patient00513_Plane4_1_of_1.png,FETAL_PLANES_DB,not head,Maternal cervix,,513,train,Aloka
Patient00514_Plane4_1_of_1.png,FETAL_PLANES_DB,not head,Maternal cervix,,514,train,Aloka
Patient00515_Plane4_1_of_1.png,FETAL_PLANES_DB,not head,Maternal cervix,,515,train,Aloka
Patient00517_Plane4_1_of_1.png,FETAL_PLANES_DB,not head,Maternal cervix,,517,train,Aloka
Patient00520_Plane4_1_of_1.png,FETAL_PLANES_DB,not head,Maternal cervix,,520,train,Aloka
Patient00521_Plane4_1_of_1.png,FETAL_PLANES_DB,not head,Maternal cervix,,521,train,Aloka
Patient00523_Plane4_1_of_1.png,FETAL_PLANES_DB,not head,Maternal cervix,,523,train,Aloka
Patient00525_Plane4_1_of_1.png,FETAL_PLANES_DB,not head,Maternal cervix,,525,train,Aloka
Patient00527_Plane4_1_of_1.png,FETAL_PLANES_DB,not head,Maternal cervix,,527,train,Aloka
Patient00528_Plane4_1_of_1.png,FETAL_PLANES_DB,not head,Maternal cervix,,528,train,Aloka
Patient00529_Plane4_1_of_1.png,FETAL_PLANES_DB,not head,Maternal cervix,,529,train,Voluson E6
Patient00530_Plane4_1_of_1.png,FETAL_PLANES_DB,not head,Maternal cervix,,530,train,Aloka
Patient00532_Plane4_1_of_1.png,FETAL_PLANES_DB,not head,Maternal cervix,,532,train,Aloka
Patient00535_Plane4_1_of_1.png,FETAL_PLANES_DB,not head,Maternal cervix,,535,train,Aloka
Patient00537_Plane4_1_of_1.png,FETAL_PLANES_DB,not head,Maternal cervix,,537,train,Aloka
Patient00538_Plane4_1_of_1.png,FETAL_PLANES_DB,not head,Maternal cervix,,538,train,Aloka
Patient00539_Plane4_1_of_1.png,FETAL_PLANES_DB,not head,Maternal cervix,,539,train,Aloka
Patient00540_Plane4_1_of_1.png,FETAL_PLANES_DB,not head,Maternal cervix,,540,train,Aloka
Patient00543_Plane4_1_of_1.png,FETAL_PLANES_DB,not head,Maternal cervix,,543,train,Aloka
Patient00544_Plane4_1_of_1.png,FETAL_PLANES_DB,not head,Maternal cervix,,544,train,Aloka
Patient00545_Plane4_1_of_1.png,FETAL_PLANES_DB,not head,Maternal cervix,,545,train,Aloka
Patient00546_Plane4_1_of_1.png,FETAL_PLANES_DB,not head,Maternal cervix,,546,train,Aloka
Patient00548_Plane4_1_of_1.png,FETAL_PLANES_DB,not head,Maternal cervix,,548,train,Aloka
Patient00550_Plane4_1_of_1.png,FETAL_PLANES_DB,not head,Maternal cervix,,550,train,Aloka
Patient00551_Plane4_1_of_1.png,FETAL_PLANES_DB,not head,Maternal cervix,,551,train,Aloka
Patient00553_Plane4_1_of_1.png,FETAL_PLANES_DB,not head,Maternal cervix,,553,train,Aloka
Patient00554_Plane4_1_of_1.png,FETAL_PLANES_DB,not head,Maternal cervix,,554,train,Aloka
Patient00555_Plane4_1_of_1.png,FETAL_PLANES_DB,not head,Maternal cervix,,555,train,Aloka
Patient00559_Plane4_1_of_1.png,FETAL_PLANES_DB,not head,Maternal cervix,,559,train,Aloka
Patient00561_Plane4_1_of_1.png,FETAL_PLANES_DB,not head,Maternal cervix,,561,train,Aloka
Patient00562_Plane4_1_of_1.png,FETAL_PLANES_DB,not head,Maternal cervix,,562,train,Aloka
Patient00563_Plane4_1_of_1.png,FETAL_PLANES_DB,not head,Maternal cervix,,563,train,Aloka
Patient00564_Plane4_1_of_1.png,FETAL_PLANES_DB,not head,Maternal cervix,,564,train,Aloka
Patient00565_Plane4_1_of_1.png,FETAL_PLANES_DB,not head,Maternal cervix,,565,train,Aloka
Patient00566_Plane4_1_of_1.png,FETAL_PLANES_DB,not head,Maternal cervix,,566,train,Aloka
Patient00568_Plane4_1_of_1.png,FETAL_PLANES_DB,not head,Maternal cervix,,568,train,Aloka
Patient00573_Plane4_1_of_1.png,FETAL_PLANES_DB,not head,Maternal cervix,,573,train,Aloka
Patient00576_Plane4_1_of_1.png,FETAL_PLANES_DB,not head,Maternal cervix,,576,train,Aloka
Patient00578_Plane4_1_of_1.png,FETAL_PLANES_DB,not head,Maternal cervix,,578,train,Aloka
Patient00580_Plane4_1_of_1.png,FETAL_PLANES_DB,not head,Maternal cervix,,580,train,Aloka
Patient00581_Plane4_1_of_1.png,FETAL_PLANES_DB,not head,Maternal cervix,,581,train,Aloka
Patient00583_Plane4_1_of_1.png,FETAL_PLANES_DB,not head,Maternal cervix,,583,train,Aloka
Patient00584_Plane4_1_of_1.png,FETAL_PLANES_DB,not head,Maternal cervix,,584,train,Aloka
Patient00588_Plane4_1_of_1.png,FETAL_PLANES_DB,not head,Maternal cervix,,588,train,Aloka
Patient00589_Plane4_1_of_1.png,FETAL_PLANES_DB,not head,Maternal cervix,,589,train,Aloka
Patient00590_Plane4_1_of_1.png,FETAL_PLANES_DB,not head,Maternal cervix,,590,train,Aloka
Patient00591_Plane4_1_of_1.png,FETAL_PLANES_DB,not head,Maternal cervix,,591,train,Aloka
Patient00592_Plane4_1_of_1.png,FETAL_PLANES_DB,not head,Maternal cervix,,592,train,Aloka
Patient00594_Plane4_1_of_1.png,FETAL_PLANES_DB,not head,Maternal cervix,,594,train,Aloka
Patient00595_Plane4_1_of_1.png,FETAL_PLANES_DB,not head,Maternal cervix,,595,train,Aloka
Patient00596_Plane4_1_of_1.png,FETAL_PLANES_DB,not head,Maternal cervix,,596,train,Aloka
Patient00598_Plane4_1_of_1.png,FETAL_PLANES_DB,not head,Maternal cervix,,598,train,Aloka
Patient00599_Plane4_1_of_1.png,FETAL_PLANES_DB,not head,Maternal cervix,,599,train,Aloka
Patient00600_Plane4_1_of_1.png,FETAL_PLANES_DB,not head,Maternal cervix,,600,train,Aloka
Patient00601_Plane4_1_of_1.png,FETAL_PLANES_DB,not head,Maternal cervix,,601,train,Aloka
Patient00603_Plane4_1_of_1.png,FETAL_PLANES_DB,not head,Maternal cervix,,603,train,Aloka
Patient00604_Plane4_1_of_1.png,FETAL_PLANES_DB,not head,Maternal cervix,,604,train,Aloka
Patient00605_Plane4_1_of_2.png,FETAL_PLANES_DB,not head,Maternal cervix,,605,train,Voluson E6
Patient00605_Plane4_2_of_2.png,FETAL_PLANES_DB,not head,Maternal cervix,,605,train,Voluson E6
Patient00606_Plane4_1_of_1.png,FETAL_PLANES_DB,not head,Maternal cervix,,606,train,Voluson E6
Patient00607_Plane4_1_of_1.png,FETAL_PLANES_DB,not head,Maternal cervix,,607,train,Other
Patient00608_Plane4_1_of_1.png,FETAL_PLANES_DB,not head,Maternal cervix,,608,train,Aloka
Patient00612_Plane4_1_of_1.png,FETAL_PLANES_DB,not head,Maternal cervix,,612,train,Voluson E6
Patient00613_Plane4_1_of_2.png,FETAL_PLANES_DB,not head,Maternal cervix,,613,train,Voluson E6
Patient00613_Plane4_2_of_2.png,FETAL_PLANES_DB,not head,Maternal cervix,,613,train,Voluson E6
Patient00614_Plane4_1_of_1.png,FETAL_PLANES_DB,not head,Maternal cervix,,614,train,Voluson E6
Patient00615_Plane4_1_of_1.png,FETAL_PLANES_DB,not head,Maternal cervix,,615,train,Aloka
Patient00617_Plane4_1_of_1.png,FETAL_PLANES_DB,not head,Maternal cervix,,617,train,Voluson E6
Patient00618_Plane4_1_of_1.png,FETAL_PLANES_DB,not head,Maternal cervix,,618,train,Voluson E6
Patient00619_Plane4_1_of_2.png,FETAL_PLANES_DB,not head,Maternal cervix,,619,train,Voluson E6
Patient00619_Plane4_2_of_2.png,FETAL_PLANES_DB,not head,Maternal cervix,,619,train,Voluson E6
Patient00621_Plane4_1_of_1.png,FETAL_PLANES_DB,not head,Maternal cervix,,621,train,Voluson E6
Patient00623_Plane4_1_of_2.png,FETAL_PLANES_DB,not head,Maternal cervix,,623,train,Voluson E6
Patient00623_Plane4_2_of_2.png,FETAL_PLANES_DB,not head,Maternal cervix,,623,train,Voluson E6
Patient00624_Plane4_1_of_1.png,FETAL_PLANES_DB,not head,Maternal cervix,,624,train,Voluson E6
Patient00626_Plane4_1_of_1.png,FETAL_PLANES_DB,not head,Maternal cervix,,626,train,Voluson E6
Patient00627_Plane3_1_of_1.png,FETAL_PLANES_DB,head,Fetal brain,Trans-thalamic,627,train,Other
Patient00627_Plane5_1_of_1.png,FETAL_PLANES_DB,not head,Fetal femur,,627,train,Other
Patient00630_Plane3_1_of_1.png,FETAL_PLANES_DB,head,Fetal brain,Trans-ventricular,630,train,Other
Patient00630_Plane1_1_of_1.png,FETAL_PLANES_DB,not head,Other,,630,train,Other
Patient00631_Plane2_1_of_1.png,FETAL_PLANES_DB,not head,Fetal abdomen,,631,train,Other
Patient00631_Plane3_1_of_1.png,FETAL_PLANES_DB,head,Fetal brain,Trans-thalamic,631,train,Other
Patient00631_Plane5_1_of_1.png,FETAL_PLANES_DB,not head,Fetal femur,,631,train,Other
Patient00632_Plane4_1_of_1.png,FETAL_PLANES_DB,not head,Maternal cervix,,632,train,Aloka
Patient00634_Plane4_1_of_1.png,FETAL_PLANES_DB,not head,Maternal cervix,,634,train,Aloka
Patient00635_Plane4_1_of_1.png,FETAL_PLANES_DB,not head,Maternal cervix,,635,train,Aloka
Patient00636_Plane4_1_of_1.png,FETAL_PLANES_DB,not head,Maternal cervix,,636,train,Aloka
Patient00637_Plane4_1_of_1.png,FETAL_PLANES_DB,not head,Maternal cervix,,637,train,Aloka
Patient00639_Plane4_1_of_1.png,FETAL_PLANES_DB,not head,Maternal cervix,,639,train,Aloka
Patient00641_Plane3_1_of_1.png,FETAL_PLANES_DB,head,Fetal brain,Trans-thalamic,641,train,Other
Patient00641_Plane5_1_of_1.png,FETAL_PLANES_DB,not head,Fetal femur,,641,train,Other
Patient00645_Plane3_1_of_1.png,FETAL_PLANES_DB,head,Fetal brain,Trans-cerebellum,645,train,Other
Patient00645_Plane1_1_of_1.png,FETAL_PLANES_DB,not head,Other,,645,train,Other
Patient00646_Plane3_1_of_1.png,FETAL_PLANES_DB,head,Fetal brain,Trans-thalamic,646,train,Other
Patient00646_Plane5_1_of_1.png,FETAL_PLANES_DB,not head,Fetal femur,,646,train,Other
Patient00648_Plane3_1_of_1.png,FETAL_PLANES_DB,head,Fetal brain,Trans-thalamic,648,train,Other
Patient00648_Plane1_1_of_1.png,FETAL_PLANES_DB,not head,Other,,648,train,Other
Patient00650_Plane5_1_of_1.png,FETAL_PLANES_DB,not head,Fetal femur,,650,train,Other
Patient00651_Plane3_1_of_1.png,FETAL_PLANES_DB,head,Fetal brain,Trans-thalamic,651,train,Other
Patient00651_Plane5_1_of_1.png,FETAL_PLANES_DB,not head,Fetal femur,,651,train,Other
Patient00652_Plane3_1_of_1.png,FETAL_PLANES_DB,head,Fetal brain,Trans-ventricular,652,train,Other
Patient00652_Plane5_1_of_1.png,FETAL_PLANES_DB,not head,Fetal femur,,652,train,Other
Patient00655_Plane3_1_of_1.png,FETAL_PLANES_DB,head,Fetal brain,Trans-thalamic,655,train,Other
Patient00655_Plane5_1_of_1.png,FETAL_PLANES_DB,not head,Fetal femur,,655,train,Other
Patient00655_Plane1_1_of_1.png,FETAL_PLANES_DB,not head,Other,,655,train,Other
Patient00657_Plane3_1_of_1.png,FETAL_PLANES_DB,head,Fetal brain,Trans-cerebellum,657,train,Other
Patient00657_Plane5_1_of_1.png,FETAL_PLANES_DB,not head,Fetal femur,,657,train,Other
Patient00660_Plane3_1_of_1.png,FETAL_PLANES_DB,head,Fetal brain,Other,660,train,Other
Patient00660_Plane5_1_of_1.png,FETAL_PLANES_DB,not head,Fetal femur,,660,train,Other
Patient00660_Plane1_1_of_1.png,FETAL_PLANES_DB,not head,Other,,660,train,Other
Patient00661_Plane3_1_of_1.png,FETAL_PLANES_DB,head,Fetal brain,Trans-ventricular,661,train,Other
Patient00661_Plane5_1_of_1.png,FETAL_PLANES_DB,not head,Fetal femur,,661,train,Other
Patient00661_Plane1_1_of_1.png,FETAL_PLANES_DB,not head,Other,,661,train,Other
Patient00662_Plane3_1_of_1.png,FETAL_PLANES_DB,head,Fetal brain,Trans-cerebellum,662,train,Other
Patient00662_Plane5_1_of_1.png,FETAL_PLANES_DB,not head,Fetal femur,,662,train,Other
Patient00664_Plane3_1_of_1.png,FETAL_PLANES_DB,head,Fetal brain,Other,664,train,Other
Patient00664_Plane5_1_of_1.png,FETAL_PLANES_DB,not head,Fetal femur,,664,train,Other
Patient00665_Plane3_1_of_1.png,FETAL_PLANES_DB,head,Fetal brain,Trans-thalamic,665,train,Other
Patient00665_Plane5_1_of_1.png,FETAL_PLANES_DB,not head,Fetal femur,,665,train,Other
Patient00666_Plane3_1_of_1.png,FETAL_PLANES_DB,head,Fetal brain,Trans-thalamic,666,train,Other
Patient00666_Plane5_1_of_1.png,FETAL_PLANES_DB,not head,Fetal femur,,666,train,Other
Patient00667_Plane3_1_of_1.png,FETAL_PLANES_DB,head,Fetal brain,Other,667,train,Other
Patient00667_Plane5_1_of_2.png,FETAL_PLANES_DB,not head,Fetal femur,,667,train,Other
Patient00667_Plane5_2_of_2.png,FETAL_PLANES_DB,not head,Fetal femur,,667,train,Other
Patient00668_Plane3_1_of_1.png,FETAL_PLANES_DB,head,Fetal brain,Other,668,train,Voluson E6
Patient00668_Plane5_1_of_1.png,FETAL_PLANES_DB,not head,Fetal femur,,668,train,Voluson E6
Patient00669_Plane3_1_of_1.png,FETAL_PLANES_DB,head,Fetal brain,Trans-thalamic,669,train,Voluson E6
Patient00669_Plane5_1_of_1.png,FETAL_PLANES_DB,not head,Fetal femur,,669,train,Voluson E6
Patient00670_Plane3_1_of_1.png,FETAL_PLANES_DB,head,Fetal brain,Trans-thalamic,670,train,Other
Patient00670_Plane1_1_of_1.png,FETAL_PLANES_DB,not head,Other,,670,train,Other
Patient00671_Plane3_1_of_1.png,FETAL_PLANES_DB,head,Fetal brain,Trans-thalamic,671,train,Other
Patient00671_Plane5_1_of_1.png,FETAL_PLANES_DB,not head,Fetal femur,,671,train,Other
Patient00671_Plane1_1_of_1.png,FETAL_PLANES_DB,not head,Other,,671,train,Other
Patient00673_Plane3_1_of_1.png,FETAL_PLANES_DB,head,Fetal brain,Trans-thalamic,673,train,Other
Patient00673_Plane5_1_of_1.png,FETAL_PLANES_DB,not head,Fetal femur,,673,train,Other
Patient00673_Plane1_1_of_1.png,FETAL_PLANES_DB,not head,Other,,673,train,Other
Patient00674_Plane3_1_of_1.png,FETAL_PLANES_DB,head,Fetal brain,Other,674,train,Other
Patient00674_Plane5_1_of_1.png,FETAL_PLANES_DB,not head,Fetal femur,,674,train,Other
Patient00674_Plane1_1_of_1.png,FETAL_PLANES_DB,not head,Other,,674,train,Other
Patient00675_Plane3_1_of_1.png,FETAL_PLANES_DB,head,Fetal brain,Trans-cerebellum,675,train,Voluson E6
Patient00675_Plane5_1_of_1.png,FETAL_PLANES_DB,not head,Fetal femur,,675,train,Voluson E6
Patient00677_Plane3_1_of_1.png,FETAL_PLANES_DB,head,Fetal brain,Other,677,train,Voluson E6
Patient00677_Plane1_1_of_1.png,FETAL_PLANES_DB,not head,Other,,677,train,Voluson E6
Patient00678_Plane3_1_of_1.png,FETAL_PLANES_DB,head,Fetal brain,Trans-thalamic,678,train,Other
Patient00678_Plane5_1_of_1.png,FETAL_PLANES_DB,not head,Fetal femur,,678,train,Other
Patient00679_Plane3_1_of_1.png,FETAL_PLANES_DB,head,Fetal brain,Trans-thalamic,679,train,Other
Patient00679_Plane5_1_of_1.png,FETAL_PLANES_DB,not head,Fetal femur,,679,train,Other
Patient00680_Plane2_1_of_1.png,FETAL_PLANES_DB,not head,Fetal abdomen,,680,train,Other
Patient00680_Plane3_1_of_1.png,FETAL_PLANES_DB,head,Fetal brain,Trans-thalamic,680,train,Other
Patient00680_Plane5_1_of_1.png,FETAL_PLANES_DB,not head,Fetal femur,,680,train,Other
Patient00681_Plane3_1_of_1.png,FETAL_PLANES_DB,head,Fetal brain,Trans-thalamic,681,train,Other
Patient00681_Plane1_1_of_1.png,FETAL_PLANES_DB,not head,Other,,681,train,Other
Patient00683_Plane3_1_of_2.png,FETAL_PLANES_DB,head,Fetal brain,Trans-thalamic,683,train,Voluson E6
Patient00683_Plane3_2_of_2.png,FETAL_PLANES_DB,head,Fetal brain,Trans-thalamic,683,train,Voluson E6
Patient00688_Plane3_1_of_1.png,FETAL_PLANES_DB,head,Fetal brain,Trans-ventricular,688,train,Voluson E6
Patient00688_Plane4_1_of_1.png,FETAL_PLANES_DB,not head,Maternal cervix,,688,train,Voluson E6
Patient00688_Plane6_1_of_1.png,FETAL_PLANES_DB,not head,Fetal thorax,,688,train,Voluson E6
Patient00689_Plane4_1_of_1.png,FETAL_PLANES_DB,not head,Maternal cervix,,689,train,Voluson E6
Patient00689_Plane6_1_of_1.png,FETAL_PLANES_DB,not head,Fetal thorax,,689,train,Voluson E6
Patient00690_Plane3_1_of_4.png,FETAL_PLANES_DB,head,Fetal brain,Trans-thalamic,690,train,Voluson E6
Patient00690_Plane3_2_of_4.png,FETAL_PLANES_DB,head,Fetal brain,Trans-thalamic,690,train,Voluson E6
Patient00690_Plane3_3_of_4.png,FETAL_PLANES_DB,head,Fetal brain,Trans-cerebellum,690,train,Voluson E6
Patient00690_Plane3_4_of_4.png,FETAL_PLANES_DB,head,Fetal brain,Trans-thalamic,690,train,Voluson E6
Patient00690_Plane1_1_of_1.png,FETAL_PLANES_DB,not head,Other,,690,train,Voluson E6
Patient00690_Plane6_1_of_2.png,FETAL_PLANES_DB,not head,Fetal thorax,,690,train,Voluson E6
Patient00690_Plane6_2_of_2.png,FETAL_PLANES_DB,not head,Fetal thorax,,690,train,Voluson E6
Patient00691_Plane3_1_of_1.png,FETAL_PLANES_DB,head,Fetal brain,Trans-thalamic,691,train,Voluson E6
Patient00691_Plane6_1_of_1.png,FETAL_PLANES_DB,not head,Fetal thorax,,691,train,Voluson E6
Patient00695_Plane3_1_of_4.png,FETAL_PLANES_DB,head,Fetal brain,Trans-thalamic,695,train,Voluson E6
Patient00695_Plane3_2_of_4.png,FETAL_PLANES_DB,head,Fetal brain,Trans-thalamic,695,train,Voluson E6
Patient00695_Plane3_3_of_4.png,FETAL_PLANES_DB,head,Fetal brain,Trans-thalamic,695,train,Voluson E6
Patient00695_Plane3_4_of_4.png,FETAL_PLANES_DB,head,Fetal brain,Trans-thalamic,695,train,Voluson E6
Patient00695_Plane5_1_of_1.png,FETAL_PLANES_DB,not head,Fetal femur,,695,train,Voluson E6
Patient00695_Plane1_1_of_1.png,FETAL_PLANES_DB,not head,Other,,695,train,Voluson E6
Patient00696_Plane2_1_of_1.png,FETAL_PLANES_DB,not head,Fetal abdomen,,696,train,Other
Patient00696_Plane3_1_of_1.png,FETAL_PLANES_DB,head,Fetal brain,Trans-cerebellum,696,train,Other
Patient00696_Plane4_1_of_1.png,FETAL_PLANES_DB,not head,Maternal cervix,,696,train,Other
Patient00696_Plane5_1_of_1.png,FETAL_PLANES_DB,not head,Fetal femur,,696,train,Other
Patient00696_Plane6_1_of_2.png,FETAL_PLANES_DB,not head,Fetal thorax,,696,train,Other
Patient00696_Plane6_2_of_2.png,FETAL_PLANES_DB,not head,Fetal thorax,,696,train,Other
Patient00697_Plane3_1_of_7.png,FETAL_PLANES_DB,head,Fetal brain,Trans-thalamic,697,train,Other
Patient00697_Plane3_2_of_7.png,FETAL_PLANES_DB,head,Fetal brain,Trans-thalamic,697,train,Other
Patient00697_Plane3_3_of_7.png,FETAL_PLANES_DB,head,Fetal brain,Trans-thalamic,697,train,Other
Patient00697_Plane3_4_of_7.png,FETAL_PLANES_DB,head,Fetal brain,Trans-thalamic,697,train,Other
Patient00697_Plane3_5_of_7.png,FETAL_PLANES_DB,head,Fetal brain,Trans-thalamic,697,train,Other
Patient00697_Plane3_6_of_7.png,FETAL_PLANES_DB,head,Fetal brain,Trans-thalamic,697,train,Other
Patient00697_Plane3_7_of_7.png,FETAL_PLANES_DB,head,Fetal brain,Trans-thalamic,697,train,Other
Patient00697_Plane5_1_of_1.png,FETAL_PLANES_DB,not head,Fetal femur,,697,train,Other
Patient00699_Plane2_1_of_1.png,FETAL_PLANES_DB,not head,Fetal abdomen,,699,train,Voluson E6
Patient00699_Plane3_1_of_4.png,FETAL_PLANES_DB,head,Fetal brain,Trans-thalamic,699,train,Voluson E6
Patient00699_Plane3_2_of_4.png,FETAL_PLANES_DB,head,Fetal brain,Trans-thalamic,699,train,Voluson E6
Patient00699_Plane3_3_of_4.png,FETAL_PLANES_DB,head,Fetal brain,Trans-ventricular,699,train,Voluson E6
Patient00699_Plane3_4_of_4.png,FETAL_PLANES_DB,head,Fetal brain,Trans-thalamic,699,train,Voluson E6
Patient00699_Plane4_1_of_1.png,FETAL_PLANES_DB,not head,Maternal cervix,,699,train,Voluson E6
Patient00699_Plane5_1_of_1.png,FETAL_PLANES_DB,not head,Fetal femur,,699,train,Voluson E6
Patient00699_Plane6_1_of_1.png,FETAL_PLANES_DB,not head,Fetal thorax,,699,train,Voluson E6
Patient00702_Plane3_1_of_1.png,FETAL_PLANES_DB,head,Fetal brain,Trans-ventricular,702,train,Other
Patient00703_Plane2_1_of_1.png,FETAL_PLANES_DB,not head,Fetal abdomen,,703,train,Other
Patient00703_Plane3_1_of_1.png,FETAL_PLANES_DB,head,Fetal brain,Trans-thalamic,703,train,Other
Patient00704_Plane2_1_of_1.png,FETAL_PLANES_DB,not head,Fetal abdomen,,704,train,Voluson E6
Patient00704_Plane3_1_of_5.png,FETAL_PLANES_DB,head,Fetal brain,Trans-thalamic,704,train,Voluson E6
Patient00704_Plane3_2_of_5.png,FETAL_PLANES_DB,head,Fetal brain,Trans-cerebellum,704,train,Voluson E6
Patient00704_Plane3_3_of_5.png,FETAL_PLANES_DB,head,Fetal brain,Trans-thalamic,704,train,Voluson E6
Patient00704_Plane3_4_of_5.png,FETAL_PLANES_DB,head,Fetal brain,Trans-ventricular,704,train,Voluson E6
Patient00704_Plane3_5_of_5.png,FETAL_PLANES_DB,head,Fetal brain,Trans-thalamic,704,train,Voluson E6
Patient00704_Plane4_1_of_1.png,FETAL_PLANES_DB,not head,Maternal cervix,,704,train,Voluson E6
Patient00704_Plane5_1_of_1.png,FETAL_PLANES_DB,not head,Fetal femur,,704,train,Voluson E6
Patient00704_Plane1_1_of_1.png,FETAL_PLANES_DB,not head,Other,,704,train,Voluson E6
Patient00704_Plane6_1_of_1.png,FETAL_PLANES_DB,not head,Fetal thorax,,704,train,Voluson E6
Patient00706_Plane3_1_of_5.png,FETAL_PLANES_DB,head,Fetal brain,Trans-thalamic,706,train,Voluson E6
Patient00706_Plane3_2_of_5.png,FETAL_PLANES_DB,head,Fetal brain,Trans-thalamic,706,train,Voluson E6
Patient00706_Plane3_3_of_5.png,FETAL_PLANES_DB,head,Fetal brain,Trans-thalamic,706,train,Voluson E6
Patient00706_Plane3_4_of_5.png,FETAL_PLANES_DB,head,Fetal brain,Trans-thalamic,706,train,Voluson E6
Patient00706_Plane3_5_of_5.png,FETAL_PLANES_DB,head,Fetal brain,Trans-cerebellum,706,train,Voluson E6
Patient00706_Plane4_1_of_2.png,FETAL_PLANES_DB,not head,Maternal cervix,,706,train,Voluson E6
Patient00706_Plane4_2_of_2.png,FETAL_PLANES_DB,not head,Maternal cervix,,706,train,Voluson E6
Patient00706_Plane6_1_of_2.png,FETAL_PLANES_DB,not head,Fetal thorax,,706,train,Voluson E6
Patient00706_Plane6_2_of_2.png,FETAL_PLANES_DB,not head,Fetal thorax,,706,train,Voluson E6
Patient00707_Plane2_1_of_2.png,FETAL_PLANES_DB,not head,Fetal abdomen,,707,train,Voluson E6
Patient00707_Plane2_2_of_2.png,FETAL_PLANES_DB,not head,Fetal abdomen,,707,train,Voluson E6
Patient00707_Plane3_1_of_7.png,FETAL_PLANES_DB,head,Fetal brain,Trans-cerebellum,707,train,Voluson E6
Patient00707_Plane3_2_of_7.png,FETAL_PLANES_DB,head,Fetal brain,Trans-thalamic,707,train,Voluson E6
Patient00707_Plane3_3_of_7.png,FETAL_PLANES_DB,head,Fetal brain,Trans-thalamic,707,train,Voluson E6
Patient00707_Plane3_4_of_7.png,FETAL_PLANES_DB,head,Fetal brain,Trans-thalamic,707,train,Voluson E6
Patient00707_Plane3_5_of_7.png,FETAL_PLANES_DB,head,Fetal brain,Trans-thalamic,707,train,Voluson E6
Patient00707_Plane3_6_of_7.png,FETAL_PLANES_DB,head,Fetal brain,Trans-thalamic,707,train,Voluson E6
Patient00707_Plane3_7_of_7.png,FETAL_PLANES_DB,head,Fetal brain,Trans-thalamic,707,train,Voluson E6
Patient00707_Plane5_1_of_1.png,FETAL_PLANES_DB,not head,Fetal femur,,707,train,Voluson E6
Patient00707_Plane6_1_of_1.png,FETAL_PLANES_DB,not head,Fetal thorax,,707,train,Voluson E6
Patient00708_Plane2_1_of_2.png,FETAL_PLANES_DB,not head,Fetal abdomen,,708,train,Other
Patient00708_Plane2_2_of_2.png,FETAL_PLANES_DB,not head,Fetal abdomen,,708,train,Other
Patient00708_Plane3_1_of_6.png,FETAL_PLANES_DB,head,Fetal brain,Trans-thalamic,708,train,Other
Patient00708_Plane3_2_of_6.png,FETAL_PLANES_DB,head,Fetal brain,Trans-thalamic,708,train,Other
Patient00708_Plane3_3_of_6.png,FETAL_PLANES_DB,head,Fetal brain,Trans-thalamic,708,train,Other
Patient00708_Plane3_4_of_6.png,FETAL_PLANES_DB,head,Fetal brain,Trans-thalamic,708,train,Other
Patient00708_Plane3_5_of_6.png,FETAL_PLANES_DB,head,Fetal brain,Trans-cerebellum,708,train,Other
Patient00708_Plane3_6_of_6.png,FETAL_PLANES_DB,head,Fetal brain,Trans-thalamic,708,train,Other
Patient00708_Plane5_1_of_1.png,FETAL_PLANES_DB,not head,Fetal femur,,708,train,Other
Patient00708_Plane6_1_of_2.png,FETAL_PLANES_DB,not head,Fetal thorax,,708,train,Other
Patient00708_Plane6_2_of_2.png,FETAL_PLANES_DB,not head,Fetal thorax,,708,train,Other
Patient00710_Plane2_1_of_1.png,FETAL_PLANES_DB,not head,Fetal abdomen,,710,train,Other
Patient00710_Plane3_1_of_6.png,FETAL_PLANES_DB,head,Fetal brain,Trans-thalamic,710,train,Other
Patient00710_Plane3_2_of_6.png,FETAL_PLANES_DB,head,Fetal brain,Trans-thalamic,710,train,Other
Patient00710_Plane3_3_of_6.png,FETAL_PLANES_DB,head,Fetal brain,Trans-cerebellum,710,train,Other
Patient00710_Plane3_4_of_6.png,FETAL_PLANES_DB,head,Fetal brain,Trans-ventricular,710,train,Other
Patient00710_Plane3_5_of_6.png,FETAL_PLANES_DB,head,Fetal brain,Trans-thalamic,710,train,Other
Patient00710_Plane3_6_of_6.png,FETAL_PLANES_DB,head,Fetal brain,Trans-thalamic,710,train,Other
Patient00710_Plane4_1_of_2.png,FETAL_PLANES_DB,not head,Maternal cervix,,710,train,Other
Patient00710_Plane4_2_of_2.png,FETAL_PLANES_DB,not head,Maternal cervix,,710,train,Other
Patient00710_Plane1_1_of_1.png,FETAL_PLANES_DB,not head,Other,,710,train,Other
Patient00710_Plane6_1_of_1.png,FETAL_PLANES_DB,not head,Fetal thorax,,710,train,Other
Patient00711_Plane3_1_of_1.png,FETAL_PLANES_DB,head,Fetal brain,Trans-thalamic,711,train,Voluson E6
Patient00711_Plane1_1_of_1.png,FETAL_PLANES_DB,not head,Other,,711,train,Voluson E6
Patient00711_Plane6_1_of_4.png,FETAL_PLANES_DB,not head,Fetal thorax,,711,train,Voluson E6
Patient00711_Plane6_2_of_4.png,FETAL_PLANES_DB,not head,Fetal thorax,,711,train,Voluson E6
Patient00711_Plane6_3_of_4.png,FETAL_PLANES_DB,not head,Fetal thorax,,711,train,Voluson E6
Patient00711_Plane6_4_of_4.png,FETAL_PLANES_DB,not head,Fetal thorax,,711,train,Voluson E6
Patient00712_Plane2_1_of_1.png,FETAL_PLANES_DB,not head,Fetal abdomen,,712,train,Voluson E6
Patient00712_Plane3_1_of_4.png,FETAL_PLANES_DB,head,Fetal brain,Trans-thalamic,712,train,Voluson E6
Patient00712_Plane3_2_of_4.png,FETAL_PLANES_DB,head,Fetal brain,Trans-thalamic,712,train,Voluson E6
Patient00712_Plane3_3_of_4.png,FETAL_PLANES_DB,head,Fetal brain,Trans-cerebellum,712,train,Voluson E6
Patient00712_Plane3_4_of_4.png,FETAL_PLANES_DB,head,Fetal brain,Trans-cerebellum,712,train,Voluson E6
Patient00712_Plane4_1_of_3.png,FETAL_PLANES_DB,not head,Maternal cervix,,712,train,Voluson E6
Patient00712_Plane4_2_of_3.png,FETAL_PLANES_DB,not head,Maternal cervix,,712,train,Voluson E6
Patient00712_Plane4_3_of_3.png,FETAL_PLANES_DB,not head,Maternal cervix,,712,train,Voluson E6
Patient00712_Plane5_1_of_1.png,FETAL_PLANES_DB,not head,Fetal femur,,712,train,Voluson E6
Patient00712_Plane1_1_of_1.png,FETAL_PLANES_DB,not head,Other,,712,train,Voluson E6
Patient00712_Plane6_1_of_3.png,FETAL_PLANES_DB,not head,Fetal thorax,,712,train,Voluson E6
Patient00712_Plane6_2_of_3.png,FETAL_PLANES_DB,not head,Fetal thorax,,712,train,Voluson E6
Patient00712_Plane6_3_of_3.png,FETAL_PLANES_DB,not head,Fetal thorax,,712,train,Voluson E6
Patient00714_Plane3_1_of_8.png,FETAL_PLANES_DB,head,Fetal brain,Trans-thalamic,714,train,Voluson E6
Patient00714_Plane3_2_of_8.png,FETAL_PLANES_DB,head,Fetal brain,Trans-ventricular,714,train,Voluson E6
Patient00714_Plane3_3_of_8.png,FETAL_PLANES_DB,head,Fetal brain,Trans-cerebellum,714,train,Voluson E6
Patient00714_Plane3_4_of_8.png,FETAL_PLANES_DB,head,Fetal brain,Trans-thalamic,714,train,Voluson E6
Patient00714_Plane3_5_of_8.png,FETAL_PLANES_DB,head,Fetal brain,Trans-thalamic,714,train,Voluson E6
Patient00714_Plane3_6_of_8.png,FETAL_PLANES_DB,head,Fetal brain,Trans-thalamic,714,train,Voluson E6
Patient00714_Plane3_7_of_8.png,FETAL_PLANES_DB,head,Fetal brain,Trans-ventricular,714,train,Voluson E6
Patient00714_Plane3_8_of_8.png,FETAL_PLANES_DB,head,Fetal brain,Other,714,train,Voluson E6
Patient00714_Plane4_1_of_1.png,FETAL_PLANES_DB,not head,Maternal cervix,,714,train,Voluson E6
Patient00714_Plane5_1_of_1.png,FETAL_PLANES_DB,not head,Fetal femur,,714,train,Voluson E6
Patient00714_Plane1_1_of_1.png,FETAL_PLANES_DB,not head,Other,,714,train,Voluson E6
Patient00714_Plane6_1_of_5.png,FETAL_PLANES_DB,not head,Fetal thorax,,714,train,Voluson E6
Patient00714_Plane6_2_of_5.png,FETAL_PLANES_DB,not head,Fetal thorax,,714,train,Voluson E6
Patient00714_Plane6_3_of_5.png,FETAL_PLANES_DB,not head,Fetal thorax,,714,train,Voluson E6
Patient00714_Plane6_4_of_5.png,FETAL_PLANES_DB,not head,Fetal thorax,,714,train,Voluson E6
Patient00714_Plane6_5_of_5.png,FETAL_PLANES_DB,not head,Fetal thorax,,714,train,Voluson E6
Patient00716_Plane2_1_of_1.png,FETAL_PLANES_DB,not head,Fetal abdomen,,716,train,Voluson E6
Patient00716_Plane3_1_of_6.png,FETAL_PLANES_DB,head,Fetal brain,Trans-thalamic,716,train,Voluson E6
Patient00716_Plane3_2_of_6.png,FETAL_PLANES_DB,head,Fetal brain,Other,716,train,Voluson E6
Patient00716_Plane3_3_of_6.png,FETAL_PLANES_DB,head,Fetal brain,Trans-ventricular,716,train,Voluson E6
Patient00716_Plane3_4_of_6.png,FETAL_PLANES_DB,head,Fetal brain,Trans-thalamic,716,train,Voluson E6
Patient00716_Plane3_5_of_6.png,FETAL_PLANES_DB,head,Fetal brain,Other,716,train,Voluson E6
Patient00716_Plane3_6_of_6.png,FETAL_PLANES_DB,head,Fetal brain,Trans-cerebellum,716,train,Voluson E6
Patient00716_Plane5_1_of_1.png,FETAL_PLANES_DB,not head,Fetal femur,,716,train,Voluson E6
Patient00716_Plane6_1_of_5.png,FETAL_PLANES_DB,not head,Fetal thorax,,716,train,Voluson E6
Patient00716_Plane6_2_of_5.png,FETAL_PLANES_DB,not head,Fetal thorax,,716,train,Voluson E6
Patient00716_Plane6_3_of_5.png,FETAL_PLANES_DB,not head,Fetal thorax,,716,train,Voluson E6
Patient00716_Plane6_4_of_5.png,FETAL_PLANES_DB,not head,Fetal thorax,,716,train,Voluson E6
Patient00716_Plane6_5_of_5.png,FETAL_PLANES_DB,not head,Fetal thorax,,716,train,Voluson E6
Patient00718_Plane2_1_of_1.png,FETAL_PLANES_DB,not head,Fetal abdomen,,718,train,Voluson E6
Patient00718_Plane3_1_of_5.png,FETAL_PLANES_DB,head,Fetal brain,Trans-thalamic,718,train,Voluson E6
Patient00718_Plane3_2_of_5.png,FETAL_PLANES_DB,head,Fetal brain,Trans-thalamic,718,train,Voluson E6
Patient00718_Plane3_3_of_5.png,FETAL_PLANES_DB,head,Fetal brain,Trans-thalamic,718,train,Voluson E6
Patient00718_Plane3_4_of_5.png,FETAL_PLANES_DB,head,Fetal brain,Trans-thalamic,718,train,Voluson E6
Patient00718_Plane3_5_of_5.png,FETAL_PLANES_DB,head,Fetal brain,Trans-cerebellum,718,train,Voluson E6
Patient00718_Plane6_1_of_2.png,FETAL_PLANES_DB,not head,Fetal thorax,,718,train,Voluson E6
Patient00718_Plane6_2_of_2.png,FETAL_PLANES_DB,not head,Fetal thorax,,718,train,Voluson E6
Patient00719_Plane2_1_of_1.png,FETAL_PLANES_DB,not head,Fetal abdomen,,719,train,Aloka
Patient00719_Plane3_1_of_2.png,FETAL_PLANES_DB,head,Fetal brain,Trans-thalamic,719,train,Aloka
Patient00719_Plane3_2_of_2.png,FETAL_PLANES_DB,head,Fetal brain,Trans-thalamic,719,train,Aloka
Patient00719_Plane5_1_of_1.png,FETAL_PLANES_DB,not head,Fetal femur,,719,train,Aloka
Patient00719_Plane6_1_of_2.png,FETAL_PLANES_DB,not head,Fetal thorax,,719,train,Aloka
Patient00719_Plane6_2_of_2.png,FETAL_PLANES_DB,not head,Fetal thorax,,719,train,Aloka
Patient00719_Plane1_1_of_8.png,FETAL_PLANES_DB,not head,Other,,719,train,Aloka
Patient00719_Plane1_2_of_8.png,FETAL_PLANES_DB,not head,Other,,719,train,Aloka
Patient00719_Plane1_3_of_8.png,FETAL_PLANES_DB,not head,Other,,719,train,Aloka
Patient00719_Plane1_4_of_8.png,FETAL_PLANES_DB,not head,Other,,719,train,Aloka
Patient00719_Plane1_5_of_8.png,FETAL_PLANES_DB,not head,Other,,719,train,Aloka
Patient00719_Plane1_6_of_8.png,FETAL_PLANES_DB,not head,Other,,719,train,Aloka
Patient00719_Plane1_7_of_8.png,FETAL_PLANES_DB,not head,Other,,719,train,Aloka
Patient00719_Plane1_8_of_8.png,FETAL_PLANES_DB,not head,Other,,719,train,Aloka
Patient00722_Plane2_1_of_1.png,FETAL_PLANES_DB,not head,Fetal abdomen,,722,train,Voluson E6
Patient00722_Plane3_1_of_5.png,FETAL_PLANES_DB,head,Fetal brain,Trans-thalamic,722,train,Voluson E6
Patient00722_Plane3_2_of_5.png,FETAL_PLANES_DB,head,Fetal brain,Trans-thalamic,722,train,Voluson E6
Patient00722_Plane3_3_of_5.png,FETAL_PLANES_DB,head,Fetal brain,Trans-thalamic,722,train,Voluson E6
Patient00722_Plane3_4_of_5.png,FETAL_PLANES_DB,head,Fetal brain,Trans-ventricular,722,train,Voluson E6
Patient00722_Plane3_5_of_5.png,FETAL_PLANES_DB,head,Fetal brain,Trans-cerebellum,722,train,Voluson E6
Patient00722_Plane4_1_of_1.png,FETAL_PLANES_DB,not head,Maternal cervix,,722,train,Voluson E6
Patient00722_Plane5_1_of_1.png,FETAL_PLANES_DB,not head,Fetal femur,,722,train,Voluson E6
Patient00722_Plane1_1_of_1.png,FETAL_PLANES_DB,not head,Other,,722,train,Voluson E6
Patient00722_Plane6_1_of_2.png,FETAL_PLANES_DB,not head,Fetal thorax,,722,train,Voluson E6
Patient00722_Plane6_2_of_2.png,FETAL_PLANES_DB,not head,Fetal thorax,,722,train,Voluson E6
Patient00723_Plane2_1_of_1.png,FETAL_PLANES_DB,not head,Fetal abdomen,,723,train,Voluson E6
Patient00723_Plane3_1_of_4.png,FETAL_PLANES_DB,head,Fetal brain,Trans-thalamic,723,train,Voluson E6
Patient00723_Plane3_2_of_4.png,FETAL_PLANES_DB,head,Fetal brain,Trans-thalamic,723,train,Voluson E6
Patient00723_Plane3_3_of_4.png,FETAL_PLANES_DB,head,Fetal brain,Trans-ventricular,723,train,Voluson E6
Patient00723_Plane3_4_of_4.png,FETAL_PLANES_DB,head,Fetal brain,Trans-thalamic,723,train,Voluson E6
Patient00723_Plane4_1_of_1.png,FETAL_PLANES_DB,not head,Maternal cervix,,723,train,Voluson E6
Patient00723_Plane5_1_of_1.png,FETAL_PLANES_DB,not head,Fetal femur,,723,train,Voluson E6
Patient00723_Plane6_1_of_4.png,FETAL_PLANES_DB,not head,Fetal thorax,,723,train,Voluson E6
Patient00723_Plane6_2_of_4.png,FETAL_PLANES_DB,not head,Fetal thorax,,723,train,Voluson E6
Patient00723_Plane6_3_of_4.png,FETAL_PLANES_DB,not head,Fetal thorax,,723,train,Voluson E6
Patient00723_Plane6_4_of_4.png,FETAL_PLANES_DB,not head,Fetal thorax,,723,train,Voluson E6
Patient00724_Plane2_1_of_1.png,FETAL_PLANES_DB,not head,Fetal abdomen,,724,train,Other
Patient00724_Plane3_1_of_3.png,FETAL_PLANES_DB,head,Fetal brain,Trans-cerebellum,724,train,Other
Patient00724_Plane3_2_of_3.png,FETAL_PLANES_DB,head,Fetal brain,Trans-thalamic,724,train,Other
Patient00724_Plane3_3_of_3.png,FETAL_PLANES_DB,head,Fetal brain,Trans-thalamic,724,train,Other
Patient00724_Plane4_1_of_1.png,FETAL_PLANES_DB,not head,Maternal cervix,,724,train,Other
Patient00724_Plane5_1_of_1.png,FETAL_PLANES_DB,not head,Fetal femur,,724,train,Other
Patient00724_Plane6_1_of_2.png,FETAL_PLANES_DB,not head,Fetal thorax,,724,train,Other
Patient00724_Plane6_2_of_2.png,FETAL_PLANES_DB,not head,Fetal thorax,,724,train,Other
Patient00725_Plane3_1_of_4.png,FETAL_PLANES_DB,head,Fetal brain,Trans-thalamic,725,train,Voluson E6
Patient00725_Plane3_2_of_4.png,FETAL_PLANES_DB,head,Fetal brain,Trans-ventricular,725,train,Voluson E6
Patient00725_Plane3_3_of_4.png,FETAL_PLANES_DB,head,Fetal brain,Trans-cerebellum,725,train,Voluson E6
Patient00725_Plane3_4_of_4.png,FETAL_PLANES_DB,head,Fetal brain,Trans-thalamic,725,train,Voluson E6
Patient00725_Plane1_1_of_1.png,FETAL_PLANES_DB,not head,Other,,725,train,Voluson E6
Patient00725_Plane6_1_of_3.png,FETAL_PLANES_DB,not head,Fetal thorax,,725,train,Voluson E6
Patient00725_Plane6_2_of_3.png,FETAL_PLANES_DB,not head,Fetal thorax,,725,train,Voluson E6
Patient00725_Plane6_3_of_3.png,FETAL_PLANES_DB,not head,Fetal thorax,,725,train,Voluson E6
Patient00728_Plane3_1_of_2.png,FETAL_PLANES_DB,head,Fetal brain,Trans-cerebellum,728,train,Voluson E6
Patient00728_Plane3_2_of_2.png,FETAL_PLANES_DB,head,Fetal brain,Trans-ventricular,728,train,Voluson E6
Patient00728_Plane1_1_of_1.png,FETAL_PLANES_DB,not head,Other,,728,train,Voluson E6
Patient00728_Plane6_1_of_4.png,FETAL_PLANES_DB,not head,Fetal thorax,,728,train,Voluson E6
Patient00728_Plane6_2_of_4.png,FETAL_PLANES_DB,not head,Fetal thorax,,728,train,Voluson E6
Patient00728_Plane6_3_of_4.png,FETAL_PLANES_DB,not head,Fetal thorax,,728,train,Voluson E6
Patient00728_Plane6_4_of_4.png,FETAL_PLANES_DB,not head,Fetal thorax,,728,train,Voluson E6
Patient00729_Plane2_1_of_1.png,FETAL_PLANES_DB,not head,Fetal abdomen,,729,train,Voluson E6
Patient00729_Plane3_1_of_3.png,FETAL_PLANES_DB,head,Fetal brain,Trans-ventricular,729,train,Voluson E6
Patient00729_Plane3_2_of_3.png,FETAL_PLANES_DB,head,Fetal brain,Trans-thalamic,729,train,Voluson E6
Patient00729_Plane3_3_of_3.png,FETAL_PLANES_DB,head,Fetal brain,Trans-cerebellum,729,train,Voluson E6
Patient00729_Plane1_1_of_1.png,FETAL_PLANES_DB,not head,Other,,729,train,Voluson E6
Patient00729_Plane6_1_of_3.png,FETAL_PLANES_DB,not head,Fetal thorax,,729,train,Voluson E6
Patient00729_Plane6_2_of_3.png,FETAL_PLANES_DB,not head,Fetal thorax,,729,train,Voluson E6
Patient00729_Plane6_3_of_3.png,FETAL_PLANES_DB,not head,Fetal thorax,,729,train,Voluson E6
Patient00731_Plane2_1_of_1.png,FETAL_PLANES_DB,not head,Fetal abdomen,,731,train,Voluson E6
Patient00731_Plane3_1_of_4.png,FETAL_PLANES_DB,head,Fetal brain,Trans-ventricular,731,train,Voluson E6
Patient00731_Plane3_2_of_4.png,FETAL_PLANES_DB,head,Fetal brain,Trans-cerebellum,731,train,Voluson E6
Patient00731_Plane3_3_of_4.png,FETAL_PLANES_DB,head,Fetal brain,Trans-thalamic,731,train,Voluson E6
Patient00731_Plane3_4_of_4.png,FETAL_PLANES_DB,head,Fetal brain,Trans-thalamic,731,train,Voluson E6
Patient00731_Plane5_1_of_2.png,FETAL_PLANES_DB,not head,Fetal femur,,731,train,Voluson E6
Patient00731_Plane5_2_of_2.png,FETAL_PLANES_DB,not head,Fetal femur,,731,train,Voluson E6
Patient00731_Plane1_1_of_1.png,FETAL_PLANES_DB,not head,Other,,731,train,Voluson E6
Patient00731_Plane6_1_of_4.png,FETAL_PLANES_DB,not head,Fetal thorax,,731,train,Voluson E6
Patient00731_Plane6_2_of_4.png,FETAL_PLANES_DB,not head,Fetal thorax,,731,train,Voluson E6
Patient00731_Plane6_3_of_4.png,FETAL_PLANES_DB,not head,Fetal thorax,,731,train,Voluson E6
Patient00731_Plane6_4_of_4.png,FETAL_PLANES_DB,not head,Fetal thorax,,731,train,Voluson E6
Patient00732_Plane3_1_of_3.png,FETAL_PLANES_DB,head,Fetal brain,Trans-thalamic,732,train,Voluson E6
Patient00732_Plane3_2_of_3.png,FETAL_PLANES_DB,head,Fetal brain,Trans-thalamic,732,train,Voluson E6
Patient00732_Plane3_3_of_3.png,FETAL_PLANES_DB,head,Fetal brain,Trans-thalamic,732,train,Voluson E6
Patient00732_Plane1_1_of_1.png,FETAL_PLANES_DB,not head,Other,,732,train,Voluson E6
Patient00732_Plane6_1_of_7.png,FETAL_PLANES_DB,not head,Fetal thorax,,732,train,Voluson E6
Patient00732_Plane6_2_of_7.png,FETAL_PLANES_DB,not head,Fetal thorax,,732,train,Voluson E6
Patient00732_Plane6_3_of_7.png,FETAL_PLANES_DB,not head,Fetal thorax,,732,train,Voluson E6
Patient00732_Plane6_4_of_7.png,FETAL_PLANES_DB,not head,Fetal thorax,,732,train,Voluson E6
Patient00732_Plane6_5_of_7.png,FETAL_PLANES_DB,not head,Fetal thorax,,732,train,Voluson E6
Patient00732_Plane6_6_of_7.png,FETAL_PLANES_DB,not head,Fetal thorax,,732,train,Voluson E6
Patient00732_Plane6_7_of_7.png,FETAL_PLANES_DB,not head,Fetal thorax,,732,train,Voluson E6
Patient00733_Plane2_1_of_1.png,FETAL_PLANES_DB,not head,Fetal abdomen,,733,train,Voluson E6
Patient00733_Plane3_1_of_4.png,FETAL_PLANES_DB,head,Fetal brain,Trans-thalamic,733,train,Voluson E6
Patient00733_Plane3_2_of_4.png,FETAL_PLANES_DB,head,Fetal brain,Trans-thalamic,733,train,Voluson E6
Patient00733_Plane3_3_of_4.png,FETAL_PLANES_DB,head,Fetal brain,Trans-thalamic,733,train,Voluson E6
Patient00733_Plane3_4_of_4.png,FETAL_PLANES_DB,head,Fetal brain,Trans-thalamic,733,train,Voluson E6
Patient00733_Plane6_1_of_1.png,FETAL_PLANES_DB,not head,Fetal thorax,,733,train,Voluson E6
Patient00734_Plane3_1_of_1.png,FETAL_PLANES_DB,head,Fetal brain,Trans-thalamic,734,train,Voluson E6
Patient00734_Plane5_1_of_1.png,FETAL_PLANES_DB,not head,Fetal femur,,734,train,Voluson E6
Patient00734_Plane1_1_of_1.png,FETAL_PLANES_DB,not head,Other,,734,train,Voluson E6
Patient00734_Plane6_1_of_4.png,FETAL_PLANES_DB,not head,Fetal thorax,,734,train,Voluson E6
Patient00734_Plane6_2_of_4.png,FETAL_PLANES_DB,not head,Fetal thorax,,734,train,Voluson E6
Patient00734_Plane6_3_of_4.png,FETAL_PLANES_DB,not head,Fetal thorax,,734,train,Voluson E6
Patient00734_Plane6_4_of_4.png,FETAL_PLANES_DB,not head,Fetal thorax,,734,train,Voluson E6
Patient00735_Plane6_1_of_5.png,FETAL_PLANES_DB,not head,Fetal thorax,,735,train,Voluson E6
Patient00735_Plane6_2_of_5.png,FETAL_PLANES_DB,not head,Fetal thorax,,735,train,Voluson E6
Patient00735_Plane6_3_of_5.png,FETAL_PLANES_DB,not head,Fetal thorax,,735,train,Voluson E6
Patient00735_Plane6_4_of_5.png,FETAL_PLANES_DB,not head,Fetal thorax,,735,train,Voluson E6
Patient00735_Plane6_5_of_5.png,FETAL_PLANES_DB,not head,Fetal thorax,,735,train,Voluson E6
Patient00737_Plane2_1_of_1.png,FETAL_PLANES_DB,not head,Fetal abdomen,,737,train,Voluson E6
Patient00737_Plane3_1_of_2.png,FETAL_PLANES_DB,head,Fetal brain,Trans-ventricular,737,train,Voluson E6
Patient00737_Plane3_2_of_2.png,FETAL_PLANES_DB,head,Fetal brain,Trans-ventricular,737,train,Voluson E6
Patient00737_Plane4_1_of_3.png,FETAL_PLANES_DB,not head,Maternal cervix,,737,train,Voluson E6
Patient00737_Plane4_2_of_3.png,FETAL_PLANES_DB,not head,Maternal cervix,,737,train,Voluson E6
Patient00737_Plane4_3_of_3.png,FETAL_PLANES_DB,not head,Maternal cervix,,737,train,Voluson E6
Patient00737_Plane5_1_of_2.png,FETAL_PLANES_DB,not head,Fetal femur,,737,train,Voluson E6
Patient00737_Plane5_2_of_2.png,FETAL_PLANES_DB,not head,Fetal femur,,737,train,Voluson E6
Patient00737_Plane1_1_of_1.png,FETAL_PLANES_DB,not head,Other,,737,train,Voluson E6
Patient00737_Plane6_1_of_3.png,FETAL_PLANES_DB,not head,Fetal thorax,,737,train,Voluson E6
Patient00737_Plane6_2_of_3.png,FETAL_PLANES_DB,not head,Fetal thorax,,737,train,Voluson E6
Patient00737_Plane6_3_of_3.png,FETAL_PLANES_DB,not head,Fetal thorax,,737,train,Voluson E6
Patient00738_Plane2_1_of_1.png,FETAL_PLANES_DB,not head,Fetal abdomen,,738,train,Aloka
Patient00738_Plane3_1_of_4.png,FETAL_PLANES_DB,head,Fetal brain,Trans-ventricular,738,train,Aloka
Patient00738_Plane3_2_of_4.png,FETAL_PLANES_DB,head,Fetal brain,Trans-ventricular,738,train,Aloka
Patient00738_Plane3_3_of_4.png,FETAL_PLANES_DB,head,Fetal brain,Trans-thalamic,738,train,Aloka
Patient00738_Plane3_4_of_4.png,FETAL_PLANES_DB,head,Fetal brain,Trans-cerebellum,738,train,Aloka
Patient00738_Plane5_1_of_1.png,FETAL_PLANES_DB,not head,Fetal femur,,738,train,Aloka
Patient00738_Plane1_1_of_9.png,FETAL_PLANES_DB,not head,Other,,738,train,Aloka
Patient00738_Plane1_2_of_9.png,FETAL_PLANES_DB,not head,Other,,738,train,Aloka
Patient00738_Plane1_3_of_9.png,FETAL_PLANES_DB,not head,Other,,738,train,Aloka
Patient00738_Plane1_4_of_9.png,FETAL_PLANES_DB,not head,Other,,738,train,Aloka
Patient00738_Plane1_5_of_9.png,FETAL_PLANES_DB,not head,Other,,738,train,Aloka
Patient00738_Plane1_6_of_9.png,FETAL_PLANES_DB,not head,Other,,738,train,Aloka
Patient00738_Plane1_7_of_9.png,FETAL_PLANES_DB,not head,Other,,738,train,Aloka
Patient00738_Plane1_8_of_9.png,FETAL_PLANES_DB,not head,Other,,738,train,Aloka
Patient00738_Plane1_9_of_9.png,FETAL_PLANES_DB,not head,Other,,738,train,Aloka
Patient00740_Plane2_1_of_1.png,FETAL_PLANES_DB,not head,Fetal abdomen,,740,train,Aloka
Patient00740_Plane3_1_of_3.png,FETAL_PLANES_DB,head,Fetal brain,Trans-thalamic,740,train,Aloka
Patient00740_Plane3_2_of_3.png,FETAL_PLANES_DB,head,Fetal brain,Trans-thalamic,740,train,Aloka
Patient00740_Plane3_3_of_3.png,FETAL_PLANES_DB,head,Fetal brain,Other,740,train,Aloka
Patient00740_Plane5_1_of_1.png,FETAL_PLANES_DB,not head,Fetal femur,,740,train,Aloka
Patient00740_Plane6_1_of_2.png,FETAL_PLANES_DB,not head,Fetal thorax,,740,train,Aloka
Patient00740_Plane6_2_of_2.png,FETAL_PLANES_DB,not head,Fetal thorax,,740,train,Aloka
Patient00740_Plane1_1_of_7.png,FETAL_PLANES_DB,not head,Other,,740,train,Aloka
Patient00740_Plane1_2_of_7.png,FETAL_PLANES_DB,not head,Other,,740,train,Aloka
Patient00740_Plane1_3_of_7.png,FETAL_PLANES_DB,not head,Other,,740,train,Aloka
Patient00740_Plane1_4_of_7.png,FETAL_PLANES_DB,not head,Other,,740,train,Aloka
Patient00740_Plane1_5_of_7.png,FETAL_PLANES_DB,not head,Other,,740,train,Aloka
Patient00740_Plane1_6_of_7.png,FETAL_PLANES_DB,not head,Other,,740,train,Aloka
Patient00740_Plane1_7_of_7.png,FETAL_PLANES_DB,not head,Other,,740,train,Aloka
Patient00741_Plane5_1_of_1.png,FETAL_PLANES_DB,not head,Fetal femur,,741,train,Aloka
Patient00741_Plane1_1_of_1.png,FETAL_PLANES_DB,not head,Other,,741,train,Aloka
Patient00742_Plane2_1_of_1.png,FETAL_PLANES_DB,not head,Fetal abdomen,,742,train,Aloka
Patient00742_Plane3_1_of_4.png,FETAL_PLANES_DB,head,Fetal brain,Trans-thalamic,742,train,Aloka
Patient00742_Plane3_2_of_4.png,FETAL_PLANES_DB,head,Fetal brain,Trans-ventricular,742,train,Aloka
Patient00742_Plane3_3_of_4.png,FETAL_PLANES_DB,head,Fetal brain,Trans-cerebellum,742,train,Aloka
Patient00742_Plane3_4_of_4.png,FETAL_PLANES_DB,head,Fetal brain,Trans-cerebellum,742,train,Aloka
Patient00742_Plane4_1_of_2.png,FETAL_PLANES_DB,not head,Maternal cervix,,742,train,Aloka
Patient00742_Plane4_2_of_2.png,FETAL_PLANES_DB,not head,Maternal cervix,,742,train,Aloka
Patient00742_Plane5_1_of_1.png,FETAL_PLANES_DB,not head,Fetal femur,,742,train,Aloka
Patient00742_Plane1_1_of_20.png,FETAL_PLANES_DB,not head,Other,,742,train,Aloka
Patient00742_Plane1_2_of_20.png,FETAL_PLANES_DB,not head,Other,,742,train,Aloka
Patient00742_Plane1_3_of_20.png,FETAL_PLANES_DB,not head,Other,,742,train,Aloka
Patient00742_Plane1_4_of_20.png,FETAL_PLANES_DB,not head,Other,,742,train,Aloka
Patient00742_Plane1_5_of_20.png,FETAL_PLANES_DB,not head,Other,,742,train,Aloka
Patient00742_Plane1_6_of_20.png,FETAL_PLANES_DB,not head,Other,,742,train,Aloka
Patient00742_Plane1_7_of_20.png,FETAL_PLANES_DB,not head,Other,,742,train,Aloka
Patient00742_Plane1_8_of_20.png,FETAL_PLANES_DB,not head,Other,,742,train,Aloka
Patient00742_Plane1_9_of_20.png,FETAL_PLANES_DB,not head,Other,,742,train,Aloka
Patient00742_Plane1_10_of_20.png,FETAL_PLANES_DB,not head,Other,,742,train,Aloka
Patient00742_Plane1_11_of_20.png,FETAL_PLANES_DB,not head,Other,,742,train,Aloka
Patient00742_Plane1_12_of_20.png,FETAL_PLANES_DB,not head,Other,,742,train,Aloka
Patient00742_Plane1_13_of_20.png,FETAL_PLANES_DB,not head,Other,,742,train,Aloka
Patient00742_Plane1_14_of_20.png,FETAL_PLANES_DB,not head,Other,,742,train,Aloka
Patient00742_Plane1_15_of_20.png,FETAL_PLANES_DB,not head,Other,,742,train,Aloka
Patient00742_Plane1_16_of_20.png,FETAL_PLANES_DB,not head,Other,,742,train,Aloka
Patient00742_Plane1_17_of_20.png,FETAL_PLANES_DB,not head,Other,,742,train,Aloka
Patient00742_Plane1_18_of_20.png,FETAL_PLANES_DB,not head,Other,,742,train,Aloka
Patient00742_Plane1_19_of_20.png,FETAL_PLANES_DB,not head,Other,,742,train,Aloka
Patient00742_Plane1_20_of_20.png,FETAL_PLANES_DB,not head,Other,,742,train,Aloka
Patient00743_Plane2_1_of_1.png,FETAL_PLANES_DB,not head,Fetal abdomen,,743,train,Voluson E6
Patient00743_Plane3_1_of_2.png,FETAL_PLANES_DB,head,Fetal brain,Trans-thalamic,743,train,Voluson E6
Patient00743_Plane3_2_of_2.png,FETAL_PLANES_DB,head,Fetal brain,Trans-thalamic,743,train,Voluson E6
Patient00743_Plane5_1_of_1.png,FETAL_PLANES_DB,not head,Fetal femur,,743,train,Voluson E6
Patient00743_Plane6_1_of_1.png,FETAL_PLANES_DB,not head,Fetal thorax,,743,train,Voluson E6
Patient00744_Plane3_1_of_2.png,FETAL_PLANES_DB,head,Fetal brain,Trans-cerebellum,744,train,Voluson E6
Patient00744_Plane3_2_of_2.png,FETAL_PLANES_DB,head,Fetal brain,Trans-thalamic,744,train,Voluson E6
Patient00744_Plane6_1_of_2.png,FETAL_PLANES_DB,not head,Fetal thorax,,744,train,Voluson E6
Patient00744_Plane6_2_of_2.png,FETAL_PLANES_DB,not head,Fetal thorax,,744,train,Voluson E6
Patient00745_Plane2_1_of_1.png,FETAL_PLANES_DB,not head,Fetal abdomen,,745,train,Voluson E6
Patient00745_Plane3_1_of_3.png,FETAL_PLANES_DB,head,Fetal brain,Trans-thalamic,745,train,Voluson E6
Patient00745_Plane3_2_of_3.png,FETAL_PLANES_DB,head,Fetal brain,Trans-thalamic,745,train,Voluson E6
Patient00745_Plane3_3_of_3.png,FETAL_PLANES_DB,head,Fetal brain,Trans-thalamic,745,train,Voluson E6
Patient00745_Plane5_1_of_1.png,FETAL_PLANES_DB,not head,Fetal femur,,745,train,Voluson E6
Patient00745_Plane1_1_of_1.png,FETAL_PLANES_DB,not head,Other,,745,train,Voluson E6
Patient00745_Plane6_1_of_4.png,FETAL_PLANES_DB,not head,Fetal thorax,,745,train,Voluson E6
Patient00745_Plane6_2_of_4.png,FETAL_PLANES_DB,not head,Fetal thorax,,745,train,Voluson E6
Patient00745_Plane6_3_of_4.png,FETAL_PLANES_DB,not head,Fetal thorax,,745,train,Voluson E6
Patient00745_Plane6_4_of_4.png,FETAL_PLANES_DB,not head,Fetal thorax,,745,train,Voluson E6
Patient00746_Plane2_1_of_1.png,FETAL_PLANES_DB,not head,Fetal abdomen,,746,train,Voluson E6
Patient00746_Plane3_1_of_6.png,FETAL_PLANES_DB,head,Fetal brain,Trans-thalamic,746,train,Voluson E6
Patient00746_Plane3_2_of_6.png,FETAL_PLANES_DB,head,Fetal brain,Other,746,train,Voluson E6
Patient00746_Plane3_3_of_6.png,FETAL_PLANES_DB,head,Fetal brain,Trans-cerebellum,746,train,Voluson E6
Patient00746_Plane3_4_of_6.png,FETAL_PLANES_DB,head,Fetal brain,Trans-ventricular,746,train,Voluson E6
Patient00746_Plane3_5_of_6.png,FETAL_PLANES_DB,head,Fetal brain,Trans-cerebellum,746,train,Voluson E6
Patient00746_Plane3_6_of_6.png,FETAL_PLANES_DB,head,Fetal brain,Trans-thalamic,746,train,Voluson E6
Patient00746_Plane1_1_of_1.png,FETAL_PLANES_DB,not head,Other,,746,train,Voluson E6
Patient00746_Plane6_1_of_11.png,FETAL_PLANES_DB,not head,Fetal thorax,,746,train,Voluson E6
Patient00746_Plane6_2_of_11.png,FETAL_PLANES_DB,not head,Fetal thorax,,746,train,Voluson E6
Patient00746_Plane6_3_of_11.png,FETAL_PLANES_DB,not head,Fetal thorax,,746,train,Voluson E6
Patient00746_Plane6_4_of_11.png,FETAL_PLANES_DB,not head,Fetal thorax,,746,train,Voluson E6
Patient00746_Plane6_5_of_11.png,FETAL_PLANES_DB,not head,Fetal thorax,,746,train,Voluson E6
Patient00746_Plane6_6_of_11.png,FETAL_PLANES_DB,not head,Fetal thorax,,746,train,Voluson E6
Patient00746_Plane6_7_of_11.png,FETAL_PLANES_DB,not head,Fetal thorax,,746,train,Voluson E6
Patient00746_Plane6_8_of_11.png,FETAL_PLANES_DB,not head,Fetal thorax,,746,train,Voluson E6
Patient00746_Plane6_9_of_11.png,FETAL_PLANES_DB,not head,Fetal thorax,,746,train,Voluson E6
Patient00746_Plane6_10_of_11.png,FETAL_PLANES_DB,not head,Fetal thorax,,746,train,Voluson E6
Patient00746_Plane6_11_of_11.png,FETAL_PLANES_DB,not head,Fetal thorax,,746,train,Voluson E6
Patient00747_Plane3_1_of_3.png,FETAL_PLANES_DB,head,Fetal brain,Trans-cerebellum,747,train,Voluson E6
Patient00747_Plane3_2_of_3.png,FETAL_PLANES_DB,head,Fetal brain,Trans-thalamic,747,train,Voluson E6
Patient00747_Plane3_3_of_3.png,FETAL_PLANES_DB,head,Fetal brain,Trans-cerebellum,747,train,Voluson E6
Patient00747_Plane1_1_of_1.png,FETAL_PLANES_DB,not head,Other,,747,train,Voluson E6
Patient00747_Plane6_1_of_4.png,FETAL_PLANES_DB,not head,Fetal thorax,,747,train,Voluson E6
Patient00747_Plane6_2_of_4.png,FETAL_PLANES_DB,not head,Fetal thorax,,747,train,Voluson E6
Patient00747_Plane6_3_of_4.png,FETAL_PLANES_DB,not head,Fetal thorax,,747,train,Voluson E6
Patient00747_Plane6_4_of_4.png,FETAL_PLANES_DB,not head,Fetal thorax,,747,train,Voluson E6
Patient00748_Plane3_1_of_2.png,FETAL_PLANES_DB,head,Fetal brain,Trans-thalamic,748,train,Voluson E6
Patient00748_Plane3_2_of_2.png,FETAL_PLANES_DB,head,Fetal brain,Trans-cerebellum,748,train,Voluson E6
Patient00748_Plane1_1_of_1.png,FETAL_PLANES_DB,not head,Other,,748,train,Voluson E6
Patient00748_Plane6_1_of_1.png,FETAL_PLANES_DB,not head,Fetal thorax,,748,train,Voluson E6
Patient00751_Plane2_1_of_1.png,FETAL_PLANES_DB,not head,Fetal abdomen,,751,train,Aloka
Patient00751_Plane3_1_of_2.png,FETAL_PLANES_DB,head,Fetal brain,Trans-ventricular,751,train,Aloka
Patient00751_Plane3_2_of_2.png,FETAL_PLANES_DB,head,Fetal brain,Trans-cerebellum,751,train,Aloka
Patient00751_Plane4_1_of_2.png,FETAL_PLANES_DB,not head,Maternal cervix,,751,train,Aloka
Patient00751_Plane4_2_of_2.png,FETAL_PLANES_DB,not head,Maternal cervix,,751,train,Aloka
Patient00751_Plane5_1_of_1.png,FETAL_PLANES_DB,not head,Fetal femur,,751,train,Aloka
Patient00751_Plane1_1_of_7.png,FETAL_PLANES_DB,not head,Other,,751,train,Aloka
Patient00751_Plane1_2_of_7.png,FETAL_PLANES_DB,not head,Other,,751,train,Aloka
Patient00751_Plane1_3_of_7.png,FETAL_PLANES_DB,not head,Other,,751,train,Aloka
Patient00751_Plane1_4_of_7.png,FETAL_PLANES_DB,not head,Other,,751,train,Aloka
Patient00751_Plane1_5_of_7.png,FETAL_PLANES_DB,not head,Other,,751,train,Aloka
Patient00751_Plane1_6_of_7.png,FETAL_PLANES_DB,not head,Other,,751,train,Aloka
Patient00751_Plane1_7_of_7.png,FETAL_PLANES_DB,not head,Other,,751,train,Aloka
Patient00753_Plane3_1_of_2.png,FETAL_PLANES_DB,head,Fetal brain,Trans-ventricular,753,train,Aloka
Patient00753_Plane3_2_of_2.png,FETAL_PLANES_DB,head,Fetal brain,Trans-thalamic,753,train,Aloka
Patient00753_Plane5_1_of_2.png,FETAL_PLANES_DB,not head,Fetal femur,,753,train,Aloka
Patient00753_Plane5_2_of_2.png,FETAL_PLANES_DB,not head,Fetal femur,,753,train,Aloka
Patient00753_Plane1_1_of_6.png,FETAL_PLANES_DB,not head,Other,,753,train,Aloka
Patient00753_Plane1_2_of_6.png,FETAL_PLANES_DB,not head,Other,,753,train,Aloka
Patient00753_Plane1_3_of_6.png,FETAL_PLANES_DB,not head,Other,,753,train,Aloka
Patient00753_Plane1_4_of_6.png,FETAL_PLANES_DB,not head,Other,,753,train,Aloka
Patient00753_Plane1_5_of_6.png,FETAL_PLANES_DB,not head,Other,,753,train,Aloka
Patient00753_Plane1_6_of_6.png,FETAL_PLANES_DB,not head,Other,,753,train,Aloka
Patient00755_Plane2_1_of_1.png,FETAL_PLANES_DB,not head,Fetal abdomen,,755,train,Voluson E6
Patient00755_Plane3_1_of_2.png,FETAL_PLANES_DB,head,Fetal brain,Trans-thalamic,755,train,Voluson E6
Patient00755_Plane3_2_of_2.png,FETAL_PLANES_DB,head,Fetal brain,Trans-thalamic,755,train,Voluson E6
Patient00755_Plane4_1_of_2.png,FETAL_PLANES_DB,not head,Maternal cervix,,755,train,Voluson E6
Patient00755_Plane4_2_of_2.png,FETAL_PLANES_DB,not head,Maternal cervix,,755,train,Voluson E6
Patient00755_Plane1_1_of_1.png,FETAL_PLANES_DB,not head,Other,,755,train,Voluson E6
Patient00755_Plane6_1_of_3.png,FETAL_PLANES_DB,not head,Fetal thorax,,755,train,Voluson E6
Patient00755_Plane6_2_of_3.png,FETAL_PLANES_DB,not head,Fetal thorax,,755,train,Voluson E6
Patient00755_Plane6_3_of_3.png,FETAL_PLANES_DB,not head,Fetal thorax,,755,train,Voluson E6
Patient00757_Plane2_1_of_1.png,FETAL_PLANES_DB,not head,Fetal abdomen,,757,train,Voluson E6
Patient00757_Plane3_1_of_3.png,FETAL_PLANES_DB,head,Fetal brain,Trans-thalamic,757,train,Voluson E6
Patient00757_Plane3_2_of_3.png,FETAL_PLANES_DB,head,Fetal brain,Trans-thalamic,757,train,Voluson E6
Patient00757_Plane3_3_of_3.png,FETAL_PLANES_DB,head,Fetal brain,Trans-thalamic,757,train,Voluson E6
Patient00757_Plane5_1_of_1.png,FETAL_PLANES_DB,not head,Fetal femur,,757,train,Voluson E6
Patient00757_Plane6_1_of_2.png,FETAL_PLANES_DB,not head,Fetal thorax,,757,train,Voluson E6
Patient00757_Plane6_2_of_2.png,FETAL_PLANES_DB,not head,Fetal thorax,,757,train,Voluson E6
Patient00758_Plane2_1_of_1.png,FETAL_PLANES_DB,not head,Fetal abdomen,,758,train,Voluson E6
Patient00758_Plane3_1_of_3.png,FETAL_PLANES_DB,head,Fetal brain,Trans-cerebellum,758,train,Voluson E6
Patient00758_Plane3_2_of_3.png,FETAL_PLANES_DB,head,Fetal brain,Trans-thalamic,758,train,Voluson E6
Patient00758_Plane3_3_of_3.png,FETAL_PLANES_DB,head,Fetal brain,Trans-ventricular,758,train,Voluson E6
Patient00758_Plane4_1_of_5.png,FETAL_PLANES_DB,not head,Maternal cervix,,758,train,Voluson E6
Patient00758_Plane4_2_of_5.png,FETAL_PLANES_DB,not head,Maternal cervix,,758,train,Voluson E6
Patient00758_Plane4_3_of_5.png,FETAL_PLANES_DB,not head,Maternal cervix,,758,train,Voluson E6
Patient00758_Plane4_4_of_5.png,FETAL_PLANES_DB,not head,Maternal cervix,,758,train,Voluson E6
Patient00758_Plane4_5_of_5.png,FETAL_PLANES_DB,not head,Maternal cervix,,758,train,Voluson E6
Patient00758_Plane5_1_of_1.png,FETAL_PLANES_DB,not head,Fetal femur,,758,train,Voluson E6
Patient00758_Plane1_1_of_1.png,FETAL_PLANES_DB,not head,Other,,758,train,Voluson E6
Patient00758_Plane6_1_of_5.png,FETAL_PLANES_DB,not head,Fetal thorax,,758,train,Voluson E6
Patient00758_Plane6_2_of_5.png,FETAL_PLANES_DB,not head,Fetal thorax,,758,train,Voluson E6
Patient00758_Plane6_3_of_5.png,FETAL_PLANES_DB,not head,Fetal thorax,,758,train,Voluson E6
Patient00758_Plane6_4_of_5.png,FETAL_PLANES_DB,not head,Fetal thorax,,758,train,Voluson E6
Patient00758_Plane6_5_of_5.png,FETAL_PLANES_DB,not head,Fetal thorax,,758,train,Voluson E6
Patient00761_Plane3_1_of_3.png,FETAL_PLANES_DB,head,Fetal brain,Trans-thalamic,761,train,Voluson E6
Patient00761_Plane3_2_of_3.png,FETAL_PLANES_DB,head,Fetal brain,Trans-thalamic,761,train,Voluson E6
Patient00761_Plane3_3_of_3.png,FETAL_PLANES_DB,head,Fetal brain,Trans-ventricular,761,train,Voluson E6
Patient00761_Plane5_1_of_1.png,FETAL_PLANES_DB,not head,Fetal femur,,761,train,Voluson E6
Patient00761_Plane1_1_of_1.png,FETAL_PLANES_DB,not head,Other,,761,train,Voluson E6
Patient00761_Plane6_1_of_3.png,FETAL_PLANES_DB,not head,Fetal thorax,,761,train,Voluson E6
Patient00761_Plane6_2_of_3.png,FETAL_PLANES_DB,not head,Fetal thorax,,761,train,Voluson E6
Patient00761_Plane6_3_of_3.png,FETAL_PLANES_DB,not head,Fetal thorax,,761,train,Voluson E6
Patient00763_Plane2_1_of_1.png,FETAL_PLANES_DB,not head,Fetal abdomen,,763,train,Voluson E6
Patient00763_Plane3_1_of_3.png,FETAL_PLANES_DB,head,Fetal brain,Trans-thalamic,763,train,Voluson E6
Patient00763_Plane3_2_of_3.png,FETAL_PLANES_DB,head,Fetal brain,Trans-thalamic,763,train,Voluson E6
Patient00763_Plane3_3_of_3.png,FETAL_PLANES_DB,head,Fetal brain,Trans-thalamic,763,train,Voluson E6
Patient00763_Plane5_1_of_1.png,FETAL_PLANES_DB,not head,Fetal femur,,763,train,Voluson E6
Patient00763_Plane1_1_of_1.png,FETAL_PLANES_DB,not head,Other,,763,train,Voluson E6
Patient00763_Plane6_1_of_4.png,FETAL_PLANES_DB,not head,Fetal thorax,,763,train,Voluson E6
Patient00763_Plane6_2_of_4.png,FETAL_PLANES_DB,not head,Fetal thorax,,763,train,Voluson E6
Patient00763_Plane6_3_of_4.png,FETAL_PLANES_DB,not head,Fetal thorax,,763,train,Voluson E6
Patient00763_Plane6_4_of_4.png,FETAL_PLANES_DB,not head,Fetal thorax,,763,train,Voluson E6
Patient00764_Plane3_1_of_6.png,FETAL_PLANES_DB,head,Fetal brain,Trans-thalamic,764,train,Voluson E6
Patient00764_Plane3_2_of_6.png,FETAL_PLANES_DB,head,Fetal brain,Trans-ventricular,764,train,Voluson E6
Patient00764_Plane3_3_of_6.png,FETAL_PLANES_DB,head,Fetal brain,Trans-thalamic,764,train,Voluson E6
Patient00764_Plane3_4_of_6.png,FETAL_PLANES_DB,head,Fetal brain,Trans-thalamic,764,train,Voluson E6
Patient00764_Plane3_5_of_6.png,FETAL_PLANES_DB,head,Fetal brain,Trans-ventricular,764,train,Voluson E6
Patient00764_Plane3_6_of_6.png,FETAL_PLANES_DB,head,Fetal brain,Trans-thalamic,764,train,Voluson E6
Patient00764_Plane5_1_of_1.png,FETAL_PLANES_DB,not head,Fetal femur,,764,train,Voluson E6
Patient00764_Plane1_1_of_1.png,FETAL_PLANES_DB,not head,Other,,764,train,Voluson E6
Patient00764_Plane6_1_of_5.png,FETAL_PLANES_DB,not head,Fetal thorax,,764,train,Voluson E6
Patient00764_Plane6_2_of_5.png,FETAL_PLANES_DB,not head,Fetal thorax,,764,train,Voluson E6
Patient00764_Plane6_3_of_5.png,FETAL_PLANES_DB,not head,Fetal thorax,,764,train,Voluson E6
Patient00764_Plane6_4_of_5.png,FETAL_PLANES_DB,not head,Fetal thorax,,764,train,Voluson E6
Patient00764_Plane6_5_of_5.png,FETAL_PLANES_DB,not head,Fetal thorax,,764,train,Voluson E6
Patient00765_Plane3_1_of_6.png,FETAL_PLANES_DB,head,Fetal brain,Trans-ventricular,765,train,Voluson E6
Patient00765_Plane3_2_of_6.png,FETAL_PLANES_DB,head,Fetal brain,Trans-cerebellum,765,train,Voluson E6
Patient00765_Plane3_3_of_6.png,FETAL_PLANES_DB,head,Fetal brain,Trans-cerebellum,765,train,Voluson E6
Patient00765_Plane3_4_of_6.png,FETAL_PLANES_DB,head,Fetal brain,Trans-thalamic,765,train,Voluson E6
Patient00765_Plane3_5_of_6.png,FETAL_PLANES_DB,head,Fetal brain,Trans-thalamic,765,train,Voluson E6
Patient00765_Plane3_6_of_6.png,FETAL_PLANES_DB,head,Fetal brain,Trans-thalamic,765,train,Voluson E6
Patient00765_Plane1_1_of_1.png,FETAL_PLANES_DB,not head,Other,,765,train,Voluson E6
Patient00765_Plane6_1_of_4.png,FETAL_PLANES_DB,not head,Fetal thorax,,765,train,Voluson E6
Patient00765_Plane6_2_of_4.png,FETAL_PLANES_DB,not head,Fetal thorax,,765,train,Voluson E6
Patient00765_Plane6_3_of_4.png,FETAL_PLANES_DB,not head,Fetal thorax,,765,train,Voluson E6
Patient00765_Plane6_4_of_4.png,FETAL_PLANES_DB,not head,Fetal thorax,,765,train,Voluson E6
Patient00767_Plane2_1_of_1.png,FETAL_PLANES_DB,not head,Fetal abdomen,,767,train,Voluson E6
Patient00767_Plane3_1_of_3.png,FETAL_PLANES_DB,head,Fetal brain,Trans-thalamic,767,train,Voluson E6
Patient00767_Plane3_2_of_3.png,FETAL_PLANES_DB,head,Fetal brain,Trans-thalamic,767,train,Voluson E6
Patient00767_Plane3_3_of_3.png,FETAL_PLANES_DB,head,Fetal brain,Trans-thalamic,767,train,Voluson E6
Patient00767_Plane5_1_of_1.png,FETAL_PLANES_DB,not head,Fetal femur,,767,train,Voluson E6
Patient00767_Plane6_1_of_1.png,FETAL_PLANES_DB,not head,Fetal thorax,,767,train,Voluson E6
Patient00772_Plane2_1_of_1.png,FETAL_PLANES_DB,not head,Fetal abdomen,,772,train,Aloka
Patient00772_Plane3_1_of_3.png,FETAL_PLANES_DB,head,Fetal brain,Trans-thalamic,772,train,Aloka
Patient00772_Plane3_2_of_3.png,FETAL_PLANES_DB,head,Fetal brain,Trans-thalamic,772,train,Aloka
Patient00772_Plane3_3_of_3.png,FETAL_PLANES_DB,head,Fetal brain,Trans-cerebellum,772,train,Aloka
Patient00772_Plane5_1_of_1.png,FETAL_PLANES_DB,not head,Fetal femur,,772,train,Aloka
Patient00772_Plane6_1_of_1.png,FETAL_PLANES_DB,not head,Fetal thorax,,772,train,Aloka
Patient00772_Plane1_1_of_4.png,FETAL_PLANES_DB,not head,Other,,772,train,Aloka
Patient00772_Plane1_2_of_4.png,FETAL_PLANES_DB,not head,Other,,772,train,Aloka
Patient00772_Plane1_3_of_4.png,FETAL_PLANES_DB,not head,Other,,772,train,Aloka
Patient00772_Plane1_4_of_4.png,FETAL_PLANES_DB,not head,Other,,772,train,Aloka
Patient00773_Plane2_1_of_1.png,FETAL_PLANES_DB,not head,Fetal abdomen,,773,train,Voluson E6
Patient00774_Plane4_1_of_1.png,FETAL_PLANES_DB,not head,Maternal cervix,,774,train,Voluson E6
Patient00774_Plane1_1_of_1.png,FETAL_PLANES_DB,not head,Other,,774,train,Voluson E6
Patient00774_Plane6_1_of_4.png,FETAL_PLANES_DB,not head,Fetal thorax,,774,train,Voluson E6
Patient00774_Plane6_2_of_4.png,FETAL_PLANES_DB,not head,Fetal thorax,,774,train,Voluson E6
Patient00774_Plane6_3_of_4.png,FETAL_PLANES_DB,not head,Fetal thorax,,774,train,Voluson E6
Patient00774_Plane6_4_of_4.png,FETAL_PLANES_DB,not head,Fetal thorax,,774,train,Voluson E6
Patient00777_Plane2_1_of_2.png,FETAL_PLANES_DB,not head,Fetal abdomen,,777,train,Voluson E6
Patient00777_Plane2_2_of_2.png,FETAL_PLANES_DB,not head,Fetal abdomen,,777,train,Voluson E6
Patient00777_Plane3_1_of_3.png,FETAL_PLANES_DB,head,Fetal brain,Trans-thalamic,777,train,Voluson E6
Patient00777_Plane3_2_of_3.png,FETAL_PLANES_DB,head,Fetal brain,Trans-ventricular,777,train,Voluson E6
Patient00777_Plane3_3_of_3.png,FETAL_PLANES_DB,head,Fetal brain,Trans-cerebellum,777,train,Voluson E6
Patient00777_Plane5_1_of_1.png,FETAL_PLANES_DB,not head,Fetal femur,,777,train,Voluson E6
Patient00777_Plane1_1_of_1.png,FETAL_PLANES_DB,not head,Other,,777,train,Voluson E6
Patient00777_Plane6_1_of_1.png,FETAL_PLANES_DB,not head,Fetal thorax,,777,train,Voluson E6
Patient00778_Plane2_1_of_1.png,FETAL_PLANES_DB,not head,Fetal abdomen,,778,train,Voluson E6
Patient00778_Plane3_1_of_5.png,FETAL_PLANES_DB,head,Fetal brain,Trans-thalamic,778,train,Voluson E6
Patient00778_Plane3_2_of_5.png,FETAL_PLANES_DB,head,Fetal brain,Trans-ventricular,778,train,Voluson E6
Patient00778_Plane3_3_of_5.png,FETAL_PLANES_DB,head,Fetal brain,Trans-cerebellum,778,train,Voluson E6
Patient00778_Plane3_4_of_5.png,FETAL_PLANES_DB,head,Fetal brain,Trans-thalamic,778,train,Voluson E6
Patient00778_Plane3_5_of_5.png,FETAL_PLANES_DB,head,Fetal brain,Trans-cerebellum,778,train,Voluson E6
Patient00778_Plane4_1_of_6.png,FETAL_PLANES_DB,not head,Maternal cervix,,778,train,Voluson E6
Patient00778_Plane4_2_of_6.png,FETAL_PLANES_DB,not head,Maternal cervix,,778,train,Voluson E6
Patient00778_Plane4_3_of_6.png,FETAL_PLANES_DB,not head,Maternal cervix,,778,train,Voluson E6
Patient00778_Plane4_4_of_6.png,FETAL_PLANES_DB,not head,Maternal cervix,,778,train,Voluson E6
Patient00778_Plane4_5_of_6.png,FETAL_PLANES_DB,not head,Maternal cervix,,778,train,Voluson E6
Patient00778_Plane4_6_of_6.png,FETAL_PLANES_DB,not head,Maternal cervix,,778,train,Voluson E6
Patient00778_Plane5_1_of_1.png,FETAL_PLANES_DB,not head,Fetal femur,,778,train,Voluson E6
Patient00778_Plane1_1_of_1.png,FETAL_PLANES_DB,not head,Other,,778,train,Voluson E6
Patient00778_Plane6_1_of_6.png,FETAL_PLANES_DB,not head,Fetal thorax,,778,train,Voluson E6
Patient00778_Plane6_2_of_6.png,FETAL_PLANES_DB,not head,Fetal thorax,,778,train,Voluson E6
Patient00778_Plane6_3_of_6.png,FETAL_PLANES_DB,not head,Fetal thorax,,778,train,Voluson E6
Patient00778_Plane6_4_of_6.png,FETAL_PLANES_DB,not head,Fetal thorax,,778,train,Voluson E6
Patient00778_Plane6_5_of_6.png,FETAL_PLANES_DB,not head,Fetal thorax,,778,train,Voluson E6
Patient00778_Plane6_6_of_6.png,FETAL_PLANES_DB,not head,Fetal thorax,,778,train,Voluson E6
Patient00779_Plane2_1_of_1.png,FETAL_PLANES_DB,not head,Fetal abdomen,,779,train,Voluson E6
Patient00779_Plane3_1_of_3.png,FETAL_PLANES_DB,head,Fetal brain,Trans-cerebellum,779,train,Voluson E6
Patient00779_Plane3_2_of_3.png,FETAL_PLANES_DB,head,Fetal brain,Trans-thalamic,779,train,Voluson E6
Patient00779_Plane3_3_of_3.png,FETAL_PLANES_DB,head,Fetal brain,Trans-thalamic,779,train,Voluson E6
Patient00779_Plane4_1_of_4.png,FETAL_PLANES_DB,not head,Maternal cervix,,779,train,Voluson E6
Patient00779_Plane4_2_of_4.png,FETAL_PLANES_DB,not head,Maternal cervix,,779,train,Voluson E6
Patient00779_Plane4_3_of_4.png,FETAL_PLANES_DB,not head,Maternal cervix,,779,train,Voluson E6
Patient00779_Plane4_4_of_4.png,FETAL_PLANES_DB,not head,Maternal cervix,,779,train,Voluson E6
Patient00779_Plane5_1_of_2.png,FETAL_PLANES_DB,not head,Fetal femur,,779,train,Voluson E6
Patient00779_Plane5_2_of_2.png,FETAL_PLANES_DB,not head,Fetal femur,,779,train,Voluson E6
Patient00779_Plane1_1_of_1.png,FETAL_PLANES_DB,not head,Other,,779,train,Voluson E6
Patient00779_Plane6_1_of_3.png,FETAL_PLANES_DB,not head,Fetal thorax,,779,train,Voluson E6
Patient00779_Plane6_2_of_3.png,FETAL_PLANES_DB,not head,Fetal thorax,,779,train,Voluson E6
Patient00779_Plane6_3_of_3.png,FETAL_PLANES_DB,not head,Fetal thorax,,779,train,Voluson E6
Patient00780_Plane3_1_of_1.png,FETAL_PLANES_DB,head,Fetal brain,Trans-thalamic,780,train,Voluson E6
Patient00780_Plane6_1_of_3.png,FETAL_PLANES_DB,not head,Fetal thorax,,780,train,Voluson E6
Patient00780_Plane6_2_of_3.png,FETAL_PLANES_DB,not head,Fetal thorax,,780,train,Voluson E6
Patient00780_Plane6_3_of_3.png,FETAL_PLANES_DB,not head,Fetal thorax,,780,train,Voluson E6
Patient00781_Plane3_1_of_2.png,FETAL_PLANES_DB,head,Fetal brain,Trans-cerebellum,781,train,Voluson E6
Patient00781_Plane3_2_of_2.png,FETAL_PLANES_DB,head,Fetal brain,Trans-thalamic,781,train,Voluson E6
Patient00781_Plane4_1_of_10.png,FETAL_PLANES_DB,not head,Maternal cervix,,781,train,Voluson E6
Patient00781_Plane4_2_of_10.png,FETAL_PLANES_DB,not head,Maternal cervix,,781,train,Voluson E6
Patient00781_Plane4_3_of_10.png,FETAL_PLANES_DB,not head,Maternal cervix,,781,train,Voluson E6
Patient00781_Plane4_4_of_10.png,FETAL_PLANES_DB,not head,Maternal cervix,,781,train,Voluson E6
Patient00781_Plane4_5_of_10.png,FETAL_PLANES_DB,not head,Maternal cervix,,781,train,Voluson E6
Patient00781_Plane4_6_of_10.png,FETAL_PLANES_DB,not head,Maternal cervix,,781,train,Voluson E6
Patient00781_Plane4_7_of_10.png,FETAL_PLANES_DB,not head,Maternal cervix,,781,train,Voluson E6
Patient00781_Plane4_8_of_10.png,FETAL_PLANES_DB,not head,Maternal cervix,,781,train,Voluson E6
Patient00781_Plane4_9_of_10.png,FETAL_PLANES_DB,not head,Maternal cervix,,781,train,Voluson E6
Patient00781_Plane4_10_of_10.png,FETAL_PLANES_DB,not head,Maternal cervix,,781,train,Voluson E6
Patient00781_Plane5_1_of_1.png,FETAL_PLANES_DB,not head,Fetal femur,,781,train,Voluson E6
Patient00781_Plane1_1_of_1.png,FETAL_PLANES_DB,not head,Other,,781,train,Voluson E6
Patient00781_Plane6_1_of_5.png,FETAL_PLANES_DB,not head,Fetal thorax,,781,train,Voluson E6
Patient00781_Plane6_2_of_5.png,FETAL_PLANES_DB,not head,Fetal thorax,,781,train,Voluson E6
Patient00781_Plane6_3_of_5.png,FETAL_PLANES_DB,not head,Fetal thorax,,781,train,Voluson E6
Patient00781_Plane6_4_of_5.png,FETAL_PLANES_DB,not head,Fetal thorax,,781,train,Voluson E6
Patient00781_Plane6_5_of_5.png,FETAL_PLANES_DB,not head,Fetal thorax,,781,train,Voluson E6
Patient00782_Plane3_1_of_4.png,FETAL_PLANES_DB,head,Fetal brain,Trans-ventricular,782,train,Voluson E6
Patient00782_Plane3_2_of_4.png,FETAL_PLANES_DB,head,Fetal brain,Other,782,train,Voluson E6
Patient00782_Plane3_3_of_4.png,FETAL_PLANES_DB,head,Fetal brain,Other,782,train,Voluson E6
Patient00782_Plane3_4_of_4.png,FETAL_PLANES_DB,head,Fetal brain,Trans-cerebellum,782,train,Voluson E6
Patient00782_Plane5_1_of_1.png,FETAL_PLANES_DB,not head,Fetal femur,,782,train,Voluson E6
Patient00782_Plane1_1_of_1.png,FETAL_PLANES_DB,not head,Other,,782,train,Voluson E6
Patient00782_Plane6_1_of_5.png,FETAL_PLANES_DB,not head,Fetal thorax,,782,train,Voluson E6
Patient00782_Plane6_2_of_5.png,FETAL_PLANES_DB,not head,Fetal thorax,,782,train,Voluson E6
Patient00782_Plane6_3_of_5.png,FETAL_PLANES_DB,not head,Fetal thorax,,782,train,Voluson E6
Patient00782_Plane6_4_of_5.png,FETAL_PLANES_DB,not head,Fetal thorax,,782,train,Voluson E6
Patient00782_Plane6_5_of_5.png,FETAL_PLANES_DB,not head,Fetal thorax,,782,train,Voluson E6
Patient00783_Plane3_1_of_5.png,FETAL_PLANES_DB,head,Fetal brain,Trans-thalamic,783,train,Voluson E6
Patient00783_Plane3_2_of_5.png,FETAL_PLANES_DB,head,Fetal brain,Other,783,train,Voluson E6
Patient00783_Plane3_3_of_5.png,FETAL_PLANES_DB,head,Fetal brain,Trans-thalamic,783,train,Voluson E6
Patient00783_Plane3_4_of_5.png,FETAL_PLANES_DB,head,Fetal brain,Trans-thalamic,783,train,Voluson E6
Patient00783_Plane3_5_of_5.png,FETAL_PLANES_DB,head,Fetal brain,Trans-ventricular,783,train,Voluson E6
Patient00783_Plane1_1_of_1.png,FETAL_PLANES_DB,not head,Other,,783,train,Voluson E6
Patient00785_Plane2_1_of_1.png,FETAL_PLANES_DB,not head,Fetal abdomen,,785,train,Voluson E6
Patient00785_Plane1_1_of_1.png,FETAL_PLANES_DB,not head,Other,,785,train,Voluson E6
Patient00785_Plane6_1_of_5.png,FETAL_PLANES_DB,not head,Fetal thorax,,785,train,Voluson E6
Patient00785_Plane6_2_of_5.png,FETAL_PLANES_DB,not head,Fetal thorax,,785,train,Voluson E6
Patient00785_Plane6_3_of_5.png,FETAL_PLANES_DB,not head,Fetal thorax,,785,train,Voluson E6
Patient00785_Plane6_4_of_5.png,FETAL_PLANES_DB,not head,Fetal thorax,,785,train,Voluson E6
Patient00785_Plane6_5_of_5.png,FETAL_PLANES_DB,not head,Fetal thorax,,785,train,Voluson E6
Patient00786_Plane2_1_of_1.png,FETAL_PLANES_DB,not head,Fetal abdomen,,786,train,Voluson E6
Patient00786_Plane3_1_of_3.png,FETAL_PLANES_DB,head,Fetal brain,Trans-thalamic,786,train,Voluson E6
Patient00786_Plane3_2_of_3.png,FETAL_PLANES_DB,head,Fetal brain,Trans-ventricular,786,train,Voluson E6
Patient00786_Plane3_3_of_3.png,FETAL_PLANES_DB,head,Fetal brain,Trans-cerebellum,786,train,Voluson E6
Patient00786_Plane4_1_of_6.png,FETAL_PLANES_DB,not head,Maternal cervix,,786,train,Voluson E6
Patient00786_Plane4_2_of_6.png,FETAL_PLANES_DB,not head,Maternal cervix,,786,train,Voluson E6
Patient00786_Plane4_3_of_6.png,FETAL_PLANES_DB,not head,Maternal cervix,,786,train,Voluson E6
Patient00786_Plane4_4_of_6.png,FETAL_PLANES_DB,not head,Maternal cervix,,786,train,Voluson E6
Patient00786_Plane4_5_of_6.png,FETAL_PLANES_DB,not head,Maternal cervix,,786,train,Voluson E6
Patient00786_Plane4_6_of_6.png,FETAL_PLANES_DB,not head,Maternal cervix,,786,train,Voluson E6
Patient00786_Plane1_1_of_1.png,FETAL_PLANES_DB,not head,Other,,786,train,Voluson E6
Patient00786_Plane6_1_of_5.png,FETAL_PLANES_DB,not head,Fetal thorax,,786,train,Voluson E6
Patient00786_Plane6_2_of_5.png,FETAL_PLANES_DB,not head,Fetal thorax,,786,train,Voluson E6
Patient00786_Plane6_3_of_5.png,FETAL_PLANES_DB,not head,Fetal thorax,,786,train,Voluson E6
Patient00786_Plane6_4_of_5.png,FETAL_PLANES_DB,not head,Fetal thorax,,786,train,Voluson E6
Patient00786_Plane6_5_of_5.png,FETAL_PLANES_DB,not head,Fetal thorax,,786,train,Voluson E6
Patient00787_Plane3_1_of_2.png,FETAL_PLANES_DB,head,Fetal brain,Trans-thalamic,787,train,Voluson E6
Patient00787_Plane3_2_of_2.png,FETAL_PLANES_DB,head,Fetal brain,Trans-thalamic,787,train,Voluson E6
Patient00788_Plane3_1_of_3.png,FETAL_PLANES_DB,head,Fetal brain,Trans-cerebellum,788,train,Voluson E6
Patient00788_Plane3_2_of_3.png,FETAL_PLANES_DB,head,Fetal brain,Other,788,train,Voluson E6
Patient00788_Plane3_3_of_3.png,FETAL_PLANES_DB,head,Fetal brain,Other,788,train,Voluson E6
Patient00788_Plane4_1_of_6.png,FETAL_PLANES_DB,not head,Maternal cervix,,788,train,Voluson E6
Patient00788_Plane4_2_of_6.png,FETAL_PLANES_DB,not head,Maternal cervix,,788,train,Voluson E6
Patient00788_Plane4_3_of_6.png,FETAL_PLANES_DB,not head,Maternal cervix,,788,train,Voluson E6
Patient00788_Plane4_4_of_6.png,FETAL_PLANES_DB,not head,Maternal cervix,,788,train,Voluson E6
Patient00788_Plane4_5_of_6.png,FETAL_PLANES_DB,not head,Maternal cervix,,788,train,Voluson E6
Patient00788_Plane4_6_of_6.png,FETAL_PLANES_DB,not head,Maternal cervix,,788,train,Voluson E6
Patient00788_Plane1_1_of_1.png,FETAL_PLANES_DB,not head,Other,,788,train,Voluson E6
Patient00788_Plane6_1_of_3.png,FETAL_PLANES_DB,not head,Fetal thorax,,788,train,Voluson E6
Patient00788_Plane6_2_of_3.png,FETAL_PLANES_DB,not head,Fetal thorax,,788,train,Voluson E6
Patient00788_Plane6_3_of_3.png,FETAL_PLANES_DB,not head,Fetal thorax,,788,train,Voluson E6
Patient00790_Plane3_1_of_5.png,FETAL_PLANES_DB,head,Fetal brain,Trans-cerebellum,790,train,Voluson E6
Patient00790_Plane3_2_of_5.png,FETAL_PLANES_DB,head,Fetal brain,Trans-cerebellum,790,train,Voluson E6
Patient00790_Plane3_3_of_5.png,FETAL_PLANES_DB,head,Fetal brain,Trans-ventricular,790,train,Voluson E6
Patient00790_Plane3_4_of_5.png,FETAL_PLANES_DB,head,Fetal brain,Trans-thalamic,790,train,Voluson E6
Patient00790_Plane3_5_of_5.png,FETAL_PLANES_DB,head,Fetal brain,Trans-thalamic,790,train,Voluson E6
Patient00790_Plane4_1_of_6.png,FETAL_PLANES_DB,not head,Maternal cervix,,790,train,Voluson E6
Patient00790_Plane4_2_of_6.png,FETAL_PLANES_DB,not head,Maternal cervix,,790,train,Voluson E6
Patient00790_Plane4_3_of_6.png,FETAL_PLANES_DB,not head,Maternal cervix,,790,train,Voluson E6
Patient00790_Plane4_4_of_6.png,FETAL_PLANES_DB,not head,Maternal cervix,,790,train,Voluson E6
Patient00790_Plane4_5_of_6.png,FETAL_PLANES_DB,not head,Maternal cervix,,790,train,Voluson E6
Patient00790_Plane4_6_of_6.png,FETAL_PLANES_DB,not head,Maternal cervix,,790,train,Voluson E6
Patient00790_Plane5_1_of_1.png,FETAL_PLANES_DB,not head,Fetal femur,,790,train,Voluson E6
Patient00790_Plane1_1_of_47.png,FETAL_PLANES_DB,not head,Other,,790,train,Voluson E6
Patient00790_Plane6_1_of_4.png,FETAL_PLANES_DB,not head,Fetal thorax,,790,train,Voluson E6
Patient00790_Plane6_2_of_4.png,FETAL_PLANES_DB,not head,Fetal thorax,,790,train,Voluson E6
Patient00790_Plane6_3_of_4.png,FETAL_PLANES_DB,not head,Fetal thorax,,790,train,Voluson E6
Patient00790_Plane6_4_of_4.png,FETAL_PLANES_DB,not head,Fetal thorax,,790,train,Voluson E6
Patient00790_Plane1_2_of_47.png,FETAL_PLANES_DB,not head,Other,,790,train,Voluson E6
Patient00790_Plane1_3_of_47.png,FETAL_PLANES_DB,not head,Other,,790,train,Voluson E6
Patient00790_Plane1_4_of_47.png,FETAL_PLANES_DB,not head,Other,,790,train,Voluson E6
Patient00790_Plane1_5_of_47.png,FETAL_PLANES_DB,not head,Other,,790,train,Voluson E6
Patient00790_Plane1_6_of_47.png,FETAL_PLANES_DB,not head,Other,,790,train,Voluson E6
Patient00790_Plane1_7_of_47.png,FETAL_PLANES_DB,not head,Other,,790,train,Voluson E6
Patient00790_Plane1_8_of_47.png,FETAL_PLANES_DB,not head,Other,,790,train,Voluson E6
Patient00790_Plane1_9_of_47.png,FETAL_PLANES_DB,not head,Other,,790,train,Voluson E6
Patient00790_Plane1_10_of_47.png,FETAL_PLANES_DB,not head,Other,,790,train,Voluson E6
Patient00790_Plane1_11_of_47.png,FETAL_PLANES_DB,not head,Other,,790,train,Voluson E6
Patient00790_Plane1_12_of_47.png,FETAL_PLANES_DB,not head,Other,,790,train,Voluson E6
Patient00790_Plane1_13_of_47.png,FETAL_PLANES_DB,not head,Other,,790,train,Voluson E6
Patient00790_Plane1_14_of_47.png,FETAL_PLANES_DB,not head,Other,,790,train,Voluson E6
Patient00790_Plane1_15_of_47.png,FETAL_PLANES_DB,not head,Other,,790,train,Voluson E6
Patient00790_Plane1_16_of_47.png,FETAL_PLANES_DB,not head,Other,,790,train,Voluson E6
Patient00790_Plane1_17_of_47.png,FETAL_PLANES_DB,not head,Other,,790,train,Voluson E6
Patient00790_Plane1_18_of_47.png,FETAL_PLANES_DB,not head,Other,,790,train,Voluson E6
Patient00790_Plane1_19_of_47.png,FETAL_PLANES_DB,not head,Other,,790,train,Voluson E6
Patient00790_Plane1_20_of_47.png,FETAL_PLANES_DB,not head,Other,,790,train,Voluson E6
Patient00790_Plane1_21_of_47.png,FETAL_PLANES_DB,not head,Other,,790,train,Voluson E6
Patient00790_Plane1_22_of_47.png,FETAL_PLANES_DB,not head,Other,,790,train,Voluson E6
Patient00790_Plane1_23_of_47.png,FETAL_PLANES_DB,not head,Other,,790,train,Voluson E6
Patient00790_Plane1_24_of_47.png,FETAL_PLANES_DB,not head,Other,,790,train,Voluson E6
Patient00790_Plane1_25_of_47.png,FETAL_PLANES_DB,not head,Other,,790,train,Voluson E6
Patient00790_Plane1_26_of_47.png,FETAL_PLANES_DB,not head,Other,,790,train,Voluson E6
Patient00790_Plane1_27_of_47.png,FETAL_PLANES_DB,not head,Other,,790,train,Voluson E6
Patient00790_Plane1_28_of_47.png,FETAL_PLANES_DB,not head,Other,,790,train,Voluson E6
Patient00790_Plane1_29_of_47.png,FETAL_PLANES_DB,not head,Other,,790,train,Voluson E6
Patient00790_Plane1_30_of_47.png,FETAL_PLANES_DB,not head,Other,,790,train,Voluson E6
Patient00790_Plane1_31_of_47.png,FETAL_PLANES_DB,not head,Other,,790,train,Voluson E6
Patient00790_Plane1_32_of_47.png,FETAL_PLANES_DB,not head,Other,,790,train,Voluson E6
Patient00790_Plane1_33_of_47.png,FETAL_PLANES_DB,not head,Other,,790,train,Voluson E6
Patient00790_Plane1_34_of_47.png,FETAL_PLANES_DB,not head,Other,,790,train,Voluson E6
Patient00790_Plane1_35_of_47.png,FETAL_PLANES_DB,not head,Other,,790,train,Voluson E6
Patient00790_Plane1_36_of_47.png,FETAL_PLANES_DB,not head,Other,,790,train,Voluson E6
Patient00790_Plane1_37_of_47.png,FETAL_PLANES_DB,not head,Other,,790,train,Voluson E6
Patient00790_Plane1_38_of_47.png,FETAL_PLANES_DB,not head,Other,,790,train,Voluson E6
Patient00790_Plane1_39_of_47.png,FETAL_PLANES_DB,not head,Other,,790,train,Voluson E6
Patient00790_Plane1_40_of_47.png,FETAL_PLANES_DB,not head,Other,,790,train,Voluson E6
Patient00790_Plane1_41_of_47.png,FETAL_PLANES_DB,not head,Other,,790,train,Voluson E6
Patient00790_Plane1_42_of_47.png,FETAL_PLANES_DB,not head,Other,,790,train,Voluson E6
Patient00790_Plane1_43_of_47.png,FETAL_PLANES_DB,not head,Other,,790,train,Voluson E6
Patient00790_Plane1_44_of_47.png,FETAL_PLANES_DB,not head,Other,,790,train,Voluson E6
Patient00790_Plane1_45_of_47.png,FETAL_PLANES_DB,not head,Other,,790,train,Voluson E6
Patient00790_Plane1_46_of_47.png,FETAL_PLANES_DB,not head,Other,,790,train,Voluson E6
Patient00790_Plane1_47_of_47.png,FETAL_PLANES_DB,not head,Other,,790,train,Voluson E6
Patient00791_Plane3_1_of_3.png,FETAL_PLANES_DB,head,Fetal brain,Trans-thalamic,791,train,Voluson E6
Patient00791_Plane3_2_of_3.png,FETAL_PLANES_DB,head,Fetal brain,Trans-thalamic,791,train,Voluson E6
Patient00791_Plane3_3_of_3.png,FETAL_PLANES_DB,head,Fetal brain,Trans-cerebellum,791,train,Voluson E6
Patient00791_Plane4_1_of_4.png,FETAL_PLANES_DB,not head,Maternal cervix,,791,train,Voluson E6
Patient00791_Plane4_2_of_4.png,FETAL_PLANES_DB,not head,Maternal cervix,,791,train,Voluson E6
Patient00791_Plane4_3_of_4.png,FETAL_PLANES_DB,not head,Maternal cervix,,791,train,Voluson E6
Patient00791_Plane4_4_of_4.png,FETAL_PLANES_DB,not head,Maternal cervix,,791,train,Voluson E6
Patient00791_Plane5_1_of_2.png,FETAL_PLANES_DB,not head,Fetal femur,,791,train,Voluson E6
Patient00791_Plane5_2_of_2.png,FETAL_PLANES_DB,not head,Fetal femur,,791,train,Voluson E6
Patient00791_Plane6_1_of_1.png,FETAL_PLANES_DB,not head,Fetal thorax,,791,train,Voluson E6
Patient00791_Plane1_1_of_25.png,FETAL_PLANES_DB,not head,Other,,791,train,Voluson E6
Patient00791_Plane1_2_of_25.png,FETAL_PLANES_DB,not head,Other,,791,train,Voluson E6
Patient00791_Plane1_3_of_25.png,FETAL_PLANES_DB,not head,Other,,791,train,Voluson E6
Patient00791_Plane1_4_of_25.png,FETAL_PLANES_DB,not head,Other,,791,train,Voluson E6
Patient00791_Plane1_5_of_25.png,FETAL_PLANES_DB,not head,Other,,791,train,Voluson E6
Patient00791_Plane1_6_of_25.png,FETAL_PLANES_DB,not head,Other,,791,train,Voluson E6
Patient00791_Plane1_7_of_25.png,FETAL_PLANES_DB,not head,Other,,791,train,Voluson E6
Patient00791_Plane1_8_of_25.png,FETAL_PLANES_DB,not head,Other,,791,train,Voluson E6
Patient00791_Plane1_9_of_25.png,FETAL_PLANES_DB,not head,Other,,791,train,Voluson E6
Patient00791_Plane1_10_of_25.png,FETAL_PLANES_DB,not head,Other,,791,train,Voluson E6
Patient00791_Plane1_11_of_25.png,FETAL_PLANES_DB,not head,Other,,791,train,Voluson E6
Patient00791_Plane1_12_of_25.png,FETAL_PLANES_DB,not head,Other,,791,train,Voluson E6
Patient00791_Plane1_13_of_25.png,FETAL_PLANES_DB,not head,Other,,791,train,Voluson E6
Patient00791_Plane1_14_of_25.png,FETAL_PLANES_DB,not head,Other,,791,train,Voluson E6
Patient00791_Plane1_15_of_25.png,FETAL_PLANES_DB,not head,Other,,791,train,Voluson E6
Patient00791_Plane1_16_of_25.png,FETAL_PLANES_DB,not head,Other,,791,train,Voluson E6
Patient00791_Plane1_17_of_25.png,FETAL_PLANES_DB,not head,Other,,791,train,Voluson E6
Patient00791_Plane1_18_of_25.png,FETAL_PLANES_DB,not head,Other,,791,train,Voluson E6
Patient00791_Plane1_19_of_25.png,FETAL_PLANES_DB,not head,Other,,791,train,Voluson E6
Patient00791_Plane1_20_of_25.png,FETAL_PLANES_DB,not head,Other,,791,train,Voluson E6
Patient00791_Plane1_21_of_25.png,FETAL_PLANES_DB,not head,Other,,791,train,Voluson E6
Patient00791_Plane1_22_of_25.png,FETAL_PLANES_DB,not head,Other,,791,train,Voluson E6
Patient00791_Plane1_23_of_25.png,FETAL_PLANES_DB,not head,Other,,791,train,Voluson E6
Patient00791_Plane1_24_of_25.png,FETAL_PLANES_DB,not head,Other,,791,train,Voluson E6
Patient00791_Plane1_25_of_25.png,FETAL_PLANES_DB,not head,Other,,791,train,Voluson E6
Patient00793_Plane2_1_of_1.png,FETAL_PLANES_DB,not head,Fetal abdomen,,793,train,Voluson E6
Patient00793_Plane3_1_of_2.png,FETAL_PLANES_DB,head,Fetal brain,Trans-thalamic,793,train,Voluson E6
Patient00793_Plane3_2_of_2.png,FETAL_PLANES_DB,head,Fetal brain,Trans-cerebellum,793,train,Voluson E6
Patient00793_Plane4_1_of_10.png,FETAL_PLANES_DB,not head,Maternal cervix,,793,train,Voluson E6
Patient00793_Plane4_2_of_10.png,FETAL_PLANES_DB,not head,Maternal cervix,,793,train,Voluson E6
Patient00793_Plane4_3_of_10.png,FETAL_PLANES_DB,not head,Maternal cervix,,793,train,Voluson E6
Patient00793_Plane4_4_of_10.png,FETAL_PLANES_DB,not head,Maternal cervix,,793,train,Voluson E6
Patient00793_Plane4_5_of_10.png,FETAL_PLANES_DB,not head,Maternal cervix,,793,train,Voluson E6
Patient00793_Plane4_6_of_10.png,FETAL_PLANES_DB,not head,Maternal cervix,,793,train,Voluson E6
Patient00793_Plane4_7_of_10.png,FETAL_PLANES_DB,not head,Maternal cervix,,793,train,Voluson E6
Patient00793_Plane4_8_of_10.png,FETAL_PLANES_DB,not head,Maternal cervix,,793,train,Voluson E6
Patient00793_Plane4_9_of_10.png,FETAL_PLANES_DB,not head,Maternal cervix,,793,train,Voluson E6
Patient00793_Plane4_10_of_10.png,FETAL_PLANES_DB,not head,Maternal cervix,,793,train,Voluson E6
Patient00793_Plane1_1_of_48.png,FETAL_PLANES_DB,not head,Other,,793,train,Voluson E6
Patient00793_Plane6_1_of_1.png,FETAL_PLANES_DB,not head,Fetal thorax,,793,train,Voluson E6
Patient00793_Plane1_2_of_48.png,FETAL_PLANES_DB,not head,Other,,793,train,Voluson E6
Patient00793_Plane1_3_of_48.png,FETAL_PLANES_DB,not head,Other,,793,train,Voluson E6
Patient00793_Plane1_4_of_48.png,FETAL_PLANES_DB,not head,Other,,793,train,Voluson E6
Patient00793_Plane1_5_of_48.png,FETAL_PLANES_DB,not head,Other,,793,train,Voluson E6
Patient00793_Plane1_6_of_48.png,FETAL_PLANES_DB,not head,Other,,793,train,Voluson E6
Patient00793_Plane1_7_of_48.png,FETAL_PLANES_DB,not head,Other,,793,train,Voluson E6
Patient00793_Plane1_8_of_48.png,FETAL_PLANES_DB,not head,Other,,793,train,Voluson E6
Patient00793_Plane1_9_of_48.png,FETAL_PLANES_DB,not head,Other,,793,train,Voluson E6
Patient00793_Plane1_10_of_48.png,FETAL_PLANES_DB,not head,Other,,793,train,Voluson E6
Patient00793_Plane1_11_of_48.png,FETAL_PLANES_DB,not head,Other,,793,train,Voluson E6
Patient00793_Plane1_12_of_48.png,FETAL_PLANES_DB,not head,Other,,793,train,Voluson E6
Patient00793_Plane1_13_of_48.png,FETAL_PLANES_DB,not head,Other,,793,train,Voluson E6
Patient00793_Plane1_14_of_48.png,FETAL_PLANES_DB,not head,Other,,793,train,Voluson E6
Patient00793_Plane1_15_of_48.png,FETAL_PLANES_DB,not head,Other,,793,train,Voluson E6
Patient00793_Plane1_16_of_48.png,FETAL_PLANES_DB,not head,Other,,793,train,Voluson E6
Patient00793_Plane1_17_of_48.png,FETAL_PLANES_DB,not head,Other,,793,train,Voluson E6
Patient00793_Plane1_18_of_48.png,FETAL_PLANES_DB,not head,Other,,793,train,Voluson E6
Patient00793_Plane1_19_of_48.png,FETAL_PLANES_DB,not head,Other,,793,train,Voluson E6
Patient00793_Plane1_20_of_48.png,FETAL_PLANES_DB,not head,Other,,793,train,Voluson E6
Patient00793_Plane1_21_of_48.png,FETAL_PLANES_DB,not head,Other,,793,train,Voluson E6
Patient00793_Plane1_22_of_48.png,FETAL_PLANES_DB,not head,Other,,793,train,Voluson E6
Patient00793_Plane1_23_of_48.png,FETAL_PLANES_DB,not head,Other,,793,train,Voluson E6
Patient00793_Plane1_24_of_48.png,FETAL_PLANES_DB,not head,Other,,793,train,Voluson E6
Patient00793_Plane1_25_of_48.png,FETAL_PLANES_DB,not head,Other,,793,train,Voluson E6
Patient00793_Plane1_26_of_48.png,FETAL_PLANES_DB,not head,Other,,793,train,Voluson E6
Patient00793_Plane1_27_of_48.png,FETAL_PLANES_DB,not head,Other,,793,train,Voluson E6
Patient00793_Plane1_28_of_48.png,FETAL_PLANES_DB,not head,Other,,793,train,Voluson E6
Patient00793_Plane1_29_of_48.png,FETAL_PLANES_DB,not head,Other,,793,train,Voluson E6
Patient00793_Plane1_30_of_48.png,FETAL_PLANES_DB,not head,Other,,793,train,Voluson E6
Patient00793_Plane1_31_of_48.png,FETAL_PLANES_DB,not head,Other,,793,train,Voluson E6
Patient00793_Plane1_32_of_48.png,FETAL_PLANES_DB,not head,Other,,793,train,Voluson E6
Patient00793_Plane1_33_of_48.png,FETAL_PLANES_DB,not head,Other,,793,train,Voluson E6
Patient00793_Plane1_34_of_48.png,FETAL_PLANES_DB,not head,Other,,793,train,Voluson E6
Patient00793_Plane1_35_of_48.png,FETAL_PLANES_DB,not head,Other,,793,train,Voluson E6
Patient00793_Plane1_36_of_48.png,FETAL_PLANES_DB,not head,Other,,793,train,Voluson E6
Patient00793_Plane1_37_of_48.png,FETAL_PLANES_DB,not head,Other,,793,train,Voluson E6
Patient00793_Plane1_38_of_48.png,FETAL_PLANES_DB,not head,Other,,793,train,Voluson E6
Patient00793_Plane1_39_of_48.png,FETAL_PLANES_DB,not head,Other,,793,train,Voluson E6
Patient00793_Plane1_40_of_48.png,FETAL_PLANES_DB,not head,Other,,793,train,Voluson E6
Patient00793_Plane1_41_of_48.png,FETAL_PLANES_DB,not head,Other,,793,train,Voluson E6
Patient00793_Plane1_42_of_48.png,FETAL_PLANES_DB,not head,Other,,793,train,Voluson E6
Patient00793_Plane1_43_of_48.png,FETAL_PLANES_DB,not head,Other,,793,train,Voluson E6
Patient00793_Plane1_44_of_48.png,FETAL_PLANES_DB,not head,Other,,793,train,Voluson E6
Patient00793_Plane1_45_of_48.png,FETAL_PLANES_DB,not head,Other,,793,train,Voluson E6
Patient00793_Plane1_46_of_48.png,FETAL_PLANES_DB,not head,Other,,793,train,Voluson E6
Patient00793_Plane1_47_of_48.png,FETAL_PLANES_DB,not head,Other,,793,train,Voluson E6
Patient00793_Plane1_48_of_48.png,FETAL_PLANES_DB,not head,Other,,793,train,Voluson E6
Patient00795_Plane2_1_of_1.png,FETAL_PLANES_DB,not head,Fetal abdomen,,795,train,Aloka
Patient00795_Plane3_1_of_2.png,FETAL_PLANES_DB,head,Fetal brain,Trans-thalamic,795,train,Aloka
Patient00795_Plane3_2_of_2.png,FETAL_PLANES_DB,head,Fetal brain,Trans-ventricular,795,train,Aloka
Patient00795_Plane4_1_of_4.png,FETAL_PLANES_DB,not head,Maternal cervix,,795,train,Aloka
Patient00795_Plane4_2_of_4.png,FETAL_PLANES_DB,not head,Maternal cervix,,795,train,Aloka
Patient00795_Plane4_3_of_4.png,FETAL_PLANES_DB,not head,Maternal cervix,,795,train,Aloka
Patient00795_Plane4_4_of_4.png,FETAL_PLANES_DB,not head,Maternal cervix,,795,train,Aloka
Patient00795_Plane5_1_of_2.png,FETAL_PLANES_DB,not head,Fetal femur,,795,train,Aloka
Patient00795_Plane5_2_of_2.png,FETAL_PLANES_DB,not head,Fetal femur,,795,train,Aloka
Patient00795_Plane1_1_of_41.png,FETAL_PLANES_DB,not head,Other,,795,train,Aloka
Patient00795_Plane6_1_of_1.png,FETAL_PLANES_DB,not head,Fetal thorax,,795,train,Aloka
Patient00795_Plane1_2_of_41.png,FETAL_PLANES_DB,not head,Other,,795,train,Aloka
Patient00795_Plane1_3_of_41.png,FETAL_PLANES_DB,not head,Other,,795,train,Aloka
Patient00795_Plane1_4_of_41.png,FETAL_PLANES_DB,not head,Other,,795,train,Aloka
Patient00795_Plane1_5_of_41.png,FETAL_PLANES_DB,not head,Other,,795,train,Aloka
Patient00795_Plane1_6_of_41.png,FETAL_PLANES_DB,not head,Other,,795,train,Aloka
Patient00795_Plane1_7_of_41.png,FETAL_PLANES_DB,not head,Other,,795,train,Aloka
Patient00795_Plane1_8_of_41.png,FETAL_PLANES_DB,not head,Other,,795,train,Aloka
Patient00795_Plane1_9_of_41.png,FETAL_PLANES_DB,not head,Other,,795,train,Aloka
Patient00795_Plane1_10_of_41.png,FETAL_PLANES_DB,not head,Other,,795,train,Aloka
Patient00795_Plane1_11_of_41.png,FETAL_PLANES_DB,not head,Other,,795,train,Aloka
Patient00795_Plane1_12_of_41.png,FETAL_PLANES_DB,not head,Other,,795,train,Aloka
Patient00795_Plane1_13_of_41.png,FETAL_PLANES_DB,not head,Other,,795,train,Aloka
Patient00795_Plane1_14_of_41.png,FETAL_PLANES_DB,not head,Other,,795,train,Aloka
Patient00795_Plane1_15_of_41.png,FETAL_PLANES_DB,not head,Other,,795,train,Aloka
Patient00795_Plane1_16_of_41.png,FETAL_PLANES_DB,not head,Other,,795,train,Aloka
Patient00795_Plane1_17_of_41.png,FETAL_PLANES_DB,not head,Other,,795,train,Aloka
Patient00795_Plane1_18_of_41.png,FETAL_PLANES_DB,not head,Other,,795,train,Aloka
Patient00795_Plane1_19_of_41.png,FETAL_PLANES_DB,not head,Other,,795,train,Aloka
Patient00795_Plane1_20_of_41.png,FETAL_PLANES_DB,not head,Other,,795,train,Aloka
Patient00795_Plane1_21_of_41.png,FETAL_PLANES_DB,not head,Other,,795,train,Aloka
Patient00795_Plane1_22_of_41.png,FETAL_PLANES_DB,not head,Other,,795,train,Aloka
Patient00795_Plane1_23_of_41.png,FETAL_PLANES_DB,not head,Other,,795,train,Aloka
Patient00795_Plane1_24_of_41.png,FETAL_PLANES_DB,not head,Other,,795,train,Aloka
Patient00795_Plane1_25_of_41.png,FETAL_PLANES_DB,not head,Other,,795,train,Aloka
Patient00795_Plane1_26_of_41.png,FETAL_PLANES_DB,not head,Other,,795,train,Aloka
Patient00795_Plane1_27_of_41.png,FETAL_PLANES_DB,not head,Other,,795,train,Aloka
Patient00795_Plane1_28_of_41.png,FETAL_PLANES_DB,not head,Other,,795,train,Aloka
Patient00795_Plane1_29_of_41.png,FETAL_PLANES_DB,not head,Other,,795,train,Aloka
Patient00795_Plane1_30_of_41.png,FETAL_PLANES_DB,not head,Other,,795,train,Aloka
Patient00795_Plane1_31_of_41.png,FETAL_PLANES_DB,not head,Other,,795,train,Aloka
Patient00795_Plane1_32_of_41.png,FETAL_PLANES_DB,not head,Other,,795,train,Aloka
Patient00795_Plane1_33_of_41.png,FETAL_PLANES_DB,not head,Other,,795,train,Aloka
Patient00795_Plane1_34_of_41.png,FETAL_PLANES_DB,not head,Other,,795,train,Aloka
Patient00795_Plane1_35_of_41.png,FETAL_PLANES_DB,not head,Other,,795,train,Aloka
Patient00795_Plane1_36_of_41.png,FETAL_PLANES_DB,not head,Other,,795,train,Aloka
Patient00795_Plane1_37_of_41.png,FETAL_PLANES_DB,not head,Other,,795,train,Aloka
Patient00795_Plane1_38_of_41.png,FETAL_PLANES_DB,not head,Other,,795,train,Aloka
Patient00795_Plane1_39_of_41.png,FETAL_PLANES_DB,not head,Other,,795,train,Aloka
Patient00795_Plane1_40_of_41.png,FETAL_PLANES_DB,not head,Other,,795,train,Aloka
Patient00795_Plane1_41_of_41.png,FETAL_PLANES_DB,not head,Other,,795,train,Aloka
Patient00796_Plane6_1_of_1.png,FETAL_PLANES_DB,not head,Fetal thorax,,796,train,Aloka
Patient00796_Plane1_1_of_1.png,FETAL_PLANES_DB,not head,Other,,796,train,Aloka
Patient00797_Plane3_1_of_3.png,FETAL_PLANES_DB,head,Fetal brain,Trans-thalamic,797,train,Aloka
Patient00797_Plane3_2_of_3.png,FETAL_PLANES_DB,head,Fetal brain,Trans-cerebellum,797,train,Aloka
Patient00797_Plane3_3_of_3.png,FETAL_PLANES_DB,head,Fetal brain,Trans-thalamic,797,train,Aloka
Patient00797_Plane5_1_of_1.png,FETAL_PLANES_DB,not head,Fetal femur,,797,train,Aloka
Patient00797_Plane6_1_of_1.png,FETAL_PLANES_DB,not head,Fetal thorax,,797,train,Aloka
Patient00797_Plane1_1_of_8.png,FETAL_PLANES_DB,not head,Other,,797,train,Aloka
Patient00797_Plane1_2_of_8.png,FETAL_PLANES_DB,not head,Other,,797,train,Aloka
Patient00797_Plane1_3_of_8.png,FETAL_PLANES_DB,not head,Other,,797,train,Aloka
Patient00797_Plane1_4_of_8.png,FETAL_PLANES_DB,not head,Other,,797,train,Aloka
Patient00797_Plane1_5_of_8.png,FETAL_PLANES_DB,not head,Other,,797,train,Aloka
Patient00797_Plane1_6_of_8.png,FETAL_PLANES_DB,not head,Other,,797,train,Aloka
Patient00797_Plane1_7_of_8.png,FETAL_PLANES_DB,not head,Other,,797,train,Aloka
Patient00797_Plane1_8_of_8.png,FETAL_PLANES_DB,not head,Other,,797,train,Aloka
Patient00798_Plane2_1_of_1.png,FETAL_PLANES_DB,not head,Fetal abdomen,,798,train,Aloka
Patient00798_Plane3_1_of_2.png,FETAL_PLANES_DB,head,Fetal brain,Trans-cerebellum,798,train,Aloka
Patient00798_Plane3_2_of_2.png,FETAL_PLANES_DB,head,Fetal brain,Trans-thalamic,798,train,Aloka
Patient00798_Plane5_1_of_1.png,FETAL_PLANES_DB,not head,Fetal femur,,798,train,Aloka
Patient00798_Plane1_1_of_3.png,FETAL_PLANES_DB,not head,Other,,798,train,Aloka
Patient00798_Plane1_2_of_3.png,FETAL_PLANES_DB,not head,Other,,798,train,Aloka
Patient00798_Plane1_3_of_3.png,FETAL_PLANES_DB,not head,Other,,798,train,Aloka
Patient00800_Plane6_1_of_5.png,FETAL_PLANES_DB,not head,Fetal thorax,,800,train,Voluson E6
Patient00800_Plane6_2_of_5.png,FETAL_PLANES_DB,not head,Fetal thorax,,800,train,Voluson E6
Patient00800_Plane6_3_of_5.png,FETAL_PLANES_DB,not head,Fetal thorax,,800,train,Voluson E6
Patient00800_Plane6_4_of_5.png,FETAL_PLANES_DB,not head,Fetal thorax,,800,train,Voluson E6
Patient00800_Plane6_5_of_5.png,FETAL_PLANES_DB,not head,Fetal thorax,,800,train,Voluson E6
Patient00803_Plane3_1_of_5.png,FETAL_PLANES_DB,head,Fetal brain,Other,803,train,Voluson E6
Patient00803_Plane3_2_of_5.png,FETAL_PLANES_DB,head,Fetal brain,Trans-thalamic,803,train,Voluson E6
Patient00803_Plane3_3_of_5.png,FETAL_PLANES_DB,head,Fetal brain,Trans-ventricular,803,train,Voluson E6
Patient00803_Plane3_4_of_5.png,FETAL_PLANES_DB,head,Fetal brain,Trans-ventricular,803,train,Voluson E6
Patient00803_Plane3_5_of_5.png,FETAL_PLANES_DB,head,Fetal brain,Trans-cerebellum,803,train,Voluson E6
Patient00803_Plane4_1_of_2.png,FETAL_PLANES_DB,not head,Maternal cervix,,803,train,Voluson E6
Patient00803_Plane4_2_of_2.png,FETAL_PLANES_DB,not head,Maternal cervix,,803,train,Voluson E6
Patient00803_Plane5_1_of_5.png,FETAL_PLANES_DB,not head,Fetal femur,,803,train,Voluson E6
Patient00803_Plane5_2_of_5.png,FETAL_PLANES_DB,not head,Fetal femur,,803,train,Voluson E6
Patient00803_Plane5_3_of_5.png,FETAL_PLANES_DB,not head,Fetal femur,,803,train,Voluson E6
Patient00803_Plane5_4_of_5.png,FETAL_PLANES_DB,not head,Fetal femur,,803,train,Voluson E6
Patient00803_Plane5_5_of_5.png,FETAL_PLANES_DB,not head,Fetal femur,,803,train,Voluson E6
Patient00803_Plane1_1_of_1.png,FETAL_PLANES_DB,not head,Other,,803,train,Voluson E6
Patient00803_Plane6_1_of_12.png,FETAL_PLANES_DB,not head,Fetal thorax,,803,train,Voluson E6
Patient00803_Plane6_2_of_12.png,FETAL_PLANES_DB,not head,Fetal thorax,,803,train,Voluson E6
Patient00803_Plane6_3_of_12.png,FETAL_PLANES_DB,not head,Fetal thorax,,803,train,Voluson E6
Patient00803_Plane6_4_of_12.png,FETAL_PLANES_DB,not head,Fetal thorax,,803,train,Voluson E6
Patient00803_Plane6_5_of_12.png,FETAL_PLANES_DB,not head,Fetal thorax,,803,train,Voluson E6
Patient00803_Plane6_6_of_12.png,FETAL_PLANES_DB,not head,Fetal thorax,,803,train,Voluson E6
Patient00803_Plane6_7_of_12.png,FETAL_PLANES_DB,not head,Fetal thorax,,803,train,Voluson E6
Patient00803_Plane6_8_of_12.png,FETAL_PLANES_DB,not head,Fetal thorax,,803,train,Voluson E6
Patient00803_Plane6_9_of_12.png,FETAL_PLANES_DB,not head,Fetal thorax,,803,train,Voluson E6
Patient00803_Plane6_10_of_12.png,FETAL_PLANES_DB,not head,Fetal thorax,,803,train,Voluson E6
Patient00803_Plane6_11_of_12.png,FETAL_PLANES_DB,not head,Fetal thorax,,803,train,Voluson E6
Patient00803_Plane6_12_of_12.png,FETAL_PLANES_DB,not head,Fetal thorax,,803,train,Voluson E6
Patient00804_Plane2_1_of_1.png,FETAL_PLANES_DB,not head,Fetal abdomen,,804,train,Voluson E6
Patient00804_Plane3_1_of_5.png,FETAL_PLANES_DB,head,Fetal brain,Trans-ventricular,804,train,Voluson E6
Patient00804_Plane3_2_of_5.png,FETAL_PLANES_DB,head,Fetal brain,Trans-cerebellum,804,train,Voluson E6
Patient00804_Plane3_3_of_5.png,FETAL_PLANES_DB,head,Fetal brain,Trans-thalamic,804,train,Voluson E6
Patient00804_Plane3_4_of_5.png,FETAL_PLANES_DB,head,Fetal brain,Trans-cerebellum,804,train,Voluson E6
Patient00804_Plane3_5_of_5.png,FETAL_PLANES_DB,head,Fetal brain,Trans-ventricular,804,train,Voluson E6
Patient00804_Plane4_1_of_6.png,FETAL_PLANES_DB,not head,Maternal cervix,,804,train,Voluson E6
Patient00804_Plane4_2_of_6.png,FETAL_PLANES_DB,not head,Maternal cervix,,804,train,Voluson E6
Patient00804_Plane4_3_of_6.png,FETAL_PLANES_DB,not head,Maternal cervix,,804,train,Voluson E6
Patient00804_Plane4_4_of_6.png,FETAL_PLANES_DB,not head,Maternal cervix,,804,train,Voluson E6
Patient00804_Plane4_5_of_6.png,FETAL_PLANES_DB,not head,Maternal cervix,,804,train,Voluson E6
Patient00804_Plane4_6_of_6.png,FETAL_PLANES_DB,not head,Maternal cervix,,804,train,Voluson E6
Patient00804_Plane5_1_of_1.png,FETAL_PLANES_DB,not head,Fetal femur,,804,train,Voluson E6
Patient00804_Plane1_1_of_1.png,FETAL_PLANES_DB,not head,Other,,804,train,Voluson E6
Patient00804_Plane6_1_of_2.png,FETAL_PLANES_DB,not head,Fetal thorax,,804,train,Voluson E6
Patient00804_Plane6_2_of_2.png,FETAL_PLANES_DB,not head,Fetal thorax,,804,train,Voluson E6
Patient00808_Plane3_1_of_2.png,FETAL_PLANES_DB,head,Fetal brain,Trans-thalamic,808,train,Voluson E6
Patient00808_Plane3_2_of_2.png,FETAL_PLANES_DB,head,Fetal brain,Trans-thalamic,808,train,Voluson E6
Patient00811_Plane2_1_of_2.png,FETAL_PLANES_DB,not head,Fetal abdomen,,811,train,Aloka
Patient00811_Plane2_2_of_2.png,FETAL_PLANES_DB,not head,Fetal abdomen,,811,train,Aloka
Patient00811_Plane3_1_of_5.png,FETAL_PLANES_DB,head,Fetal brain,Trans-thalamic,811,train,Aloka
Patient00811_Plane3_2_of_5.png,FETAL_PLANES_DB,head,Fetal brain,Trans-ventricular,811,train,Aloka
Patient00811_Plane3_3_of_5.png,FETAL_PLANES_DB,head,Fetal brain,Trans-thalamic,811,train,Aloka
Patient00811_Plane3_4_of_5.png,FETAL_PLANES_DB,head,Fetal brain,Trans-thalamic,811,train,Aloka
Patient00811_Plane3_5_of_5.png,FETAL_PLANES_DB,head,Fetal brain,Trans-thalamic,811,train,Aloka
Patient00811_Plane5_1_of_1.png,FETAL_PLANES_DB,not head,Fetal femur,,811,train,Aloka
Patient00811_Plane6_1_of_3.png,FETAL_PLANES_DB,not head,Fetal thorax,,811,train,Aloka
Patient00811_Plane6_2_of_3.png,FETAL_PLANES_DB,not head,Fetal thorax,,811,train,Aloka
Patient00811_Plane6_3_of_3.png,FETAL_PLANES_DB,not head,Fetal thorax,,811,train,Aloka
Patient00811_Plane1_1_of_7.png,FETAL_PLANES_DB,not head,Other,,811,train,Aloka
Patient00811_Plane1_2_of_7.png,FETAL_PLANES_DB,not head,Other,,811,train,Aloka
Patient00811_Plane1_3_of_7.png,FETAL_PLANES_DB,not head,Other,,811,train,Aloka
Patient00811_Plane1_4_of_7.png,FETAL_PLANES_DB,not head,Other,,811,train,Aloka
Patient00811_Plane1_5_of_7.png,FETAL_PLANES_DB,not head,Other,,811,train,Aloka
Patient00811_Plane1_6_of_7.png,FETAL_PLANES_DB,not head,Other,,811,train,Aloka
Patient00811_Plane1_7_of_7.png,FETAL_PLANES_DB,not head,Other,,811,train,Aloka
Patient00813_Plane2_1_of_1.png,FETAL_PLANES_DB,not head,Fetal abdomen,,813,train,Aloka
Patient00813_Plane3_1_of_3.png,FETAL_PLANES_DB,head,Fetal brain,Trans-thalamic,813,train,Aloka
Patient00813_Plane3_2_of_3.png,FETAL_PLANES_DB,head,Fetal brain,Trans-thalamic,813,train,Aloka
Patient00813_Plane3_3_of_3.png,FETAL_PLANES_DB,head,Fetal brain,Trans-thalamic,813,train,Aloka
Patient00813_Plane5_1_of_1.png,FETAL_PLANES_DB,not head,Fetal femur,,813,train,Aloka
Patient00813_Plane6_1_of_4.png,FETAL_PLANES_DB,not head,Fetal thorax,,813,train,Aloka
Patient00813_Plane6_2_of_4.png,FETAL_PLANES_DB,not head,Fetal thorax,,813,train,Aloka
Patient00813_Plane6_3_of_4.png,FETAL_PLANES_DB,not head,Fetal thorax,,813,train,Aloka
Patient00813_Plane6_4_of_4.png,FETAL_PLANES_DB,not head,Fetal thorax,,813,train,Aloka
Patient00813_Plane1_1_of_10.png,FETAL_PLANES_DB,not head,Other,,813,train,Aloka
Patient00813_Plane1_2_of_10.png,FETAL_PLANES_DB,not head,Other,,813,train,Aloka
Patient00813_Plane1_3_of_10.png,FETAL_PLANES_DB,not head,Other,,813,train,Aloka
Patient00813_Plane1_4_of_10.png,FETAL_PLANES_DB,not head,Other,,813,train,Aloka
Patient00813_Plane1_5_of_10.png,FETAL_PLANES_DB,not head,Other,,813,train,Aloka
Patient00813_Plane1_6_of_10.png,FETAL_PLANES_DB,not head,Other,,813,train,Aloka
Patient00813_Plane1_7_of_10.png,FETAL_PLANES_DB,not head,Other,,813,train,Aloka
Patient00813_Plane1_8_of_10.png,FETAL_PLANES_DB,not head,Other,,813,train,Aloka
Patient00813_Plane1_9_of_10.png,FETAL_PLANES_DB,not head,Other,,813,train,Aloka
Patient00813_Plane1_10_of_10.png,FETAL_PLANES_DB,not head,Other,,813,train,Aloka
Patient00818_Plane3_1_of_2.png,FETAL_PLANES_DB,head,Fetal brain,Trans-cerebellum,818,train,Voluson E6
Patient00818_Plane3_2_of_2.png,FETAL_PLANES_DB,head,Fetal brain,Trans-ventricular,818,train,Voluson E6
Patient00818_Plane6_1_of_2.png,FETAL_PLANES_DB,not head,Fetal thorax,,818,train,Voluson E6
Patient00818_Plane6_2_of_2.png,FETAL_PLANES_DB,not head,Fetal thorax,,818,train,Voluson E6
Patient00819_Plane2_1_of_1.png,FETAL_PLANES_DB,not head,Fetal abdomen,,819,train,Voluson E6
Patient00819_Plane3_1_of_4.png,FETAL_PLANES_DB,head,Fetal brain,Trans-thalamic,819,train,Voluson E6
Patient00819_Plane3_2_of_4.png,FETAL_PLANES_DB,head,Fetal brain,Trans-ventricular,819,train,Voluson E6
Patient00819_Plane3_3_of_4.png,FETAL_PLANES_DB,head,Fetal brain,Trans-cerebellum,819,train,Voluson E6
Patient00819_Plane3_4_of_4.png,FETAL_PLANES_DB,head,Fetal brain,Trans-ventricular,819,train,Voluson E6
Patient00819_Plane4_1_of_2.png,FETAL_PLANES_DB,not head,Maternal cervix,,819,train,Voluson E6
Patient00819_Plane4_2_of_2.png,FETAL_PLANES_DB,not head,Maternal cervix,,819,train,Voluson E6
Patient00819_Plane5_1_of_1.png,FETAL_PLANES_DB,not head,Fetal femur,,819,train,Voluson E6
Patient00819_Plane1_1_of_1.png,FETAL_PLANES_DB,not head,Other,,819,train,Voluson E6
Patient00819_Plane6_1_of_5.png,FETAL_PLANES_DB,not head,Fetal thorax,,819,train,Voluson E6
Patient00819_Plane6_2_of_5.png,FETAL_PLANES_DB,not head,Fetal thorax,,819,train,Voluson E6
Patient00819_Plane6_3_of_5.png,FETAL_PLANES_DB,not head,Fetal thorax,,819,train,Voluson E6
Patient00819_Plane6_4_of_5.png,FETAL_PLANES_DB,not head,Fetal thorax,,819,train,Voluson E6
Patient00819_Plane6_5_of_5.png,FETAL_PLANES_DB,not head,Fetal thorax,,819,train,Voluson E6
Patient00820_Plane3_1_of_3.png,FETAL_PLANES_DB,head,Fetal brain,Trans-thalamic,820,train,Voluson E6
Patient00820_Plane3_2_of_3.png,FETAL_PLANES_DB,head,Fetal brain,Trans-ventricular,820,train,Voluson E6
Patient00820_Plane3_3_of_3.png,FETAL_PLANES_DB,head,Fetal brain,Trans-thalamic,820,train,Voluson E6
Patient00820_Plane4_1_of_6.png,FETAL_PLANES_DB,not head,Maternal cervix,,820,train,Voluson E6
Patient00820_Plane4_2_of_6.png,FETAL_PLANES_DB,not head,Maternal cervix,,820,train,Voluson E6
Patient00820_Plane4_3_of_6.png,FETAL_PLANES_DB,not head,Maternal cervix,,820,train,Voluson E6
Patient00820_Plane4_4_of_6.png,FETAL_PLANES_DB,not head,Maternal cervix,,820,train,Voluson E6
Patient00820_Plane4_5_of_6.png,FETAL_PLANES_DB,not head,Maternal cervix,,820,train,Voluson E6
Patient00820_Plane4_6_of_6.png,FETAL_PLANES_DB,not head,Maternal cervix,,820,train,Voluson E6
Patient00820_Plane5_1_of_1.png,FETAL_PLANES_DB,not head,Fetal femur,,820,train,Voluson E6
Patient00820_Plane1_1_of_1.png,FETAL_PLANES_DB,not head,Other,,820,train,Voluson E6
Patient00820_Plane6_1_of_5.png,FETAL_PLANES_DB,not head,Fetal thorax,,820,train,Voluson E6
Patient00820_Plane6_2_of_5.png,FETAL_PLANES_DB,not head,Fetal thorax,,820,train,Voluson E6
Patient00820_Plane6_3_of_5.png,FETAL_PLANES_DB,not head,Fetal thorax,,820,train,Voluson E6
Patient00820_Plane6_4_of_5.png,FETAL_PLANES_DB,not head,Fetal thorax,,820,train,Voluson E6
Patient00820_Plane6_5_of_5.png,FETAL_PLANES_DB,not head,Fetal thorax,,820,train,Voluson E6
Patient00821_Plane3_1_of_3.png,FETAL_PLANES_DB,head,Fetal brain,Trans-thalamic,821,train,Voluson E6
Patient00821_Plane3_2_of_3.png,FETAL_PLANES_DB,head,Fetal brain,Trans-cerebellum,821,train,Voluson E6
Patient00821_Plane3_3_of_3.png,FETAL_PLANES_DB,head,Fetal brain,Trans-ventricular,821,train,Voluson E6
Patient00821_Plane6_1_of_2.png,FETAL_PLANES_DB,not head,Fetal thorax,,821,train,Voluson E6
Patient00821_Plane6_2_of_2.png,FETAL_PLANES_DB,not head,Fetal thorax,,821,train,Voluson E6
Patient00823_Plane2_1_of_1.png,FETAL_PLANES_DB,not head,Fetal abdomen,,823,train,Voluson E6
Patient00823_Plane3_1_of_4.png,FETAL_PLANES_DB,head,Fetal brain,Trans-cerebellum,823,train,Voluson E6
Patient00823_Plane3_2_of_4.png,FETAL_PLANES_DB,head,Fetal brain,Trans-ventricular,823,train,Voluson E6
Patient00823_Plane3_3_of_4.png,FETAL_PLANES_DB,head,Fetal brain,Trans-ventricular,823,train,Voluson E6
Patient00823_Plane3_4_of_4.png,FETAL_PLANES_DB,head,Fetal brain,Trans-thalamic,823,train,Voluson E6
Patient00823_Plane4_1_of_2.png,FETAL_PLANES_DB,not head,Maternal cervix,,823,train,Voluson E6
Patient00823_Plane4_2_of_2.png,FETAL_PLANES_DB,not head,Maternal cervix,,823,train,Voluson E6
Patient00823_Plane5_1_of_1.png,FETAL_PLANES_DB,not head,Fetal femur,,823,train,Voluson E6
Patient00823_Plane1_1_of_1.png,FETAL_PLANES_DB,not head,Other,,823,train,Voluson E6
Patient00823_Plane6_1_of_6.png,FETAL_PLANES_DB,not head,Fetal thorax,,823,train,Voluson E6
Patient00823_Plane6_2_of_6.png,FETAL_PLANES_DB,not head,Fetal thorax,,823,train,Voluson E6
Patient00823_Plane6_3_of_6.png,FETAL_PLANES_DB,not head,Fetal thorax,,823,train,Voluson E6
Patient00823_Plane6_4_of_6.png,FETAL_PLANES_DB,not head,Fetal thorax,,823,train,Voluson E6
Patient00823_Plane6_5_of_6.png,FETAL_PLANES_DB,not head,Fetal thorax,,823,train,Voluson E6
Patient00823_Plane6_6_of_6.png,FETAL_PLANES_DB,not head,Fetal thorax,,823,train,Voluson E6
Patient00824_Plane3_1_of_3.png,FETAL_PLANES_DB,head,Fetal brain,Trans-thalamic,824,train,Voluson E6
Patient00824_Plane3_2_of_3.png,FETAL_PLANES_DB,head,Fetal brain,Trans-thalamic,824,train,Voluson E6
Patient00824_Plane3_3_of_3.png,FETAL_PLANES_DB,head,Fetal brain,Trans-thalamic,824,train,Voluson E6
Patient00824_Plane6_1_of_5.png,FETAL_PLANES_DB,not head,Fetal thorax,,824,train,Voluson E6
Patient00824_Plane6_2_of_5.png,FETAL_PLANES_DB,not head,Fetal thorax,,824,train,Voluson E6
Patient00824_Plane6_3_of_5.png,FETAL_PLANES_DB,not head,Fetal thorax,,824,train,Voluson E6
Patient00824_Plane6_4_of_5.png,FETAL_PLANES_DB,not head,Fetal thorax,,824,train,Voluson E6
Patient00824_Plane6_5_of_5.png,FETAL_PLANES_DB,not head,Fetal thorax,,824,train,Voluson E6
Patient00825_Plane3_1_of_2.png,FETAL_PLANES_DB,head,Fetal brain,Trans-cerebellum,825,train,Voluson E6
Patient00825_Plane3_2_of_2.png,FETAL_PLANES_DB,head,Fetal brain,Trans-thalamic,825,train,Voluson E6
Patient00825_Plane4_1_of_7.png,FETAL_PLANES_DB,not head,Maternal cervix,,825,train,Voluson E6
Patient00825_Plane4_2_of_7.png,FETAL_PLANES_DB,not head,Maternal cervix,,825,train,Voluson E6
Patient00825_Plane4_3_of_7.png,FETAL_PLANES_DB,not head,Maternal cervix,,825,train,Voluson E6
Patient00825_Plane4_4_of_7.png,FETAL_PLANES_DB,not head,Maternal cervix,,825,train,Voluson E6
Patient00825_Plane4_5_of_7.png,FETAL_PLANES_DB,not head,Maternal cervix,,825,train,Voluson E6
Patient00825_Plane4_6_of_7.png,FETAL_PLANES_DB,not head,Maternal cervix,,825,train,Voluson E6
Patient00825_Plane4_7_of_7.png,FETAL_PLANES_DB,not head,Maternal cervix,,825,train,Voluson E6
Patient00825_Plane1_1_of_1.png,FETAL_PLANES_DB,not head,Other,,825,train,Voluson E6
Patient00825_Plane6_1_of_5.png,FETAL_PLANES_DB,not head,Fetal thorax,,825,train,Voluson E6
Patient00825_Plane6_2_of_5.png,FETAL_PLANES_DB,not head,Fetal thorax,,825,train,Voluson E6
Patient00825_Plane6_3_of_5.png,FETAL_PLANES_DB,not head,Fetal thorax,,825,train,Voluson E6
Patient00825_Plane6_4_of_5.png,FETAL_PLANES_DB,not head,Fetal thorax,,825,train,Voluson E6
Patient00825_Plane6_5_of_5.png,FETAL_PLANES_DB,not head,Fetal thorax,,825,train,Voluson E6
Patient00826_Plane2_1_of_1.png,FETAL_PLANES_DB,not head,Fetal abdomen,,826,train,Voluson E6
Patient00826_Plane3_1_of_5.png,FETAL_PLANES_DB,head,Fetal brain,Trans-ventricular,826,train,Voluson E6
Patient00826_Plane3_2_of_5.png,FETAL_PLANES_DB,head,Fetal brain,Trans-cerebellum,826,train,Voluson E6
Patient00826_Plane3_3_of_5.png,FETAL_PLANES_DB,head,Fetal brain,Trans-ventricular,826,train,Voluson E6
Patient00826_Plane3_4_of_5.png,FETAL_PLANES_DB,head,Fetal brain,Trans-thalamic,826,train,Voluson E6
Patient00826_Plane3_5_of_5.png,FETAL_PLANES_DB,head,Fetal brain,Trans-thalamic,826,train,Voluson E6
Patient00826_Plane4_1_of_3.png,FETAL_PLANES_DB,not head,Maternal cervix,,826,train,Voluson E6
Patient00826_Plane4_2_of_3.png,FETAL_PLANES_DB,not head,Maternal cervix,,826,train,Voluson E6
Patient00826_Plane4_3_of_3.png,FETAL_PLANES_DB,not head,Maternal cervix,,826,train,Voluson E6
Patient00826_Plane5_1_of_2.png,FETAL_PLANES_DB,not head,Fetal femur,,826,train,Voluson E6
Patient00826_Plane5_2_of_2.png,FETAL_PLANES_DB,not head,Fetal femur,,826,train,Voluson E6
Patient00826_Plane1_1_of_1.png,FETAL_PLANES_DB,not head,Other,,826,train,Voluson E6
Patient00826_Plane6_1_of_5.png,FETAL_PLANES_DB,not head,Fetal thorax,,826,train,Voluson E6
Patient00826_Plane6_2_of_5.png,FETAL_PLANES_DB,not head,Fetal thorax,,826,train,Voluson E6
Patient00826_Plane6_3_of_5.png,FETAL_PLANES_DB,not head,Fetal thorax,,826,train,Voluson E6
Patient00826_Plane6_4_of_5.png,FETAL_PLANES_DB,not head,Fetal thorax,,826,train,Voluson E6
Patient00826_Plane6_5_of_5.png,FETAL_PLANES_DB,not head,Fetal thorax,,826,train,Voluson E6
Patient00827_Plane3_1_of_3.png,FETAL_PLANES_DB,head,Fetal brain,Trans-thalamic,827,train,Voluson E6
Patient00827_Plane3_2_of_3.png,FETAL_PLANES_DB,head,Fetal brain,Trans-thalamic,827,train,Voluson E6
Patient00827_Plane3_3_of_3.png,FETAL_PLANES_DB,head,Fetal brain,Other,827,train,Voluson E6
Patient00827_Plane1_1_of_1.png,FETAL_PLANES_DB,not head,Other,,827,train,Voluson E6
Patient00827_Plane6_1_of_4.png,FETAL_PLANES_DB,not head,Fetal thorax,,827,train,Voluson E6
Patient00827_Plane6_2_of_4.png,FETAL_PLANES_DB,not head,Fetal thorax,,827,train,Voluson E6
Patient00827_Plane6_3_of_4.png,FETAL_PLANES_DB,not head,Fetal thorax,,827,train,Voluson E6
Patient00827_Plane6_4_of_4.png,FETAL_PLANES_DB,not head,Fetal thorax,,827,train,Voluson E6
Patient00828_Plane3_1_of_1.png,FETAL_PLANES_DB,head,Fetal brain,Trans-ventricular,828,train,Voluson E6
Patient00828_Plane1_1_of_1.png,FETAL_PLANES_DB,not head,Other,,828,train,Voluson E6
Patient00828_Plane6_1_of_5.png,FETAL_PLANES_DB,not head,Fetal thorax,,828,train,Voluson E6
Patient00828_Plane6_2_of_5.png,FETAL_PLANES_DB,not head,Fetal thorax,,828,train,Voluson E6
Patient00828_Plane6_3_of_5.png,FETAL_PLANES_DB,not head,Fetal thorax,,828,train,Voluson E6
Patient00828_Plane6_4_of_5.png,FETAL_PLANES_DB,not head,Fetal thorax,,828,train,Voluson E6
Patient00828_Plane6_5_of_5.png,FETAL_PLANES_DB,not head,Fetal thorax,,828,train,Voluson E6
Patient00830_Plane3_1_of_3.png,FETAL_PLANES_DB,head,Fetal brain,Trans-thalamic,830,train,Voluson E6
Patient00830_Plane3_2_of_3.png,FETAL_PLANES_DB,head,Fetal brain,Trans-cerebellum,830,train,Voluson E6
Patient00830_Plane3_3_of_3.png,FETAL_PLANES_DB,head,Fetal brain,Trans-thalamic,830,train,Voluson E6
Patient00830_Plane4_1_of_6.png,FETAL_PLANES_DB,not head,Maternal cervix,,830,train,Voluson E6
Patient00830_Plane4_2_of_6.png,FETAL_PLANES_DB,not head,Maternal cervix,,830,train,Voluson E6
Patient00830_Plane4_3_of_6.png,FETAL_PLANES_DB,not head,Maternal cervix,,830,train,Voluson E6
Patient00830_Plane4_4_of_6.png,FETAL_PLANES_DB,not head,Maternal cervix,,830,train,Voluson E6
Patient00830_Plane4_5_of_6.png,FETAL_PLANES_DB,not head,Maternal cervix,,830,train,Voluson E6
Patient00830_Plane4_6_of_6.png,FETAL_PLANES_DB,not head,Maternal cervix,,830,train,Voluson E6
Patient00830_Plane5_1_of_1.png,FETAL_PLANES_DB,not head,Fetal femur,,830,train,Voluson E6
Patient00830_Plane1_1_of_49.png,FETAL_PLANES_DB,not head,Other,,830,train,Voluson E6
Patient00830_Plane6_1_of_3.png,FETAL_PLANES_DB,not head,Fetal thorax,,830,train,Voluson E6
Patient00830_Plane6_2_of_3.png,FETAL_PLANES_DB,not head,Fetal thorax,,830,train,Voluson E6
Patient00830_Plane6_3_of_3.png,FETAL_PLANES_DB,not head,Fetal thorax,,830,train,Voluson E6
Patient00830_Plane1_2_of_49.png,FETAL_PLANES_DB,not head,Other,,830,train,Voluson E6
Patient00830_Plane1_3_of_49.png,FETAL_PLANES_DB,not head,Other,,830,train,Voluson E6
Patient00830_Plane1_4_of_49.png,FETAL_PLANES_DB,not head,Other,,830,train,Voluson E6
Patient00830_Plane1_5_of_49.png,FETAL_PLANES_DB,not head,Other,,830,train,Voluson E6
Patient00830_Plane1_6_of_49.png,FETAL_PLANES_DB,not head,Other,,830,train,Voluson E6
Patient00830_Plane1_7_of_49.png,FETAL_PLANES_DB,not head,Other,,830,train,Voluson E6
Patient00830_Plane1_8_of_49.png,FETAL_PLANES_DB,not head,Other,,830,train,Voluson E6
Patient00830_Plane1_9_of_49.png,FETAL_PLANES_DB,not head,Other,,830,train,Voluson E6
Patient00830_Plane1_10_of_49.png,FETAL_PLANES_DB,not head,Other,,830,train,Voluson E6
Patient00830_Plane1_11_of_49.png,FETAL_PLANES_DB,not head,Other,,830,train,Voluson E6
Patient00830_Plane1_12_of_49.png,FETAL_PLANES_DB,not head,Other,,830,train,Voluson E6
Patient00830_Plane1_13_of_49.png,FETAL_PLANES_DB,not head,Other,,830,train,Voluson E6
Patient00830_Plane1_14_of_49.png,FETAL_PLANES_DB,not head,Other,,830,train,Voluson E6
Patient00830_Plane1_15_of_49.png,FETAL_PLANES_DB,not head,Other,,830,train,Voluson E6
Patient00830_Plane1_16_of_49.png,FETAL_PLANES_DB,not head,Other,,830,train,Voluson E6
Patient00830_Plane1_17_of_49.png,FETAL_PLANES_DB,not head,Other,,830,train,Voluson E6
Patient00830_Plane1_18_of_49.png,FETAL_PLANES_DB,not head,Other,,830,train,Voluson E6
Patient00830_Plane1_19_of_49.png,FETAL_PLANES_DB,not head,Other,,830,train,Voluson E6
Patient00830_Plane1_20_of_49.png,FETAL_PLANES_DB,not head,Other,,830,train,Voluson E6
Patient00830_Plane1_21_of_49.png,FETAL_PLANES_DB,not head,Other,,830,train,Voluson E6
Patient00830_Plane1_22_of_49.png,FETAL_PLANES_DB,not head,Other,,830,train,Voluson E6
Patient00830_Plane1_23_of_49.png,FETAL_PLANES_DB,not head,Other,,830,train,Voluson E6
Patient00830_Plane1_24_of_49.png,FETAL_PLANES_DB,not head,Other,,830,train,Voluson E6
Patient00830_Plane1_25_of_49.png,FETAL_PLANES_DB,not head,Other,,830,train,Voluson E6
Patient00830_Plane1_26_of_49.png,FETAL_PLANES_DB,not head,Other,,830,train,Voluson E6
Patient00830_Plane1_27_of_49.png,FETAL_PLANES_DB,not head,Other,,830,train,Voluson E6
Patient00830_Plane1_28_of_49.png,FETAL_PLANES_DB,not head,Other,,830,train,Voluson E6
Patient00830_Plane1_29_of_49.png,FETAL_PLANES_DB,not head,Other,,830,train,Voluson E6
Patient00830_Plane1_30_of_49.png,FETAL_PLANES_DB,not head,Other,,830,train,Voluson E6
Patient00830_Plane1_31_of_49.png,FETAL_PLANES_DB,not head,Other,,830,train,Voluson E6
Patient00830_Plane1_32_of_49.png,FETAL_PLANES_DB,not head,Other,,830,train,Voluson E6
Patient00830_Plane1_33_of_49.png,FETAL_PLANES_DB,not head,Other,,830,train,Voluson E6
Patient00830_Plane1_34_of_49.png,FETAL_PLANES_DB,not head,Other,,830,train,Voluson E6
Patient00830_Plane1_35_of_49.png,FETAL_PLANES_DB,not head,Other,,830,train,Voluson E6
Patient00830_Plane1_36_of_49.png,FETAL_PLANES_DB,not head,Other,,830,train,Voluson E6
Patient00830_Plane1_37_of_49.png,FETAL_PLANES_DB,not head,Other,,830,train,Voluson E6
Patient00830_Plane1_38_of_49.png,FETAL_PLANES_DB,not head,Other,,830,train,Voluson E6
Patient00830_Plane1_39_of_49.png,FETAL_PLANES_DB,not head,Other,,830,train,Voluson E6
Patient00830_Plane1_40_of_49.png,FETAL_PLANES_DB,not head,Other,,830,train,Voluson E6
Patient00830_Plane1_41_of_49.png,FETAL_PLANES_DB,not head,Other,,830,train,Voluson E6
Patient00830_Plane1_42_of_49.png,FETAL_PLANES_DB,not head,Other,,830,train,Voluson E6
Patient00830_Plane1_43_of_49.png,FETAL_PLANES_DB,not head,Other,,830,train,Voluson E6
Patient00830_Plane1_44_of_49.png,FETAL_PLANES_DB,not head,Other,,830,train,Voluson E6
Patient00830_Plane1_45_of_49.png,FETAL_PLANES_DB,not head,Other,,830,train,Voluson E6
Patient00830_Plane1_46_of_49.png,FETAL_PLANES_DB,not head,Other,,830,train,Voluson E6
Patient00830_Plane1_47_of_49.png,FETAL_PLANES_DB,not head,Other,,830,train,Voluson E6
Patient00830_Plane1_48_of_49.png,FETAL_PLANES_DB,not head,Other,,830,train,Voluson E6
Patient00830_Plane1_49_of_49.png,FETAL_PLANES_DB,not head,Other,,830,train,Voluson E6
Patient00831_Plane3_1_of_1.png,FETAL_PLANES_DB,head,Fetal brain,Trans-ventricular,831,train,Aloka
Patient00831_Plane4_1_of_5.png,FETAL_PLANES_DB,not head,Maternal cervix,,831,train,Aloka
Patient00831_Plane4_2_of_5.png,FETAL_PLANES_DB,not head,Maternal cervix,,831,train,Aloka
Patient00831_Plane4_3_of_5.png,FETAL_PLANES_DB,not head,Maternal cervix,,831,train,Aloka
Patient00831_Plane4_4_of_5.png,FETAL_PLANES_DB,not head,Maternal cervix,,831,train,Aloka
Patient00831_Plane4_5_of_5.png,FETAL_PLANES_DB,not head,Maternal cervix,,831,train,Aloka
Patient00831_Plane5_1_of_2.png,FETAL_PLANES_DB,not head,Fetal femur,,831,train,Aloka
Patient00831_Plane5_2_of_2.png,FETAL_PLANES_DB,not head,Fetal femur,,831,train,Aloka
Patient00831_Plane1_1_of_38.png,FETAL_PLANES_DB,not head,Other,,831,train,Aloka
Patient00831_Plane1_2_of_38.png,FETAL_PLANES_DB,not head,Other,,831,train,Aloka
Patient00831_Plane1_3_of_38.png,FETAL_PLANES_DB,not head,Other,,831,train,Aloka
Patient00831_Plane1_4_of_38.png,FETAL_PLANES_DB,not head,Other,,831,train,Aloka
Patient00831_Plane1_5_of_38.png,FETAL_PLANES_DB,not head,Other,,831,train,Aloka
Patient00831_Plane1_6_of_38.png,FETAL_PLANES_DB,not head,Other,,831,train,Aloka
Patient00831_Plane1_7_of_38.png,FETAL_PLANES_DB,not head,Other,,831,train,Aloka
Patient00831_Plane1_8_of_38.png,FETAL_PLANES_DB,not head,Other,,831,train,Aloka
Patient00831_Plane1_9_of_38.png,FETAL_PLANES_DB,not head,Other,,831,train,Aloka
Patient00831_Plane1_10_of_38.png,FETAL_PLANES_DB,not head,Other,,831,train,Aloka
Patient00831_Plane1_11_of_38.png,FETAL_PLANES_DB,not head,Other,,831,train,Aloka
Patient00831_Plane1_12_of_38.png,FETAL_PLANES_DB,not head,Other,,831,train,Aloka
Patient00831_Plane1_13_of_38.png,FETAL_PLANES_DB,not head,Other,,831,train,Aloka
Patient00831_Plane1_14_of_38.png,FETAL_PLANES_DB,not head,Other,,831,train,Aloka
Patient00831_Plane1_15_of_38.png,FETAL_PLANES_DB,not head,Other,,831,train,Aloka
Patient00831_Plane1_16_of_38.png,FETAL_PLANES_DB,not head,Other,,831,train,Aloka
Patient00831_Plane1_17_of_38.png,FETAL_PLANES_DB,not head,Other,,831,train,Aloka
Patient00831_Plane1_18_of_38.png,FETAL_PLANES_DB,not head,Other,,831,train,Aloka
Patient00831_Plane1_19_of_38.png,FETAL_PLANES_DB,not head,Other,,831,train,Aloka
Patient00831_Plane1_20_of_38.png,FETAL_PLANES_DB,not head,Other,,831,train,Aloka
Patient00831_Plane1_21_of_38.png,FETAL_PLANES_DB,not head,Other,,831,train,Aloka
Patient00831_Plane1_22_of_38.png,FETAL_PLANES_DB,not head,Other,,831,train,Aloka
Patient00831_Plane1_23_of_38.png,FETAL_PLANES_DB,not head,Other,,831,train,Aloka
Patient00831_Plane1_24_of_38.png,FETAL_PLANES_DB,not head,Other,,831,train,Aloka
Patient00831_Plane1_25_of_38.png,FETAL_PLANES_DB,not head,Other,,831,train,Aloka
Patient00831_Plane1_26_of_38.png,FETAL_PLANES_DB,not head,Other,,831,train,Aloka
Patient00831_Plane1_27_of_38.png,FETAL_PLANES_DB,not head,Other,,831,train,Aloka
Patient00831_Plane1_28_of_38.png,FETAL_PLANES_DB,not head,Other,,831,train,Aloka
Patient00831_Plane1_29_of_38.png,FETAL_PLANES_DB,not head,Other,,831,train,Aloka
Patient00831_Plane1_30_of_38.png,FETAL_PLANES_DB,not head,Other,,831,train,Aloka
Patient00831_Plane1_31_of_38.png,FETAL_PLANES_DB,not head,Other,,831,train,Aloka
Patient00831_Plane1_32_of_38.png,FETAL_PLANES_DB,not head,Other,,831,train,Aloka
Patient00831_Plane1_33_of_38.png,FETAL_PLANES_DB,not head,Other,,831,train,Aloka
Patient00831_Plane1_34_of_38.png,FETAL_PLANES_DB,not head,Other,,831,train,Aloka
Patient00831_Plane1_35_of_38.png,FETAL_PLANES_DB,not head,Other,,831,train,Aloka
Patient00831_Plane1_36_of_38.png,FETAL_PLANES_DB,not head,Other,,831,train,Aloka
Patient00831_Plane1_37_of_38.png,FETAL_PLANES_DB,not head,Other,,831,train,Aloka
Patient00831_Plane1_38_of_38.png,FETAL_PLANES_DB,not head,Other,,831,train,Aloka
Patient00832_Plane2_1_of_2.png,FETAL_PLANES_DB,not head,Fetal abdomen,,832,train,Aloka
Patient00832_Plane2_2_of_2.png,FETAL_PLANES_DB,not head,Fetal abdomen,,832,train,Aloka
Patient00832_Plane3_1_of_3.png,FETAL_PLANES_DB,head,Fetal brain,Trans-cerebellum,832,train,Aloka
Patient00832_Plane3_2_of_3.png,FETAL_PLANES_DB,head,Fetal brain,Trans-ventricular,832,train,Aloka
Patient00832_Plane3_3_of_3.png,FETAL_PLANES_DB,head,Fetal brain,Trans-thalamic,832,train,Aloka
Patient00832_Plane5_1_of_2.png,FETAL_PLANES_DB,not head,Fetal femur,,832,train,Aloka
Patient00832_Plane5_2_of_2.png,FETAL_PLANES_DB,not head,Fetal femur,,832,train,Aloka
Patient00832_Plane6_1_of_1.png,FETAL_PLANES_DB,not head,Fetal thorax,,832,train,Aloka
Patient00832_Plane1_1_of_21.png,FETAL_PLANES_DB,not head,Other,,832,train,Aloka
Patient00832_Plane1_2_of_21.png,FETAL_PLANES_DB,not head,Other,,832,train,Aloka
Patient00832_Plane1_3_of_21.png,FETAL_PLANES_DB,not head,Other,,832,train,Aloka
Patient00832_Plane1_4_of_21.png,FETAL_PLANES_DB,not head,Other,,832,train,Aloka
Patient00832_Plane1_5_of_21.png,FETAL_PLANES_DB,not head,Other,,832,train,Aloka
Patient00832_Plane1_6_of_21.png,FETAL_PLANES_DB,not head,Other,,832,train,Aloka
Patient00832_Plane1_7_of_21.png,FETAL_PLANES_DB,not head,Other,,832,train,Aloka
Patient00832_Plane1_8_of_21.png,FETAL_PLANES_DB,not head,Other,,832,train,Aloka
Patient00832_Plane1_9_of_21.png,FETAL_PLANES_DB,not head,Other,,832,train,Aloka
Patient00832_Plane1_10_of_21.png,FETAL_PLANES_DB,not head,Other,,832,train,Aloka
Patient00832_Plane1_11_of_21.png,FETAL_PLANES_DB,not head,Other,,832,train,Aloka
Patient00832_Plane1_12_of_21.png,FETAL_PLANES_DB,not head,Other,,832,train,Aloka
Patient00832_Plane1_13_of_21.png,FETAL_PLANES_DB,not head,Other,,832,train,Aloka
Patient00832_Plane1_14_of_21.png,FETAL_PLANES_DB,not head,Other,,832,train,Aloka
Patient00832_Plane1_15_of_21.png,FETAL_PLANES_DB,not head,Other,,832,train,Aloka
Patient00832_Plane1_16_of_21.png,FETAL_PLANES_DB,not head,Other,,832,train,Aloka
Patient00832_Plane1_17_of_21.png,FETAL_PLANES_DB,not head,Other,,832,train,Aloka
Patient00832_Plane1_18_of_21.png,FETAL_PLANES_DB,not head,Other,,832,train,Aloka
Patient00832_Plane1_19_of_21.png,FETAL_PLANES_DB,not head,Other,,832,train,Aloka
Patient00832_Plane1_20_of_21.png,FETAL_PLANES_DB,not head,Other,,832,train,Aloka
Patient00832_Plane1_21_of_21.png,FETAL_PLANES_DB,not head,Other,,832,train,Aloka
Patient00833_Plane2_1_of_1.png,FETAL_PLANES_DB,not head,Fetal abdomen,,833,train,Aloka
Patient00833_Plane3_1_of_2.png,FETAL_PLANES_DB,head,Fetal brain,Trans-thalamic,833,train,Aloka
Patient00833_Plane3_2_of_2.png,FETAL_PLANES_DB,head,Fetal brain,Trans-thalamic,833,train,Aloka
Patient00833_Plane5_1_of_1.png,FETAL_PLANES_DB,not head,Fetal femur,,833,train,Aloka
Patient00833_Plane6_1_of_1.png,FETAL_PLANES_DB,not head,Fetal thorax,,833,train,Aloka
Patient00833_Plane1_1_of_5.png,FETAL_PLANES_DB,not head,Other,,833,train,Aloka
Patient00833_Plane1_2_of_5.png,FETAL_PLANES_DB,not head,Other,,833,train,Aloka
Patient00833_Plane1_3_of_5.png,FETAL_PLANES_DB,not head,Other,,833,train,Aloka
Patient00833_Plane1_4_of_5.png,FETAL_PLANES_DB,not head,Other,,833,train,Aloka
Patient00833_Plane1_5_of_5.png,FETAL_PLANES_DB,not head,Other,,833,train,Aloka
Patient00834_Plane2_1_of_1.png,FETAL_PLANES_DB,not head,Fetal abdomen,,834,train,Aloka
Patient00834_Plane3_1_of_3.png,FETAL_PLANES_DB,head,Fetal brain,Trans-thalamic,834,train,Aloka
Patient00834_Plane3_2_of_3.png,FETAL_PLANES_DB,head,Fetal brain,Trans-ventricular,834,train,Aloka
Patient00834_Plane3_3_of_3.png,FETAL_PLANES_DB,head,Fetal brain,Trans-cerebellum,834,train,Aloka
Patient00834_Plane4_1_of_4.png,FETAL_PLANES_DB,not head,Maternal cervix,,834,train,Aloka
Patient00834_Plane4_2_of_4.png,FETAL_PLANES_DB,not head,Maternal cervix,,834,train,Aloka
Patient00834_Plane4_3_of_4.png,FETAL_PLANES_DB,not head,Maternal cervix,,834,train,Aloka
Patient00834_Plane4_4_of_4.png,FETAL_PLANES_DB,not head,Maternal cervix,,834,train,Aloka
Patient00834_Plane5_1_of_1.png,FETAL_PLANES_DB,not head,Fetal femur,,834,train,Aloka
Patient00834_Plane6_1_of_1.png,FETAL_PLANES_DB,not head,Fetal thorax,,834,train,Aloka
Patient00834_Plane1_1_of_34.png,FETAL_PLANES_DB,not head,Other,,834,train,Aloka
Patient00834_Plane1_2_of_34.png,FETAL_PLANES_DB,not head,Other,,834,train,Aloka
Patient00834_Plane1_3_of_34.png,FETAL_PLANES_DB,not head,Other,,834,train,Aloka
Patient00834_Plane1_4_of_34.png,FETAL_PLANES_DB,not head,Other,,834,train,Aloka
Patient00834_Plane1_5_of_34.png,FETAL_PLANES_DB,not head,Other,,834,train,Aloka
Patient00834_Plane1_6_of_34.png,FETAL_PLANES_DB,not head,Other,,834,train,Aloka
Patient00834_Plane1_7_of_34.png,FETAL_PLANES_DB,not head,Other,,834,train,Aloka
Patient00834_Plane1_8_of_34.png,FETAL_PLANES_DB,not head,Other,,834,train,Aloka
Patient00834_Plane1_9_of_34.png,FETAL_PLANES_DB,not head,Other,,834,train,Aloka
Patient00834_Plane1_10_of_34.png,FETAL_PLANES_DB,not head,Other,,834,train,Aloka
Patient00834_Plane1_11_of_34.png,FETAL_PLANES_DB,not head,Other,,834,train,Aloka
Patient00834_Plane1_12_of_34.png,FETAL_PLANES_DB,not head,Other,,834,train,Aloka
Patient00834_Plane1_13_of_34.png,FETAL_PLANES_DB,not head,Other,,834,train,Aloka
Patient00834_Plane1_14_of_34.png,FETAL_PLANES_DB,not head,Other,,834,train,Aloka
Patient00834_Plane1_15_of_34.png,FETAL_PLANES_DB,not head,Other,,834,train,Aloka
Patient00834_Plane1_16_of_34.png,FETAL_PLANES_DB,not head,Other,,834,train,Aloka
Patient00834_Plane1_17_of_34.png,FETAL_PLANES_DB,not head,Other,,834,train,Aloka
Patient00834_Plane1_18_of_34.png,FETAL_PLANES_DB,not head,Other,,834,train,Aloka
Patient00834_Plane1_19_of_34.png,FETAL_PLANES_DB,not head,Other,,834,train,Aloka
Patient00834_Plane1_20_of_34.png,FETAL_PLANES_DB,not head,Other,,834,train,Aloka
Patient00834_Plane1_21_of_34.png,FETAL_PLANES_DB,not head,Other,,834,train,Aloka
Patient00834_Plane1_22_of_34.png,FETAL_PLANES_DB,not head,Other,,834,train,Aloka
Patient00834_Plane1_23_of_34.png,FETAL_PLANES_DB,not head,Other,,834,train,Aloka
Patient00834_Plane1_24_of_34.png,FETAL_PLANES_DB,not head,Other,,834,train,Aloka
Patient00834_Plane1_25_of_34.png,FETAL_PLANES_DB,not head,Other,,834,train,Aloka
Patient00834_Plane1_26_of_34.png,FETAL_PLANES_DB,not head,Other,,834,train,Aloka
Patient00834_Plane1_27_of_34.png,FETAL_PLANES_DB,not head,Other,,834,train,Aloka
Patient00834_Plane1_28_of_34.png,FETAL_PLANES_DB,not head,Other,,834,train,Aloka
Patient00834_Plane1_29_of_34.png,FETAL_PLANES_DB,not head,Other,,834,train,Aloka
Patient00834_Plane1_30_of_34.png,FETAL_PLANES_DB,not head,Other,,834,train,Aloka
Patient00834_Plane1_31_of_34.png,FETAL_PLANES_DB,not head,Other,,834,train,Aloka
Patient00834_Plane1_32_of_34.png,FETAL_PLANES_DB,not head,Other,,834,train,Aloka
Patient00834_Plane1_33_of_34.png,FETAL_PLANES_DB,not head,Other,,834,train,Aloka
Patient00834_Plane1_34_of_34.png,FETAL_PLANES_DB,not head,Other,,834,train,Aloka
Patient00835_Plane3_1_of_3.png,FETAL_PLANES_DB,head,Fetal brain,Trans-thalamic,835,train,Aloka
Patient00835_Plane3_2_of_3.png,FETAL_PLANES_DB,head,Fetal brain,Trans-ventricular,835,train,Aloka
Patient00835_Plane3_3_of_3.png,FETAL_PLANES_DB,head,Fetal brain,Trans-cerebellum,835,train,Aloka
Patient00835_Plane4_1_of_3.png,FETAL_PLANES_DB,not head,Maternal cervix,,835,train,Aloka
Patient00835_Plane4_2_of_3.png,FETAL_PLANES_DB,not head,Maternal cervix,,835,train,Aloka
Patient00835_Plane4_3_of_3.png,FETAL_PLANES_DB,not head,Maternal cervix,,835,train,Aloka
Patient00835_Plane5_1_of_1.png,FETAL_PLANES_DB,not head,Fetal femur,,835,train,Aloka
Patient00835_Plane1_1_of_37.png,FETAL_PLANES_DB,not head,Other,,835,train,Aloka
Patient00835_Plane6_1_of_4.png,FETAL_PLANES_DB,not head,Fetal thorax,,835,train,Aloka
Patient00835_Plane6_2_of_4.png,FETAL_PLANES_DB,not head,Fetal thorax,,835,train,Aloka
Patient00835_Plane6_3_of_4.png,FETAL_PLANES_DB,not head,Fetal thorax,,835,train,Aloka
Patient00835_Plane6_4_of_4.png,FETAL_PLANES_DB,not head,Fetal thorax,,835,train,Aloka
Patient00835_Plane1_2_of_37.png,FETAL_PLANES_DB,not head,Other,,835,train,Aloka
Patient00835_Plane1_3_of_37.png,FETAL_PLANES_DB,not head,Other,,835,train,Aloka
Patient00835_Plane1_4_of_37.png,FETAL_PLANES_DB,not head,Other,,835,train,Aloka
Patient00835_Plane1_5_of_37.png,FETAL_PLANES_DB,not head,Other,,835,train,Aloka
Patient00835_Plane1_6_of_37.png,FETAL_PLANES_DB,not head,Other,,835,train,Aloka
Patient00835_Plane1_7_of_37.png,FETAL_PLANES_DB,not head,Other,,835,train,Aloka
Patient00835_Plane1_8_of_37.png,FETAL_PLANES_DB,not head,Other,,835,train,Aloka
Patient00835_Plane1_9_of_37.png,FETAL_PLANES_DB,not head,Other,,835,train,Aloka
Patient00835_Plane1_10_of_37.png,FETAL_PLANES_DB,not head,Other,,835,train,Aloka
Patient00835_Plane1_11_of_37.png,FETAL_PLANES_DB,not head,Other,,835,train,Aloka
Patient00835_Plane1_12_of_37.png,FETAL_PLANES_DB,not head,Other,,835,train,Aloka
Patient00835_Plane1_13_of_37.png,FETAL_PLANES_DB,not head,Other,,835,train,Aloka
Patient00835_Plane1_14_of_37.png,FETAL_PLANES_DB,not head,Other,,835,train,Aloka
Patient00835_Plane1_15_of_37.png,FETAL_PLANES_DB,not head,Other,,835,train,Aloka
Patient00835_Plane1_16_of_37.png,FETAL_PLANES_DB,not head,Other,,835,train,Aloka
Patient00835_Plane1_17_of_37.png,FETAL_PLANES_DB,not head,Other,,835,train,Aloka
Patient00835_Plane1_18_of_37.png,FETAL_PLANES_DB,not head,Other,,835,train,Aloka
Patient00835_Plane1_19_of_37.png,FETAL_PLANES_DB,not head,Other,,835,train,Aloka
Patient00835_Plane1_20_of_37.png,FETAL_PLANES_DB,not head,Other,,835,train,Aloka
Patient00835_Plane1_21_of_37.png,FETAL_PLANES_DB,not head,Other,,835,train,Aloka
Patient00835_Plane1_22_of_37.png,FETAL_PLANES_DB,not head,Other,,835,train,Aloka
Patient00835_Plane1_23_of_37.png,FETAL_PLANES_DB,not head,Other,,835,train,Aloka
Patient00835_Plane1_24_of_37.png,FETAL_PLANES_DB,not head,Other,,835,train,Aloka
Patient00835_Plane1_25_of_37.png,FETAL_PLANES_DB,not head,Other,,835,train,Aloka
Patient00835_Plane1_26_of_37.png,FETAL_PLANES_DB,not head,Other,,835,train,Aloka
Patient00835_Plane1_27_of_37.png,FETAL_PLANES_DB,not head,Other,,835,train,Aloka
Patient00835_Plane1_28_of_37.png,FETAL_PLANES_DB,not head,Other,,835,train,Aloka
Patient00835_Plane1_29_of_37.png,FETAL_PLANES_DB,not head,Other,,835,train,Aloka
Patient00835_Plane1_30_of_37.png,FETAL_PLANES_DB,not head,Other,,835,train,Aloka
Patient00835_Plane1_31_of_37.png,FETAL_PLANES_DB,not head,Other,,835,train,Aloka
Patient00835_Plane1_32_of_37.png,FETAL_PLANES_DB,not head,Other,,835,train,Aloka
Patient00835_Plane1_33_of_37.png,FETAL_PLANES_DB,not head,Other,,835,train,Aloka
Patient00835_Plane1_34_of_37.png,FETAL_PLANES_DB,not head,Other,,835,train,Aloka
Patient00835_Plane1_35_of_37.png,FETAL_PLANES_DB,not head,Other,,835,train,Aloka
Patient00835_Plane1_36_of_37.png,FETAL_PLANES_DB,not head,Other,,835,train,Aloka
Patient00835_Plane1_37_of_37.png,FETAL_PLANES_DB,not head,Other,,835,train,Aloka
Patient00837_Plane2_1_of_1.png,FETAL_PLANES_DB,not head,Fetal abdomen,,837,train,Voluson E6
Patient00837_Plane3_1_of_7.png,FETAL_PLANES_DB,head,Fetal brain,Trans-cerebellum,837,train,Voluson E6
Patient00837_Plane3_2_of_7.png,FETAL_PLANES_DB,head,Fetal brain,Trans-thalamic,837,train,Voluson E6
Patient00837_Plane3_3_of_7.png,FETAL_PLANES_DB,head,Fetal brain,Trans-thalamic,837,train,Voluson E6
Patient00837_Plane3_4_of_7.png,FETAL_PLANES_DB,head,Fetal brain,Trans-cerebellum,837,train,Voluson E6
Patient00837_Plane3_5_of_7.png,FETAL_PLANES_DB,head,Fetal brain,Trans-ventricular,837,train,Voluson E6
Patient00837_Plane3_6_of_7.png,FETAL_PLANES_DB,head,Fetal brain,Trans-thalamic,837,train,Voluson E6
Patient00837_Plane3_7_of_7.png,FETAL_PLANES_DB,head,Fetal brain,Trans-ventricular,837,train,Voluson E6
Patient00837_Plane5_1_of_2.png,FETAL_PLANES_DB,not head,Fetal femur,,837,train,Voluson E6
Patient00837_Plane5_2_of_2.png,FETAL_PLANES_DB,not head,Fetal femur,,837,train,Voluson E6
Patient00837_Plane6_1_of_3.png,FETAL_PLANES_DB,not head,Fetal thorax,,837,train,Voluson E6
Patient00837_Plane6_2_of_3.png,FETAL_PLANES_DB,not head,Fetal thorax,,837,train,Voluson E6
Patient00837_Plane6_3_of_3.png,FETAL_PLANES_DB,not head,Fetal thorax,,837,train,Voluson E6
Patient00839_Plane3_1_of_4.png,FETAL_PLANES_DB,head,Fetal brain,Trans-thalamic,839,train,Voluson E6
Patient00839_Plane3_2_of_4.png,FETAL_PLANES_DB,head,Fetal brain,Trans-ventricular,839,train,Voluson E6
Patient00839_Plane3_3_of_4.png,FETAL_PLANES_DB,head,Fetal brain,Trans-thalamic,839,train,Voluson E6
Patient00839_Plane3_4_of_4.png,FETAL_PLANES_DB,head,Fetal brain,Trans-thalamic,839,train,Voluson E6
Patient00839_Plane6_1_of_2.png,FETAL_PLANES_DB,not head,Fetal thorax,,839,train,Voluson E6
Patient00839_Plane6_2_of_2.png,FETAL_PLANES_DB,not head,Fetal thorax,,839,train,Voluson E6
Patient00843_Plane3_1_of_6.png,FETAL_PLANES_DB,head,Fetal brain,Trans-ventricular,843,train,Voluson E6
Patient00843_Plane3_2_of_6.png,FETAL_PLANES_DB,head,Fetal brain,Trans-thalamic,843,train,Voluson E6
Patient00843_Plane3_3_of_6.png,FETAL_PLANES_DB,head,Fetal brain,Trans-cerebellum,843,train,Voluson E6
Patient00843_Plane3_4_of_6.png,FETAL_PLANES_DB,head,Fetal brain,Trans-cerebellum,843,train,Voluson E6
Patient00843_Plane3_5_of_6.png,FETAL_PLANES_DB,head,Fetal brain,Trans-cerebellum,843,train,Voluson E6
Patient00843_Plane3_6_of_6.png,FETAL_PLANES_DB,head,Fetal brain,Trans-thalamic,843,train,Voluson E6
Patient00843_Plane1_1_of_1.png,FETAL_PLANES_DB,not head,Other,,843,train,Voluson E6
Patient00843_Plane6_1_of_2.png,FETAL_PLANES_DB,not head,Fetal thorax,,843,train,Voluson E6
Patient00843_Plane6_2_of_2.png,FETAL_PLANES_DB,not head,Fetal thorax,,843,train,Voluson E6
Patient00848_Plane3_1_of_4.png,FETAL_PLANES_DB,head,Fetal brain,Trans-ventricular,848,train,Voluson E6
Patient00848_Plane3_2_of_4.png,FETAL_PLANES_DB,head,Fetal brain,Trans-cerebellum,848,train,Voluson E6
Patient00848_Plane3_3_of_4.png,FETAL_PLANES_DB,head,Fetal brain,Trans-thalamic,848,train,Voluson E6
Patient00848_Plane3_4_of_4.png,FETAL_PLANES_DB,head,Fetal brain,Trans-ventricular,848,train,Voluson E6
Patient00848_Plane4_1_of_9.png,FETAL_PLANES_DB,not head,Maternal cervix,,848,train,Voluson E6
Patient00848_Plane4_2_of_9.png,FETAL_PLANES_DB,not head,Maternal cervix,,848,train,Voluson E6
Patient00848_Plane4_3_of_9.png,FETAL_PLANES_DB,not head,Maternal cervix,,848,train,Voluson E6
Patient00848_Plane4_4_of_9.png,FETAL_PLANES_DB,not head,Maternal cervix,,848,train,Voluson E6
Patient00848_Plane4_5_of_9.png,FETAL_PLANES_DB,not head,Maternal cervix,,848,train,Voluson E6
Patient00848_Plane4_6_of_9.png,FETAL_PLANES_DB,not head,Maternal cervix,,848,train,Voluson E6
Patient00848_Plane4_7_of_9.png,FETAL_PLANES_DB,not head,Maternal cervix,,848,train,Voluson E6
Patient00848_Plane4_8_of_9.png,FETAL_PLANES_DB,not head,Maternal cervix,,848,train,Voluson E6
Patient00848_Plane4_9_of_9.png,FETAL_PLANES_DB,not head,Maternal cervix,,848,train,Voluson E6
Patient00848_Plane5_1_of_1.png,FETAL_PLANES_DB,not head,Fetal femur,,848,train,Voluson E6
Patient00848_Plane1_1_of_1.png,FETAL_PLANES_DB,not head,Other,,848,train,Voluson E6
Patient00848_Plane6_1_of_6.png,FETAL_PLANES_DB,not head,Fetal thorax,,848,train,Voluson E6
Patient00848_Plane6_2_of_6.png,FETAL_PLANES_DB,not head,Fetal thorax,,848,train,Voluson E6
Patient00848_Plane6_3_of_6.png,FETAL_PLANES_DB,not head,Fetal thorax,,848,train,Voluson E6
Patient00848_Plane6_4_of_6.png,FETAL_PLANES_DB,not head,Fetal thorax,,848,train,Voluson E6
Patient00848_Plane6_5_of_6.png,FETAL_PLANES_DB,not head,Fetal thorax,,848,train,Voluson E6
Patient00848_Plane6_6_of_6.png,FETAL_PLANES_DB,not head,Fetal thorax,,848,train,Voluson E6
Patient00849_Plane2_1_of_1.png,FETAL_PLANES_DB,not head,Fetal abdomen,,849,train,Voluson E6
Patient00849_Plane3_1_of_3.png,FETAL_PLANES_DB,head,Fetal brain,Trans-thalamic,849,train,Voluson E6
Patient00849_Plane3_2_of_3.png,FETAL_PLANES_DB,head,Fetal brain,Other,849,train,Voluson E6
Patient00849_Plane3_3_of_3.png,FETAL_PLANES_DB,head,Fetal brain,Trans-thalamic,849,train,Voluson E6
Patient00849_Plane4_1_of_5.png,FETAL_PLANES_DB,not head,Maternal cervix,,849,train,Voluson E6
Patient00849_Plane4_2_of_5.png,FETAL_PLANES_DB,not head,Maternal cervix,,849,train,Voluson E6
Patient00849_Plane4_3_of_5.png,FETAL_PLANES_DB,not head,Maternal cervix,,849,train,Voluson E6
Patient00849_Plane4_4_of_5.png,FETAL_PLANES_DB,not head,Maternal cervix,,849,train,Voluson E6
Patient00849_Plane4_5_of_5.png,FETAL_PLANES_DB,not head,Maternal cervix,,849,train,Voluson E6
Patient00849_Plane5_1_of_2.png,FETAL_PLANES_DB,not head,Fetal femur,,849,train,Voluson E6
Patient00849_Plane5_2_of_2.png,FETAL_PLANES_DB,not head,Fetal femur,,849,train,Voluson E6
Patient00849_Plane1_1_of_1.png,FETAL_PLANES_DB,not head,Other,,849,train,Voluson E6
Patient00849_Plane6_1_of_7.png,FETAL_PLANES_DB,not head,Fetal thorax,,849,train,Voluson E6
Patient00849_Plane6_2_of_7.png,FETAL_PLANES_DB,not head,Fetal thorax,,849,train,Voluson E6
Patient00849_Plane6_3_of_7.png,FETAL_PLANES_DB,not head,Fetal thorax,,849,train,Voluson E6
Patient00849_Plane6_4_of_7.png,FETAL_PLANES_DB,not head,Fetal thorax,,849,train,Voluson E6
Patient00849_Plane6_5_of_7.png,FETAL_PLANES_DB,not head,Fetal thorax,,849,train,Voluson E6
Patient00849_Plane6_6_of_7.png,FETAL_PLANES_DB,not head,Fetal thorax,,849,train,Voluson E6
Patient00849_Plane6_7_of_7.png,FETAL_PLANES_DB,not head,Fetal thorax,,849,train,Voluson E6
Patient00850_Plane2_1_of_1.png,FETAL_PLANES_DB,not head,Fetal abdomen,,850,train,Voluson E6
Patient00850_Plane3_1_of_4.png,FETAL_PLANES_DB,head,Fetal brain,Trans-thalamic,850,train,Voluson E6
Patient00850_Plane3_2_of_4.png,FETAL_PLANES_DB,head,Fetal brain,Trans-cerebellum,850,train,Voluson E6
Patient00850_Plane3_3_of_4.png,FETAL_PLANES_DB,head,Fetal brain,Trans-thalamic,850,train,Voluson E6
Patient00850_Plane3_4_of_4.png,FETAL_PLANES_DB,head,Fetal brain,Trans-thalamic,850,train,Voluson E6
Patient00850_Plane4_1_of_3.png,FETAL_PLANES_DB,not head,Maternal cervix,,850,train,Voluson E6
Patient00850_Plane4_2_of_3.png,FETAL_PLANES_DB,not head,Maternal cervix,,850,train,Voluson E6
Patient00850_Plane4_3_of_3.png,FETAL_PLANES_DB,not head,Maternal cervix,,850,train,Voluson E6
Patient00850_Plane5_1_of_1.png,FETAL_PLANES_DB,not head,Fetal femur,,850,train,Voluson E6
Patient00850_Plane1_1_of_1.png,FETAL_PLANES_DB,not head,Other,,850,train,Voluson E6
Patient00850_Plane6_1_of_4.png,FETAL_PLANES_DB,not head,Fetal thorax,,850,train,Voluson E6
Patient00850_Plane6_2_of_4.png,FETAL_PLANES_DB,not head,Fetal thorax,,850,train,Voluson E6
Patient00850_Plane6_3_of_4.png,FETAL_PLANES_DB,not head,Fetal thorax,,850,train,Voluson E6
Patient00850_Plane6_4_of_4.png,FETAL_PLANES_DB,not head,Fetal thorax,,850,train,Voluson E6
Patient00851_Plane3_1_of_3.png,FETAL_PLANES_DB,head,Fetal brain,Trans-ventricular,851,train,Aloka
Patient00851_Plane3_2_of_3.png,FETAL_PLANES_DB,head,Fetal brain,Trans-ventricular,851,train,Aloka
Patient00851_Plane3_3_of_3.png,FETAL_PLANES_DB,head,Fetal brain,Trans-cerebellum,851,train,Aloka
Patient00851_Plane5_1_of_1.png,FETAL_PLANES_DB,not head,Fetal femur,,851,train,Aloka
Patient00851_Plane6_1_of_4.png,FETAL_PLANES_DB,not head,Fetal thorax,,851,train,Aloka
Patient00851_Plane6_2_of_4.png,FETAL_PLANES_DB,not head,Fetal thorax,,851,train,Aloka
Patient00851_Plane6_3_of_4.png,FETAL_PLANES_DB,not head,Fetal thorax,,851,train,Aloka
Patient00851_Plane6_4_of_4.png,FETAL_PLANES_DB,not head,Fetal thorax,,851,train,Aloka
Patient00851_Plane1_1_of_8.png,FETAL_PLANES_DB,not head,Other,,851,train,Aloka
Patient00851_Plane1_2_of_8.png,FETAL_PLANES_DB,not head,Other,,851,train,Aloka
Patient00851_Plane1_3_of_8.png,FETAL_PLANES_DB,not head,Other,,851,train,Aloka
Patient00851_Plane1_4_of_8.png,FETAL_PLANES_DB,not head,Other,,851,train,Aloka
Patient00851_Plane1_5_of_8.png,FETAL_PLANES_DB,not head,Other,,851,train,Aloka
Patient00851_Plane1_6_of_8.png,FETAL_PLANES_DB,not head,Other,,851,train,Aloka
Patient00851_Plane1_7_of_8.png,FETAL_PLANES_DB,not head,Other,,851,train,Aloka
Patient00851_Plane1_8_of_8.png,FETAL_PLANES_DB,not head,Other,,851,train,Aloka
Patient00854_Plane2_1_of_1.png,FETAL_PLANES_DB,not head,Fetal abdomen,,854,train,Aloka
Patient00854_Plane3_1_of_3.png,FETAL_PLANES_DB,head,Fetal brain,Trans-cerebellum,854,train,Aloka
Patient00854_Plane3_2_of_3.png,FETAL_PLANES_DB,head,Fetal brain,Trans-ventricular,854,train,Aloka
Patient00854_Plane3_3_of_3.png,FETAL_PLANES_DB,head,Fetal brain,Trans-thalamic,854,train,Aloka
Patient00854_Plane5_1_of_1.png,FETAL_PLANES_DB,not head,Fetal femur,,854,train,Aloka
Patient00854_Plane6_1_of_3.png,FETAL_PLANES_DB,not head,Fetal thorax,,854,train,Aloka
Patient00854_Plane6_2_of_3.png,FETAL_PLANES_DB,not head,Fetal thorax,,854,train,Aloka
Patient00854_Plane6_3_of_3.png,FETAL_PLANES_DB,not head,Fetal thorax,,854,train,Aloka
Patient00854_Plane1_1_of_32.png,FETAL_PLANES_DB,not head,Other,,854,train,Aloka
Patient00854_Plane1_2_of_32.png,FETAL_PLANES_DB,not head,Other,,854,train,Aloka
Patient00854_Plane1_3_of_32.png,FETAL_PLANES_DB,not head,Other,,854,train,Aloka
Patient00854_Plane1_4_of_32.png,FETAL_PLANES_DB,not head,Other,,854,train,Aloka
Patient00854_Plane1_5_of_32.png,FETAL_PLANES_DB,not head,Other,,854,train,Aloka
Patient00854_Plane1_6_of_32.png,FETAL_PLANES_DB,not head,Other,,854,train,Aloka
Patient00854_Plane1_7_of_32.png,FETAL_PLANES_DB,not head,Other,,854,train,Aloka
Patient00854_Plane1_8_of_32.png,FETAL_PLANES_DB,not head,Other,,854,train,Aloka
Patient00854_Plane1_9_of_32.png,FETAL_PLANES_DB,not head,Other,,854,train,Aloka
Patient00854_Plane1_10_of_32.png,FETAL_PLANES_DB,not head,Other,,854,train,Aloka
Patient00854_Plane1_11_of_32.png,FETAL_PLANES_DB,not head,Other,,854,train,Aloka
Patient00854_Plane1_12_of_32.png,FETAL_PLANES_DB,not head,Other,,854,train,Aloka
Patient00854_Plane1_13_of_32.png,FETAL_PLANES_DB,not head,Other,,854,train,Aloka
Patient00854_Plane1_14_of_32.png,FETAL_PLANES_DB,not head,Other,,854,train,Aloka
Patient00854_Plane1_15_of_32.png,FETAL_PLANES_DB,not head,Other,,854,train,Aloka
Patient00854_Plane1_16_of_32.png,FETAL_PLANES_DB,not head,Other,,854,train,Aloka
Patient00854_Plane1_17_of_32.png,FETAL_PLANES_DB,not head,Other,,854,train,Aloka
Patient00854_Plane1_18_of_32.png,FETAL_PLANES_DB,not head,Other,,854,train,Aloka
Patient00854_Plane1_19_of_32.png,FETAL_PLANES_DB,not head,Other,,854,train,Aloka
Patient00854_Plane1_20_of_32.png,FETAL_PLANES_DB,not head,Other,,854,train,Aloka
Patient00854_Plane1_21_of_32.png,FETAL_PLANES_DB,not head,Other,,854,train,Aloka
Patient00854_Plane1_22_of_32.png,FETAL_PLANES_DB,not head,Other,,854,train,Aloka
Patient00854_Plane1_23_of_32.png,FETAL_PLANES_DB,not head,Other,,854,train,Aloka
Patient00854_Plane1_24_of_32.png,FETAL_PLANES_DB,not head,Other,,854,train,Aloka
Patient00854_Plane1_25_of_32.png,FETAL_PLANES_DB,not head,Other,,854,train,Aloka
Patient00854_Plane1_26_of_32.png,FETAL_PLANES_DB,not head,Other,,854,train,Aloka
Patient00854_Plane1_27_of_32.png,FETAL_PLANES_DB,not head,Other,,854,train,Aloka
Patient00854_Plane1_28_of_32.png,FETAL_PLANES_DB,not head,Other,,854,train,Aloka
Patient00854_Plane1_29_of_32.png,FETAL_PLANES_DB,not head,Other,,854,train,Aloka
Patient00854_Plane1_30_of_32.png,FETAL_PLANES_DB,not head,Other,,854,train,Aloka
Patient00854_Plane1_31_of_32.png,FETAL_PLANES_DB,not head,Other,,854,train,Aloka
Patient00854_Plane1_32_of_32.png,FETAL_PLANES_DB,not head,Other,,854,train,Aloka
Patient00855_Plane2_1_of_1.png,FETAL_PLANES_DB,not head,Fetal abdomen,,855,train,Aloka
Patient00855_Plane3_1_of_3.png,FETAL_PLANES_DB,head,Fetal brain,Trans-ventricular,855,train,Aloka
Patient00855_Plane3_2_of_3.png,FETAL_PLANES_DB,head,Fetal brain,Trans-ventricular,855,train,Aloka
Patient00855_Plane3_3_of_3.png,FETAL_PLANES_DB,head,Fetal brain,Trans-cerebellum,855,train,Aloka
Patient00855_Plane5_1_of_3.png,FETAL_PLANES_DB,not head,Fetal femur,,855,train,Aloka
Patient00855_Plane5_2_of_3.png,FETAL_PLANES_DB,not head,Fetal femur,,855,train,Aloka
Patient00855_Plane5_3_of_3.png,FETAL_PLANES_DB,not head,Fetal femur,,855,train,Aloka
Patient00855_Plane6_1_of_1.png,FETAL_PLANES_DB,not head,Fetal thorax,,855,train,Aloka
Patient00855_Plane1_1_of_39.png,FETAL_PLANES_DB,not head,Other,,855,train,Aloka
Patient00855_Plane1_2_of_39.png,FETAL_PLANES_DB,not head,Other,,855,train,Aloka
Patient00855_Plane1_3_of_39.png,FETAL_PLANES_DB,not head,Other,,855,train,Aloka
Patient00855_Plane1_4_of_39.png,FETAL_PLANES_DB,not head,Other,,855,train,Aloka
Patient00855_Plane1_5_of_39.png,FETAL_PLANES_DB,not head,Other,,855,train,Aloka
Patient00855_Plane1_6_of_39.png,FETAL_PLANES_DB,not head,Other,,855,train,Aloka
Patient00855_Plane1_7_of_39.png,FETAL_PLANES_DB,not head,Other,,855,train,Aloka
Patient00855_Plane1_8_of_39.png,FETAL_PLANES_DB,not head,Other,,855,train,Aloka
Patient00855_Plane1_9_of_39.png,FETAL_PLANES_DB,not head,Other,,855,train,Aloka
Patient00855_Plane1_10_of_39.png,FETAL_PLANES_DB,not head,Other,,855,train,Aloka
Patient00855_Plane1_11_of_39.png,FETAL_PLANES_DB,not head,Other,,855,train,Aloka
Patient00855_Plane1_12_of_39.png,FETAL_PLANES_DB,not head,Other,,855,train,Aloka
Patient00855_Plane1_13_of_39.png,FETAL_PLANES_DB,not head,Other,,855,train,Aloka
Patient00855_Plane1_14_of_39.png,FETAL_PLANES_DB,not head,Other,,855,train,Aloka
Patient00855_Plane1_15_of_39.png,FETAL_PLANES_DB,not head,Other,,855,train,Aloka
Patient00855_Plane1_16_of_39.png,FETAL_PLANES_DB,not head,Other,,855,train,Aloka
Patient00855_Plane1_17_of_39.png,FETAL_PLANES_DB,not head,Other,,855,train,Aloka
Patient00855_Plane1_18_of_39.png,FETAL_PLANES_DB,not head,Other,,855,train,Aloka
Patient00855_Plane1_19_of_39.png,FETAL_PLANES_DB,not head,Other,,855,train,Aloka
Patient00855_Plane1_20_of_39.png,FETAL_PLANES_DB,not head,Other,,855,train,Aloka
Patient00855_Plane1_21_of_39.png,FETAL_PLANES_DB,not head,Other,,855,train,Aloka
Patient00855_Plane1_22_of_39.png,FETAL_PLANES_DB,not head,Other,,855,train,Aloka
Patient00855_Plane1_23_of_39.png,FETAL_PLANES_DB,not head,Other,,855,train,Aloka
Patient00855_Plane1_24_of_39.png,FETAL_PLANES_DB,not head,Other,,855,train,Aloka
Patient00855_Plane1_25_of_39.png,FETAL_PLANES_DB,not head,Other,,855,train,Aloka
Patient00855_Plane1_26_of_39.png,FETAL_PLANES_DB,not head,Other,,855,train,Aloka
Patient00855_Plane1_27_of_39.png,FETAL_PLANES_DB,not head,Other,,855,train,Aloka
Patient00855_Plane1_28_of_39.png,FETAL_PLANES_DB,not head,Other,,855,train,Aloka
Patient00855_Plane1_29_of_39.png,FETAL_PLANES_DB,not head,Other,,855,train,Aloka
Patient00855_Plane1_30_of_39.png,FETAL_PLANES_DB,not head,Other,,855,train,Aloka
Patient00855_Plane1_31_of_39.png,FETAL_PLANES_DB,not head,Other,,855,train,Aloka
Patient00855_Plane1_32_of_39.png,FETAL_PLANES_DB,not head,Other,,855,train,Aloka
Patient00855_Plane1_33_of_39.png,FETAL_PLANES_DB,not head,Other,,855,train,Aloka
Patient00855_Plane1_34_of_39.png,FETAL_PLANES_DB,not head,Other,,855,train,Aloka
Patient00855_Plane1_35_of_39.png,FETAL_PLANES_DB,not head,Other,,855,train,Aloka
Patient00855_Plane1_36_of_39.png,FETAL_PLANES_DB,not head,Other,,855,train,Aloka
Patient00855_Plane1_37_of_39.png,FETAL_PLANES_DB,not head,Other,,855,train,Aloka
Patient00855_Plane1_38_of_39.png,FETAL_PLANES_DB,not head,Other,,855,train,Aloka
Patient00855_Plane1_39_of_39.png,FETAL_PLANES_DB,not head,Other,,855,train,Aloka
Patient00857_Plane2_1_of_1.png,FETAL_PLANES_DB,not head,Fetal abdomen,,857,train,Voluson E6
Patient00857_Plane3_1_of_1.png,FETAL_PLANES_DB,head,Fetal brain,Trans-thalamic,857,train,Voluson E6
Patient00857_Plane6_1_of_2.png,FETAL_PLANES_DB,not head,Fetal thorax,,857,train,Voluson E6
Patient00857_Plane6_2_of_2.png,FETAL_PLANES_DB,not head,Fetal thorax,,857,train,Voluson E6
Patient00858_Plane3_1_of_3.png,FETAL_PLANES_DB,head,Fetal brain,Trans-cerebellum,858,train,Voluson E6
Patient00858_Plane3_2_of_3.png,FETAL_PLANES_DB,head,Fetal brain,Trans-thalamic,858,train,Voluson E6
Patient00858_Plane3_3_of_3.png,FETAL_PLANES_DB,head,Fetal brain,Trans-ventricular,858,train,Voluson E6
Patient00858_Plane6_1_of_6.png,FETAL_PLANES_DB,not head,Fetal thorax,,858,train,Voluson E6
Patient00858_Plane6_2_of_6.png,FETAL_PLANES_DB,not head,Fetal thorax,,858,train,Voluson E6
Patient00858_Plane6_3_of_6.png,FETAL_PLANES_DB,not head,Fetal thorax,,858,train,Voluson E6
Patient00858_Plane6_4_of_6.png,FETAL_PLANES_DB,not head,Fetal thorax,,858,train,Voluson E6
Patient00858_Plane6_5_of_6.png,FETAL_PLANES_DB,not head,Fetal thorax,,858,train,Voluson E6
Patient00858_Plane6_6_of_6.png,FETAL_PLANES_DB,not head,Fetal thorax,,858,train,Voluson E6
Patient00860_Plane3_1_of_3.png,FETAL_PLANES_DB,head,Fetal brain,Trans-thalamic,860,train,Voluson E6
Patient00860_Plane3_2_of_3.png,FETAL_PLANES_DB,head,Fetal brain,Trans-thalamic,860,train,Voluson E6
Patient00860_Plane3_3_of_3.png,FETAL_PLANES_DB,head,Fetal brain,Trans-thalamic,860,train,Voluson E6
Patient00860_Plane6_1_of_3.png,FETAL_PLANES_DB,not head,Fetal thorax,,860,train,Voluson E6
Patient00860_Plane6_2_of_3.png,FETAL_PLANES_DB,not head,Fetal thorax,,860,train,Voluson E6
Patient00860_Plane6_3_of_3.png,FETAL_PLANES_DB,not head,Fetal thorax,,860,train,Voluson E6
Patient00862_Plane3_1_of_2.png,FETAL_PLANES_DB,head,Fetal brain,Trans-cerebellum,862,train,Voluson E6
Patient00862_Plane3_2_of_2.png,FETAL_PLANES_DB,head,Fetal brain,Trans-thalamic,862,train,Voluson E6
Patient00862_Plane6_1_of_1.png,FETAL_PLANES_DB,not head,Fetal thorax,,862,train,Voluson E6
Patient00866_Plane2_1_of_1.png,FETAL_PLANES_DB,not head,Fetal abdomen,,866,train,Voluson E6
Patient00866_Plane3_1_of_2.png,FETAL_PLANES_DB,head,Fetal brain,Trans-ventricular,866,train,Voluson E6
Patient00866_Plane3_2_of_2.png,FETAL_PLANES_DB,head,Fetal brain,Trans-ventricular,866,train,Voluson E6
Patient00866_Plane4_1_of_4.png,FETAL_PLANES_DB,not head,Maternal cervix,,866,train,Voluson E6
Patient00866_Plane4_2_of_4.png,FETAL_PLANES_DB,not head,Maternal cervix,,866,train,Voluson E6
Patient00866_Plane4_3_of_4.png,FETAL_PLANES_DB,not head,Maternal cervix,,866,train,Voluson E6
Patient00866_Plane4_4_of_4.png,FETAL_PLANES_DB,not head,Maternal cervix,,866,train,Voluson E6
Patient00866_Plane5_1_of_2.png,FETAL_PLANES_DB,not head,Fetal femur,,866,train,Voluson E6
Patient00866_Plane5_2_of_2.png,FETAL_PLANES_DB,not head,Fetal femur,,866,train,Voluson E6
Patient00866_Plane1_1_of_1.png,FETAL_PLANES_DB,not head,Other,,866,train,Voluson E6
Patient00866_Plane6_1_of_5.png,FETAL_PLANES_DB,not head,Fetal thorax,,866,train,Voluson E6
Patient00866_Plane6_2_of_5.png,FETAL_PLANES_DB,not head,Fetal thorax,,866,train,Voluson E6
Patient00866_Plane6_3_of_5.png,FETAL_PLANES_DB,not head,Fetal thorax,,866,train,Voluson E6
Patient00866_Plane6_4_of_5.png,FETAL_PLANES_DB,not head,Fetal thorax,,866,train,Voluson E6
Patient00866_Plane6_5_of_5.png,FETAL_PLANES_DB,not head,Fetal thorax,,866,train,Voluson E6
Patient00868_Plane2_1_of_2.png,FETAL_PLANES_DB,not head,Fetal abdomen,,868,train,Aloka
Patient00868_Plane2_2_of_2.png,FETAL_PLANES_DB,not head,Fetal abdomen,,868,train,Aloka
Patient00868_Plane3_1_of_2.png,FETAL_PLANES_DB,head,Fetal brain,Trans-thalamic,868,train,Aloka
Patient00868_Plane3_2_of_2.png,FETAL_PLANES_DB,head,Fetal brain,Trans-thalamic,868,train,Aloka
Patient00868_Plane1_1_of_4.png,FETAL_PLANES_DB,not head,Other,,868,train,Aloka
Patient00868_Plane1_2_of_4.png,FETAL_PLANES_DB,not head,Other,,868,train,Aloka
Patient00868_Plane1_3_of_4.png,FETAL_PLANES_DB,not head,Other,,868,train,Aloka
Patient00868_Plane1_4_of_4.png,FETAL_PLANES_DB,not head,Other,,868,train,Aloka
Patient00870_Plane2_1_of_2.png,FETAL_PLANES_DB,not head,Fetal abdomen,,870,train,Aloka
Patient00870_Plane2_2_of_2.png,FETAL_PLANES_DB,not head,Fetal abdomen,,870,train,Aloka
Patient00870_Plane3_1_of_5.png,FETAL_PLANES_DB,head,Fetal brain,Trans-thalamic,870,train,Aloka
Patient00870_Plane3_2_of_5.png,FETAL_PLANES_DB,head,Fetal brain,Trans-ventricular,870,train,Aloka
Patient00870_Plane3_3_of_5.png,FETAL_PLANES_DB,head,Fetal brain,Trans-thalamic,870,train,Aloka
Patient00870_Plane3_4_of_5.png,FETAL_PLANES_DB,head,Fetal brain,Trans-thalamic,870,train,Aloka
Patient00870_Plane3_5_of_5.png,FETAL_PLANES_DB,head,Fetal brain,Trans-cerebellum,870,train,Aloka
Patient00870_Plane5_1_of_1.png,FETAL_PLANES_DB,not head,Fetal femur,,870,train,Aloka
Patient00870_Plane1_1_of_8.png,FETAL_PLANES_DB,not head,Other,,870,train,Aloka
Patient00870_Plane6_1_of_2.png,FETAL_PLANES_DB,not head,Fetal thorax,,870,train,Aloka
Patient00870_Plane6_2_of_2.png,FETAL_PLANES_DB,not head,Fetal thorax,,870,train,Aloka
Patient00870_Plane1_2_of_8.png,FETAL_PLANES_DB,not head,Other,,870,train,Aloka
Patient00870_Plane1_3_of_8.png,FETAL_PLANES_DB,not head,Other,,870,train,Aloka
Patient00870_Plane1_4_of_8.png,FETAL_PLANES_DB,not head,Other,,870,train,Aloka
Patient00870_Plane1_5_of_8.png,FETAL_PLANES_DB,not head,Other,,870,train,Aloka
Patient00870_Plane1_6_of_8.png,FETAL_PLANES_DB,not head,Other,,870,train,Aloka
Patient00870_Plane1_7_of_8.png,FETAL_PLANES_DB,not head,Other,,870,train,Aloka
Patient00870_Plane1_8_of_8.png,FETAL_PLANES_DB,not head,Other,,870,train,Aloka
Patient00872_Plane2_1_of_1.png,FETAL_PLANES_DB,not head,Fetal abdomen,,872,train,Aloka
Patient00872_Plane3_1_of_2.png,FETAL_PLANES_DB,head,Fetal brain,Trans-thalamic,872,train,Aloka
Patient00872_Plane3_2_of_2.png,FETAL_PLANES_DB,head,Fetal brain,Trans-thalamic,872,train,Aloka
Patient00872_Plane5_1_of_1.png,FETAL_PLANES_DB,not head,Fetal femur,,872,train,Aloka
Patient00872_Plane1_1_of_3.png,FETAL_PLANES_DB,not head,Other,,872,train,Aloka
Patient00872_Plane1_2_of_3.png,FETAL_PLANES_DB,not head,Other,,872,train,Aloka
Patient00872_Plane1_3_of_3.png,FETAL_PLANES_DB,not head,Other,,872,train,Aloka
Patient00874_Plane2_1_of_1.png,FETAL_PLANES_DB,not head,Fetal abdomen,,874,train,Aloka
Patient00874_Plane3_1_of_2.png,FETAL_PLANES_DB,head,Fetal brain,Trans-thalamic,874,train,Aloka
Patient00874_Plane3_2_of_2.png,FETAL_PLANES_DB,head,Fetal brain,Trans-thalamic,874,train,Aloka
Patient00874_Plane5_1_of_1.png,FETAL_PLANES_DB,not head,Fetal femur,,874,train,Aloka
Patient00874_Plane1_1_of_4.png,FETAL_PLANES_DB,not head,Other,,874,train,Aloka
Patient00874_Plane1_2_of_4.png,FETAL_PLANES_DB,not head,Other,,874,train,Aloka
Patient00874_Plane1_3_of_4.png,FETAL_PLANES_DB,not head,Other,,874,train,Aloka
Patient00874_Plane1_4_of_4.png,FETAL_PLANES_DB,not head,Other,,874,train,Aloka
Patient00875_Plane2_1_of_1.png,FETAL_PLANES_DB,not head,Fetal abdomen,,875,train,Aloka
Patient00875_Plane3_1_of_3.png,FETAL_PLANES_DB,head,Fetal brain,Trans-thalamic,875,train,Aloka
Patient00875_Plane3_2_of_3.png,FETAL_PLANES_DB,head,Fetal brain,Trans-ventricular,875,train,Aloka
Patient00875_Plane3_3_of_3.png,FETAL_PLANES_DB,head,Fetal brain,Trans-cerebellum,875,train,Aloka
Patient00875_Plane4_1_of_3.png,FETAL_PLANES_DB,not head,Maternal cervix,,875,train,Aloka
Patient00875_Plane4_2_of_3.png,FETAL_PLANES_DB,not head,Maternal cervix,,875,train,Aloka
Patient00875_Plane4_3_of_3.png,FETAL_PLANES_DB,not head,Maternal cervix,,875,train,Aloka
Patient00875_Plane1_1_of_37.png,FETAL_PLANES_DB,not head,Other,,875,train,Aloka
Patient00875_Plane6_1_of_1.png,FETAL_PLANES_DB,not head,Fetal thorax,,875,train,Aloka
Patient00875_Plane1_2_of_37.png,FETAL_PLANES_DB,not head,Other,,875,train,Aloka
Patient00875_Plane1_3_of_37.png,FETAL_PLANES_DB,not head,Other,,875,train,Aloka
Patient00875_Plane1_4_of_37.png,FETAL_PLANES_DB,not head,Other,,875,train,Aloka
Patient00875_Plane1_5_of_37.png,FETAL_PLANES_DB,not head,Other,,875,train,Aloka
Patient00875_Plane1_6_of_37.png,FETAL_PLANES_DB,not head,Other,,875,train,Aloka
Patient00875_Plane1_7_of_37.png,FETAL_PLANES_DB,not head,Other,,875,train,Aloka
Patient00875_Plane1_8_of_37.png,FETAL_PLANES_DB,not head,Other,,875,train,Aloka
Patient00875_Plane1_9_of_37.png,FETAL_PLANES_DB,not head,Other,,875,train,Aloka
Patient00875_Plane1_10_of_37.png,FETAL_PLANES_DB,not head,Other,,875,train,Aloka
Patient00875_Plane1_11_of_37.png,FETAL_PLANES_DB,not head,Other,,875,train,Aloka
Patient00875_Plane1_12_of_37.png,FETAL_PLANES_DB,not head,Other,,875,train,Aloka
Patient00875_Plane1_13_of_37.png,FETAL_PLANES_DB,not head,Other,,875,train,Aloka
Patient00875_Plane1_14_of_37.png,FETAL_PLANES_DB,not head,Other,,875,train,Aloka
Patient00875_Plane1_15_of_37.png,FETAL_PLANES_DB,not head,Other,,875,train,Aloka
Patient00875_Plane1_16_of_37.png,FETAL_PLANES_DB,not head,Other,,875,train,Aloka
Patient00875_Plane1_17_of_37.png,FETAL_PLANES_DB,not head,Other,,875,train,Aloka
Patient00875_Plane1_18_of_37.png,FETAL_PLANES_DB,not head,Other,,875,train,Aloka
Patient00875_Plane1_19_of_37.png,FETAL_PLANES_DB,not head,Other,,875,train,Aloka
Patient00875_Plane1_20_of_37.png,FETAL_PLANES_DB,not head,Other,,875,train,Aloka
Patient00875_Plane1_21_of_37.png,FETAL_PLANES_DB,not head,Other,,875,train,Aloka
Patient00875_Plane1_22_of_37.png,FETAL_PLANES_DB,not head,Other,,875,train,Aloka
Patient00875_Plane1_23_of_37.png,FETAL_PLANES_DB,not head,Other,,875,train,Aloka
Patient00875_Plane1_24_of_37.png,FETAL_PLANES_DB,not head,Other,,875,train,Aloka
Patient00875_Plane1_25_of_37.png,FETAL_PLANES_DB,not head,Other,,875,train,Aloka
Patient00875_Plane1_26_of_37.png,FETAL_PLANES_DB,not head,Other,,875,train,Aloka
Patient00875_Plane1_27_of_37.png,FETAL_PLANES_DB,not head,Other,,875,train,Aloka
Patient00875_Plane1_28_of_37.png,FETAL_PLANES_DB,not head,Other,,875,train,Aloka
Patient00875_Plane1_29_of_37.png,FETAL_PLANES_DB,not head,Other,,875,train,Aloka
Patient00875_Plane1_30_of_37.png,FETAL_PLANES_DB,not head,Other,,875,train,Aloka
Patient00875_Plane1_31_of_37.png,FETAL_PLANES_DB,not head,Other,,875,train,Aloka
Patient00875_Plane1_32_of_37.png,FETAL_PLANES_DB,not head,Other,,875,train,Aloka
Patient00875_Plane1_33_of_37.png,FETAL_PLANES_DB,not head,Other,,875,train,Aloka
Patient00875_Plane1_34_of_37.png,FETAL_PLANES_DB,not head,Other,,875,train,Aloka
Patient00875_Plane1_35_of_37.png,FETAL_PLANES_DB,not head,Other,,875,train,Aloka
Patient00875_Plane1_36_of_37.png,FETAL_PLANES_DB,not head,Other,,875,train,Aloka
Patient00875_Plane1_37_of_37.png,FETAL_PLANES_DB,not head,Other,,875,train,Aloka
Patient00876_Plane3_1_of_2.png,FETAL_PLANES_DB,head,Fetal brain,Trans-ventricular,876,train,Voluson E6
Patient00876_Plane3_2_of_2.png,FETAL_PLANES_DB,head,Fetal brain,Trans-cerebellum,876,train,Voluson E6
Patient00876_Plane6_1_of_5.png,FETAL_PLANES_DB,not head,Fetal thorax,,876,train,Voluson E6
Patient00876_Plane6_2_of_5.png,FETAL_PLANES_DB,not head,Fetal thorax,,876,train,Voluson E6
Patient00876_Plane6_3_of_5.png,FETAL_PLANES_DB,not head,Fetal thorax,,876,train,Voluson E6
Patient00876_Plane6_4_of_5.png,FETAL_PLANES_DB,not head,Fetal thorax,,876,train,Voluson E6
Patient00876_Plane6_5_of_5.png,FETAL_PLANES_DB,not head,Fetal thorax,,876,train,Voluson E6
Patient00877_Plane3_1_of_2.png,FETAL_PLANES_DB,head,Fetal brain,Trans-thalamic,877,train,Voluson E6
Patient00877_Plane3_2_of_2.png,FETAL_PLANES_DB,head,Fetal brain,Trans-thalamic,877,train,Voluson E6
Patient00877_Plane6_1_of_7.png,FETAL_PLANES_DB,not head,Fetal thorax,,877,train,Voluson E6
Patient00877_Plane6_2_of_7.png,FETAL_PLANES_DB,not head,Fetal thorax,,877,train,Voluson E6
Patient00877_Plane6_3_of_7.png,FETAL_PLANES_DB,not head,Fetal thorax,,877,train,Voluson E6
Patient00877_Plane6_4_of_7.png,FETAL_PLANES_DB,not head,Fetal thorax,,877,train,Voluson E6
Patient00877_Plane6_5_of_7.png,FETAL_PLANES_DB,not head,Fetal thorax,,877,train,Voluson E6
Patient00877_Plane6_6_of_7.png,FETAL_PLANES_DB,not head,Fetal thorax,,877,train,Voluson E6
Patient00877_Plane6_7_of_7.png,FETAL_PLANES_DB,not head,Fetal thorax,,877,train,Voluson E6
Patient00878_Plane3_1_of_2.png,FETAL_PLANES_DB,head,Fetal brain,Trans-thalamic,878,train,Voluson E6
Patient00878_Plane3_2_of_2.png,FETAL_PLANES_DB,head,Fetal brain,Trans-thalamic,878,train,Voluson E6
Patient00878_Plane6_1_of_2.png,FETAL_PLANES_DB,not head,Fetal thorax,,878,train,Voluson E6
Patient00878_Plane6_2_of_2.png,FETAL_PLANES_DB,not head,Fetal thorax,,878,train,Voluson E6
Patient00880_Plane3_1_of_2.png,FETAL_PLANES_DB,head,Fetal brain,Trans-thalamic,880,train,Voluson E6
Patient00880_Plane3_2_of_2.png,FETAL_PLANES_DB,head,Fetal brain,Trans-ventricular,880,train,Voluson E6
Patient00880_Plane4_1_of_4.png,FETAL_PLANES_DB,not head,Maternal cervix,,880,train,Voluson E6
Patient00880_Plane4_2_of_4.png,FETAL_PLANES_DB,not head,Maternal cervix,,880,train,Voluson E6
Patient00880_Plane4_3_of_4.png,FETAL_PLANES_DB,not head,Maternal cervix,,880,train,Voluson E6
Patient00880_Plane4_4_of_4.png,FETAL_PLANES_DB,not head,Maternal cervix,,880,train,Voluson E6
Patient00880_Plane5_1_of_1.png,FETAL_PLANES_DB,not head,Fetal femur,,880,train,Voluson E6
Patient00880_Plane1_1_of_1.png,FETAL_PLANES_DB,not head,Other,,880,train,Voluson E6
Patient00880_Plane6_1_of_4.png,FETAL_PLANES_DB,not head,Fetal thorax,,880,train,Voluson E6
Patient00880_Plane6_2_of_4.png,FETAL_PLANES_DB,not head,Fetal thorax,,880,train,Voluson E6
Patient00880_Plane6_3_of_4.png,FETAL_PLANES_DB,not head,Fetal thorax,,880,train,Voluson E6
Patient00880_Plane6_4_of_4.png,FETAL_PLANES_DB,not head,Fetal thorax,,880,train,Voluson E6
Patient00881_Plane3_1_of_2.png,FETAL_PLANES_DB,head,Fetal brain,Trans-cerebellum,881,train,Voluson E6
Patient00881_Plane3_2_of_2.png,FETAL_PLANES_DB,head,Fetal brain,Trans-ventricular,881,train,Voluson E6
Patient00881_Plane1_1_of_1.png,FETAL_PLANES_DB,not head,Other,,881,train,Voluson E6
Patient00883_Plane3_1_of_2.png,FETAL_PLANES_DB,head,Fetal brain,Trans-ventricular,883,train,Voluson E6
Patient00883_Plane3_2_of_2.png,FETAL_PLANES_DB,head,Fetal brain,Trans-cerebellum,883,train,Voluson E6
Patient00883_Plane1_1_of_1.png,FETAL_PLANES_DB,not head,Other,,883,train,Voluson E6
Patient00883_Plane6_1_of_2.png,FETAL_PLANES_DB,not head,Fetal thorax,,883,train,Voluson E6
Patient00883_Plane6_2_of_2.png,FETAL_PLANES_DB,not head,Fetal thorax,,883,train,Voluson E6
Patient00885_Plane3_1_of_3.png,FETAL_PLANES_DB,head,Fetal brain,Trans-thalamic,885,train,Voluson E6
Patient00885_Plane3_2_of_3.png,FETAL_PLANES_DB,head,Fetal brain,Trans-thalamic,885,train,Voluson E6
Patient00885_Plane3_3_of_3.png,FETAL_PLANES_DB,head,Fetal brain,Trans-thalamic,885,train,Voluson E6
Patient00885_Plane1_1_of_1.png,FETAL_PLANES_DB,not head,Other,,885,train,Voluson E6
Patient00885_Plane6_1_of_4.png,FETAL_PLANES_DB,not head,Fetal thorax,,885,train,Voluson E6
Patient00885_Plane6_2_of_4.png,FETAL_PLANES_DB,not head,Fetal thorax,,885,train,Voluson E6
Patient00885_Plane6_3_of_4.png,FETAL_PLANES_DB,not head,Fetal thorax,,885,train,Voluson E6
Patient00885_Plane6_4_of_4.png,FETAL_PLANES_DB,not head,Fetal thorax,,885,train,Voluson E6
Patient00886_Plane3_1_of_2.png,FETAL_PLANES_DB,head,Fetal brain,Trans-cerebellum,886,train,Voluson E6
Patient00886_Plane3_2_of_2.png,FETAL_PLANES_DB,head,Fetal brain,Trans-thalamic,886,train,Voluson E6
Patient00886_Plane6_1_of_1.png,FETAL_PLANES_DB,not head,Fetal thorax,,886,train,Voluson E6
Patient00888_Plane3_1_of_3.png,FETAL_PLANES_DB,head,Fetal brain,Trans-thalamic,888,train,Aloka
Patient00888_Plane3_2_of_3.png,FETAL_PLANES_DB,head,Fetal brain,Trans-thalamic,888,train,Aloka
Patient00888_Plane3_3_of_3.png,FETAL_PLANES_DB,head,Fetal brain,Other,888,train,Aloka
Patient00888_Plane5_1_of_1.png,FETAL_PLANES_DB,not head,Fetal femur,,888,train,Aloka
Patient00888_Plane1_1_of_2.png,FETAL_PLANES_DB,not head,Other,,888,train,Aloka
Patient00888_Plane1_2_of_2.png,FETAL_PLANES_DB,not head,Other,,888,train,Aloka
Patient00889_Plane2_1_of_1.png,FETAL_PLANES_DB,not head,Fetal abdomen,,889,train,Aloka
Patient00889_Plane3_1_of_1.png,FETAL_PLANES_DB,head,Fetal brain,Trans-thalamic,889,train,Aloka
Patient00889_Plane4_1_of_4.png,FETAL_PLANES_DB,not head,Maternal cervix,,889,train,Aloka
Patient00889_Plane4_2_of_4.png,FETAL_PLANES_DB,not head,Maternal cervix,,889,train,Aloka
Patient00889_Plane4_3_of_4.png,FETAL_PLANES_DB,not head,Maternal cervix,,889,train,Aloka
Patient00889_Plane4_4_of_4.png,FETAL_PLANES_DB,not head,Maternal cervix,,889,train,Aloka
Patient00889_Plane1_1_of_12.png,FETAL_PLANES_DB,not head,Other,,889,train,Aloka
Patient00889_Plane1_2_of_12.png,FETAL_PLANES_DB,not head,Other,,889,train,Aloka
Patient00889_Plane1_3_of_12.png,FETAL_PLANES_DB,not head,Other,,889,train,Aloka
Patient00889_Plane1_4_of_12.png,FETAL_PLANES_DB,not head,Other,,889,train,Aloka
Patient00889_Plane1_5_of_12.png,FETAL_PLANES_DB,not head,Other,,889,train,Aloka
Patient00889_Plane1_6_of_12.png,FETAL_PLANES_DB,not head,Other,,889,train,Aloka
Patient00889_Plane1_7_of_12.png,FETAL_PLANES_DB,not head,Other,,889,train,Aloka
Patient00889_Plane1_8_of_12.png,FETAL_PLANES_DB,not head,Other,,889,train,Aloka
Patient00889_Plane1_9_of_12.png,FETAL_PLANES_DB,not head,Other,,889,train,Aloka
Patient00889_Plane1_10_of_12.png,FETAL_PLANES_DB,not head,Other,,889,train,Aloka
Patient00889_Plane1_11_of_12.png,FETAL_PLANES_DB,not head,Other,,889,train,Aloka
Patient00889_Plane1_12_of_12.png,FETAL_PLANES_DB,not head,Other,,889,train,Aloka
Patient00891_Plane2_1_of_2.png,FETAL_PLANES_DB,not head,Fetal abdomen,,891,train,Aloka
Patient00891_Plane2_2_of_2.png,FETAL_PLANES_DB,not head,Fetal abdomen,,891,train,Aloka
Patient00891_Plane3_1_of_3.png,FETAL_PLANES_DB,head,Fetal brain,Trans-thalamic,891,train,Aloka
Patient00891_Plane3_2_of_3.png,FETAL_PLANES_DB,head,Fetal brain,Trans-thalamic,891,train,Aloka
Patient00891_Plane3_3_of_3.png,FETAL_PLANES_DB,head,Fetal brain,Trans-cerebellum,891,train,Aloka
Patient00891_Plane4_1_of_6.png,FETAL_PLANES_DB,not head,Maternal cervix,,891,train,Aloka
Patient00891_Plane4_2_of_6.png,FETAL_PLANES_DB,not head,Maternal cervix,,891,train,Aloka
Patient00891_Plane4_3_of_6.png,FETAL_PLANES_DB,not head,Maternal cervix,,891,train,Aloka
Patient00891_Plane4_4_of_6.png,FETAL_PLANES_DB,not head,Maternal cervix,,891,train,Aloka
Patient00891_Plane4_5_of_6.png,FETAL_PLANES_DB,not head,Maternal cervix,,891,train,Aloka
Patient00891_Plane4_6_of_6.png,FETAL_PLANES_DB,not head,Maternal cervix,,891,train,Aloka
Patient00891_Plane5_1_of_1.png,FETAL_PLANES_DB,not head,Fetal femur,,891,train,Aloka
Patient00891_Plane6_1_of_2.png,FETAL_PLANES_DB,not head,Fetal thorax,,891,train,Aloka
Patient00891_Plane6_2_of_2.png,FETAL_PLANES_DB,not head,Fetal thorax,,891,train,Aloka
Patient00891_Plane1_1_of_11.png,FETAL_PLANES_DB,not head,Other,,891,train,Aloka
Patient00891_Plane1_2_of_11.png,FETAL_PLANES_DB,not head,Other,,891,train,Aloka
Patient00891_Plane1_3_of_11.png,FETAL_PLANES_DB,not head,Other,,891,train,Aloka
Patient00891_Plane1_4_of_11.png,FETAL_PLANES_DB,not head,Other,,891,train,Aloka
Patient00891_Plane1_5_of_11.png,FETAL_PLANES_DB,not head,Other,,891,train,Aloka
Patient00891_Plane1_6_of_11.png,FETAL_PLANES_DB,not head,Other,,891,train,Aloka
Patient00891_Plane1_7_of_11.png,FETAL_PLANES_DB,not head,Other,,891,train,Aloka
Patient00891_Plane1_8_of_11.png,FETAL_PLANES_DB,not head,Other,,891,train,Aloka
Patient00891_Plane1_9_of_11.png,FETAL_PLANES_DB,not head,Other,,891,train,Aloka
Patient00891_Plane1_10_of_11.png,FETAL_PLANES_DB,not head,Other,,891,train,Aloka
Patient00891_Plane1_11_of_11.png,FETAL_PLANES_DB,not head,Other,,891,train,Aloka
Patient00893_Plane3_1_of_2.png,FETAL_PLANES_DB,head,Fetal brain,Trans-thalamic,893,train,Aloka
Patient00893_Plane3_2_of_2.png,FETAL_PLANES_DB,head,Fetal brain,Trans-thalamic,893,train,Aloka
Patient00893_Plane5_1_of_1.png,FETAL_PLANES_DB,not head,Fetal femur,,893,train,Aloka
Patient00893_Plane1_1_of_3.png,FETAL_PLANES_DB,not head,Other,,893,train,Voluson E6
Patient00893_Plane6_1_of_1.png,FETAL_PLANES_DB,not head,Fetal thorax,,893,train,Voluson E6
Patient00893_Plane1_2_of_3.png,FETAL_PLANES_DB,not head,Other,,893,train,Aloka
Patient00893_Plane1_3_of_3.png,FETAL_PLANES_DB,not head,Other,,893,train,Aloka
Patient00894_Plane2_1_of_2.png,FETAL_PLANES_DB,not head,Fetal abdomen,,894,train,Voluson E6
Patient00894_Plane2_2_of_2.png,FETAL_PLANES_DB,not head,Fetal abdomen,,894,train,Voluson E6
Patient00894_Plane3_1_of_6.png,FETAL_PLANES_DB,head,Fetal brain,Trans-thalamic,894,train,Voluson E6
Patient00894_Plane3_2_of_6.png,FETAL_PLANES_DB,head,Fetal brain,Trans-thalamic,894,train,Voluson E6
Patient00894_Plane3_3_of_6.png,FETAL_PLANES_DB,head,Fetal brain,Trans-thalamic,894,train,Voluson E6
Patient00894_Plane3_4_of_6.png,FETAL_PLANES_DB,head,Fetal brain,Trans-thalamic,894,train,Voluson E6
Patient00894_Plane3_5_of_6.png,FETAL_PLANES_DB,head,Fetal brain,Trans-thalamic,894,train,Voluson E6
Patient00894_Plane3_6_of_6.png,FETAL_PLANES_DB,head,Fetal brain,Trans-cerebellum,894,train,Voluson E6
Patient00894_Plane4_1_of_1.png,FETAL_PLANES_DB,not head,Maternal cervix,,894,train,Voluson E6
Patient00894_Plane5_1_of_1.png,FETAL_PLANES_DB,not head,Fetal femur,,894,train,Voluson E6
Patient00894_Plane6_1_of_1.png,FETAL_PLANES_DB,not head,Fetal thorax,,894,train,Voluson E6
Patient00896_Plane3_1_of_3.png,FETAL_PLANES_DB,head,Fetal brain,Trans-thalamic,896,train,Voluson E6
Patient00896_Plane3_2_of_3.png,FETAL_PLANES_DB,head,Fetal brain,Trans-thalamic,896,train,Voluson E6
Patient00896_Plane3_3_of_3.png,FETAL_PLANES_DB,head,Fetal brain,Trans-thalamic,896,train,Voluson E6
Patient00896_Plane4_1_of_1.png,FETAL_PLANES_DB,not head,Maternal cervix,,896,train,Voluson E6
Patient00896_Plane5_1_of_3.png,FETAL_PLANES_DB,not head,Fetal femur,,896,train,Voluson E6
Patient00896_Plane5_2_of_3.png,FETAL_PLANES_DB,not head,Fetal femur,,896,train,Voluson E6
Patient00896_Plane5_3_of_3.png,FETAL_PLANES_DB,not head,Fetal femur,,896,train,Voluson E6
Patient00896_Plane1_1_of_1.png,FETAL_PLANES_DB,not head,Other,,896,train,Voluson E6
Patient00896_Plane6_1_of_12.png,FETAL_PLANES_DB,not head,Fetal thorax,,896,train,Voluson E6
Patient00896_Plane6_2_of_12.png,FETAL_PLANES_DB,not head,Fetal thorax,,896,train,Voluson E6
Patient00896_Plane6_3_of_12.png,FETAL_PLANES_DB,not head,Fetal thorax,,896,train,Voluson E6
Patient00896_Plane6_4_of_12.png,FETAL_PLANES_DB,not head,Fetal thorax,,896,train,Voluson E6
Patient00896_Plane6_5_of_12.png,FETAL_PLANES_DB,not head,Fetal thorax,,896,train,Voluson E6
Patient00896_Plane6_6_of_12.png,FETAL_PLANES_DB,not head,Fetal thorax,,896,train,Voluson E6
Patient00896_Plane6_7_of_12.png,FETAL_PLANES_DB,not head,Fetal thorax,,896,train,Voluson E6
Patient00896_Plane6_8_of_12.png,FETAL_PLANES_DB,not head,Fetal thorax,,896,train,Voluson E6
Patient00896_Plane6_9_of_12.png,FETAL_PLANES_DB,not head,Fetal thorax,,896,train,Voluson E6
Patient00896_Plane6_10_of_12.png,FETAL_PLANES_DB,not head,Fetal thorax,,896,train,Voluson E6
Patient00896_Plane6_11_of_12.png,FETAL_PLANES_DB,not head,Fetal thorax,,896,train,Voluson E6
Patient00896_Plane6_12_of_12.png,FETAL_PLANES_DB,not head,Fetal thorax,,896,train,Voluson E6
Patient00897_Plane4_1_of_3.png,FETAL_PLANES_DB,not head,Maternal cervix,,897,train,Voluson E6
Patient00897_Plane4_2_of_3.png,FETAL_PLANES_DB,not head,Maternal cervix,,897,train,Voluson E6
Patient00897_Plane4_3_of_3.png,FETAL_PLANES_DB,not head,Maternal cervix,,897,train,Voluson E6
Patient00897_Plane5_1_of_1.png,FETAL_PLANES_DB,not head,Fetal femur,,897,train,Voluson E6
Patient00897_Plane1_1_of_1.png,FETAL_PLANES_DB,not head,Other,,897,train,Voluson E6
Patient00897_Plane6_1_of_5.png,FETAL_PLANES_DB,not head,Fetal thorax,,897,train,Voluson E6
Patient00897_Plane6_2_of_5.png,FETAL_PLANES_DB,not head,Fetal thorax,,897,train,Voluson E6
Patient00897_Plane6_3_of_5.png,FETAL_PLANES_DB,not head,Fetal thorax,,897,train,Voluson E6
Patient00897_Plane6_4_of_5.png,FETAL_PLANES_DB,not head,Fetal thorax,,897,train,Voluson E6
Patient00897_Plane6_5_of_5.png,FETAL_PLANES_DB,not head,Fetal thorax,,897,train,Voluson E6
Patient00899_Plane2_1_of_1.png,FETAL_PLANES_DB,not head,Fetal abdomen,,899,train,Voluson E6
Patient00899_Plane3_1_of_4.png,FETAL_PLANES_DB,head,Fetal brain,Trans-ventricular,899,train,Voluson E6
Patient00899_Plane3_2_of_4.png,FETAL_PLANES_DB,head,Fetal brain,Trans-cerebellum,899,train,Voluson E6
Patient00899_Plane3_3_of_4.png,FETAL_PLANES_DB,head,Fetal brain,Trans-cerebellum,899,train,Voluson E6
Patient00899_Plane3_4_of_4.png,FETAL_PLANES_DB,head,Fetal brain,Trans-thalamic,899,train,Voluson E6
Patient00899_Plane1_1_of_1.png,FETAL_PLANES_DB,not head,Other,,899,train,Voluson E6
Patient00899_Plane6_1_of_3.png,FETAL_PLANES_DB,not head,Fetal thorax,,899,train,Voluson E6
Patient00899_Plane6_2_of_3.png,FETAL_PLANES_DB,not head,Fetal thorax,,899,train,Voluson E6
Patient00899_Plane6_3_of_3.png,FETAL_PLANES_DB,not head,Fetal thorax,,899,train,Voluson E6
Patient00900_Plane3_1_of_1.png,FETAL_PLANES_DB,head,Fetal brain,Other,900,train,Voluson E6
Patient00901_Plane2_1_of_1.png,FETAL_PLANES_DB,not head,Fetal abdomen,,901,train,Voluson E6
Patient00901_Plane3_1_of_5.png,FETAL_PLANES_DB,head,Fetal brain,Trans-cerebellum,901,train,Voluson E6
Patient00901_Plane3_2_of_5.png,FETAL_PLANES_DB,head,Fetal brain,Trans-ventricular,901,train,Voluson E6
Patient00901_Plane3_3_of_5.png,FETAL_PLANES_DB,head,Fetal brain,Trans-cerebellum,901,train,Voluson E6
Patient00901_Plane3_4_of_5.png,FETAL_PLANES_DB,head,Fetal brain,Trans-ventricular,901,train,Voluson E6
Patient00901_Plane3_5_of_5.png,FETAL_PLANES_DB,head,Fetal brain,Trans-cerebellum,901,train,Voluson E6
Patient00901_Plane4_1_of_9.png,FETAL_PLANES_DB,not head,Maternal cervix,,901,train,Voluson E6
Patient00901_Plane4_2_of_9.png,FETAL_PLANES_DB,not head,Maternal cervix,,901,train,Voluson E6
Patient00901_Plane4_3_of_9.png,FETAL_PLANES_DB,not head,Maternal cervix,,901,train,Voluson E6
Patient00901_Plane4_4_of_9.png,FETAL_PLANES_DB,not head,Maternal cervix,,901,train,Voluson E6
Patient00901_Plane4_5_of_9.png,FETAL_PLANES_DB,not head,Maternal cervix,,901,train,Voluson E6
Patient00901_Plane4_6_of_9.png,FETAL_PLANES_DB,not head,Maternal cervix,,901,train,Voluson E6
Patient00901_Plane4_7_of_9.png,FETAL_PLANES_DB,not head,Maternal cervix,,901,train,Voluson E6
Patient00901_Plane4_8_of_9.png,FETAL_PLANES_DB,not head,Maternal cervix,,901,train,Voluson E6
Patient00901_Plane4_9_of_9.png,FETAL_PLANES_DB,not head,Maternal cervix,,901,train,Voluson E6
Patient00901_Plane1_1_of_1.png,FETAL_PLANES_DB,not head,Other,,901,train,Voluson E6
Patient00901_Plane6_1_of_5.png,FETAL_PLANES_DB,not head,Fetal thorax,,901,train,Voluson E6
Patient00901_Plane6_2_of_5.png,FETAL_PLANES_DB,not head,Fetal thorax,,901,train,Voluson E6
Patient00901_Plane6_3_of_5.png,FETAL_PLANES_DB,not head,Fetal thorax,,901,train,Voluson E6
Patient00901_Plane6_4_of_5.png,FETAL_PLANES_DB,not head,Fetal thorax,,901,train,Voluson E6
Patient00901_Plane6_5_of_5.png,FETAL_PLANES_DB,not head,Fetal thorax,,901,train,Voluson E6
Patient00903_Plane2_1_of_1.png,FETAL_PLANES_DB,not head,Fetal abdomen,,903,train,Voluson E6
Patient00903_Plane3_1_of_1.png,FETAL_PLANES_DB,head,Fetal brain,Trans-cerebellum,903,train,Voluson E6
Patient00903_Plane4_1_of_5.png,FETAL_PLANES_DB,not head,Maternal cervix,,903,train,Voluson E6
Patient00903_Plane4_2_of_5.png,FETAL_PLANES_DB,not head,Maternal cervix,,903,train,Voluson E6
Patient00903_Plane4_3_of_5.png,FETAL_PLANES_DB,not head,Maternal cervix,,903,train,Voluson E6
Patient00903_Plane4_4_of_5.png,FETAL_PLANES_DB,not head,Maternal cervix,,903,train,Voluson E6
Patient00903_Plane4_5_of_5.png,FETAL_PLANES_DB,not head,Maternal cervix,,903,train,Voluson E6
Patient00903_Plane1_1_of_1.png,FETAL_PLANES_DB,not head,Other,,903,train,Voluson E6
Patient00903_Plane6_1_of_3.png,FETAL_PLANES_DB,not head,Fetal thorax,,903,train,Voluson E6
Patient00903_Plane6_2_of_3.png,FETAL_PLANES_DB,not head,Fetal thorax,,903,train,Voluson E6
Patient00903_Plane6_3_of_3.png,FETAL_PLANES_DB,not head,Fetal thorax,,903,train,Voluson E6
Patient00905_Plane3_1_of_1.png,FETAL_PLANES_DB,head,Fetal brain,Trans-ventricular,905,train,Voluson E6
Patient00905_Plane4_1_of_3.png,FETAL_PLANES_DB,not head,Maternal cervix,,905,train,Voluson E6
Patient00905_Plane4_2_of_3.png,FETAL_PLANES_DB,not head,Maternal cervix,,905,train,Voluson E6
Patient00905_Plane4_3_of_3.png,FETAL_PLANES_DB,not head,Maternal cervix,,905,train,Voluson E6
Patient00905_Plane5_1_of_1.png,FETAL_PLANES_DB,not head,Fetal femur,,905,train,Voluson E6
Patient00905_Plane1_1_of_1.png,FETAL_PLANES_DB,not head,Other,,905,train,Voluson E6
Patient00905_Plane6_1_of_5.png,FETAL_PLANES_DB,not head,Fetal thorax,,905,train,Voluson E6
Patient00905_Plane6_2_of_5.png,FETAL_PLANES_DB,not head,Fetal thorax,,905,train,Voluson E6
Patient00905_Plane6_3_of_5.png,FETAL_PLANES_DB,not head,Fetal thorax,,905,train,Voluson E6
Patient00905_Plane6_4_of_5.png,FETAL_PLANES_DB,not head,Fetal thorax,,905,train,Voluson E6
Patient00905_Plane6_5_of_5.png,FETAL_PLANES_DB,not head,Fetal thorax,,905,train,Voluson E6
Patient00908_Plane2_1_of_1.png,FETAL_PLANES_DB,not head,Fetal abdomen,,908,train,Aloka
Patient00908_Plane3_1_of_2.png,FETAL_PLANES_DB,head,Fetal brain,Trans-thalamic,908,train,Aloka
Patient00908_Plane3_2_of_2.png,FETAL_PLANES_DB,head,Fetal brain,Trans-thalamic,908,train,Aloka
Patient00908_Plane1_1_of_4.png,FETAL_PLANES_DB,not head,Other,,908,train,Aloka
Patient00908_Plane1_2_of_4.png,FETAL_PLANES_DB,not head,Other,,908,train,Aloka
Patient00908_Plane1_3_of_4.png,FETAL_PLANES_DB,not head,Other,,908,train,Aloka
Patient00908_Plane1_4_of_4.png,FETAL_PLANES_DB,not head,Other,,908,train,Aloka
Patient00909_Plane2_1_of_2.png,FETAL_PLANES_DB,not head,Fetal abdomen,,909,train,Aloka
Patient00909_Plane2_2_of_2.png,FETAL_PLANES_DB,not head,Fetal abdomen,,909,train,Aloka
Patient00909_Plane3_1_of_6.png,FETAL_PLANES_DB,head,Fetal brain,Trans-thalamic,909,train,Aloka
Patient00909_Plane3_2_of_6.png,FETAL_PLANES_DB,head,Fetal brain,Trans-thalamic,909,train,Aloka
Patient00909_Plane3_3_of_6.png,FETAL_PLANES_DB,head,Fetal brain,Trans-cerebellum,909,train,Aloka
Patient00909_Plane3_4_of_6.png,FETAL_PLANES_DB,head,Fetal brain,Trans-thalamic,909,train,Aloka
Patient00909_Plane3_5_of_6.png,FETAL_PLANES_DB,head,Fetal brain,Trans-thalamic,909,train,Aloka
Patient00909_Plane3_6_of_6.png,FETAL_PLANES_DB,head,Fetal brain,Trans-cerebellum,909,train,Aloka
Patient00909_Plane5_1_of_2.png,FETAL_PLANES_DB,not head,Fetal femur,,909,train,Aloka
Patient00909_Plane5_2_of_2.png,FETAL_PLANES_DB,not head,Fetal femur,,909,train,Aloka
Patient00909_Plane1_1_of_15.png,FETAL_PLANES_DB,not head,Other,,909,train,Aloka
Patient00909_Plane6_1_of_6.png,FETAL_PLANES_DB,not head,Fetal thorax,,909,train,Aloka
Patient00909_Plane6_2_of_6.png,FETAL_PLANES_DB,not head,Fetal thorax,,909,train,Aloka
Patient00909_Plane6_3_of_6.png,FETAL_PLANES_DB,not head,Fetal thorax,,909,train,Aloka
Patient00909_Plane6_4_of_6.png,FETAL_PLANES_DB,not head,Fetal thorax,,909,train,Aloka
Patient00909_Plane6_5_of_6.png,FETAL_PLANES_DB,not head,Fetal thorax,,909,train,Aloka
Patient00909_Plane6_6_of_6.png,FETAL_PLANES_DB,not head,Fetal thorax,,909,train,Aloka
Patient00909_Plane1_2_of_15.png,FETAL_PLANES_DB,not head,Other,,909,train,Aloka
Patient00909_Plane1_3_of_15.png,FETAL_PLANES_DB,not head,Other,,909,train,Aloka
Patient00909_Plane1_4_of_15.png,FETAL_PLANES_DB,not head,Other,,909,train,Aloka
Patient00909_Plane1_5_of_15.png,FETAL_PLANES_DB,not head,Other,,909,train,Aloka
Patient00909_Plane1_6_of_15.png,FETAL_PLANES_DB,not head,Other,,909,train,Aloka
Patient00909_Plane1_7_of_15.png,FETAL_PLANES_DB,not head,Other,,909,train,Aloka
Patient00909_Plane1_8_of_15.png,FETAL_PLANES_DB,not head,Other,,909,train,Aloka
Patient00909_Plane1_9_of_15.png,FETAL_PLANES_DB,not head,Other,,909,train,Aloka
Patient00909_Plane1_10_of_15.png,FETAL_PLANES_DB,not head,Other,,909,train,Aloka
Patient00909_Plane1_11_of_15.png,FETAL_PLANES_DB,not head,Other,,909,train,Aloka
Patient00909_Plane1_12_of_15.png,FETAL_PLANES_DB,not head,Other,,909,train,Aloka
Patient00909_Plane1_13_of_15.png,FETAL_PLANES_DB,not head,Other,,909,train,Aloka
Patient00909_Plane1_14_of_15.png,FETAL_PLANES_DB,not head,Other,,909,train,Aloka
Patient00909_Plane1_15_of_15.png,FETAL_PLANES_DB,not head,Other,,909,train,Aloka
Patient00910_Plane2_1_of_1.png,FETAL_PLANES_DB,not head,Fetal abdomen,,910,train,Aloka
Patient00910_Plane3_1_of_3.png,FETAL_PLANES_DB,head,Fetal brain,Trans-thalamic,910,train,Aloka
Patient00910_Plane3_2_of_3.png,FETAL_PLANES_DB,head,Fetal brain,Trans-cerebellum,910,train,Aloka
Patient00910_Plane3_3_of_3.png,FETAL_PLANES_DB,head,Fetal brain,Trans-thalamic,910,train,Aloka
Patient00910_Plane5_1_of_1.png,FETAL_PLANES_DB,not head,Fetal femur,,910,train,Aloka
Patient00910_Plane6_1_of_2.png,FETAL_PLANES_DB,not head,Fetal thorax,,910,train,Aloka
Patient00910_Plane6_2_of_2.png,FETAL_PLANES_DB,not head,Fetal thorax,,910,train,Aloka
Patient00911_Plane2_1_of_1.png,FETAL_PLANES_DB,not head,Fetal abdomen,,911,train,Aloka
Patient00911_Plane3_1_of_3.png,FETAL_PLANES_DB,head,Fetal brain,Trans-thalamic,911,train,Aloka
Patient00911_Plane3_2_of_3.png,FETAL_PLANES_DB,head,Fetal brain,Trans-ventricular,911,train,Aloka
Patient00911_Plane3_3_of_3.png,FETAL_PLANES_DB,head,Fetal brain,Trans-cerebellum,911,train,Aloka
Patient00911_Plane5_1_of_1.png,FETAL_PLANES_DB,not head,Fetal femur,,911,train,Aloka
Patient00911_Plane1_1_of_6.png,FETAL_PLANES_DB,not head,Other,,911,train,Aloka
Patient00911_Plane1_2_of_6.png,FETAL_PLANES_DB,not head,Other,,911,train,Aloka
Patient00911_Plane1_3_of_6.png,FETAL_PLANES_DB,not head,Other,,911,train,Aloka
Patient00911_Plane1_4_of_6.png,FETAL_PLANES_DB,not head,Other,,911,train,Aloka
Patient00911_Plane1_5_of_6.png,FETAL_PLANES_DB,not head,Other,,911,train,Aloka
Patient00911_Plane1_6_of_6.png,FETAL_PLANES_DB,not head,Other,,911,train,Aloka
Patient00913_Plane3_1_of_3.png,FETAL_PLANES_DB,head,Fetal brain,Trans-thalamic,913,train,Voluson E6
Patient00913_Plane3_2_of_3.png,FETAL_PLANES_DB,head,Fetal brain,Trans-cerebellum,913,train,Voluson E6
Patient00913_Plane3_3_of_3.png,FETAL_PLANES_DB,head,Fetal brain,Trans-cerebellum,913,train,Voluson E6
Patient00915_Plane2_1_of_1.png,FETAL_PLANES_DB,not head,Fetal abdomen,,915,train,Voluson E6
Patient00915_Plane4_1_of_1.png,FETAL_PLANES_DB,not head,Maternal cervix,,915,train,Voluson E6
Patient00915_Plane5_1_of_1.png,FETAL_PLANES_DB,not head,Fetal femur,,915,train,Voluson E6
Patient00915_Plane1_1_of_1.png,FETAL_PLANES_DB,not head,Other,,915,train,Voluson E6
Patient00916_Plane3_1_of_3.png,FETAL_PLANES_DB,head,Fetal brain,Trans-thalamic,916,train,Voluson E6
Patient00916_Plane3_2_of_3.png,FETAL_PLANES_DB,head,Fetal brain,Trans-thalamic,916,train,Voluson E6
Patient00916_Plane3_3_of_3.png,FETAL_PLANES_DB,head,Fetal brain,Trans-thalamic,916,train,Voluson E6
Patient00916_Plane6_1_of_3.png,FETAL_PLANES_DB,not head,Fetal thorax,,916,train,Voluson E6
Patient00916_Plane6_2_of_3.png,FETAL_PLANES_DB,not head,Fetal thorax,,916,train,Voluson E6
Patient00916_Plane6_3_of_3.png,FETAL_PLANES_DB,not head,Fetal thorax,,916,train,Voluson E6
Patient00918_Plane3_1_of_2.png,FETAL_PLANES_DB,head,Fetal brain,Trans-cerebellum,918,train,Voluson E6
Patient00918_Plane3_2_of_2.png,FETAL_PLANES_DB,head,Fetal brain,Trans-ventricular,918,train,Voluson E6
Patient00918_Plane1_1_of_1.png,FETAL_PLANES_DB,not head,Other,,918,train,Voluson E6
Patient00918_Plane6_1_of_4.png,FETAL_PLANES_DB,not head,Fetal thorax,,918,train,Voluson E6
Patient00918_Plane6_2_of_4.png,FETAL_PLANES_DB,not head,Fetal thorax,,918,train,Voluson E6
Patient00918_Plane6_3_of_4.png,FETAL_PLANES_DB,not head,Fetal thorax,,918,train,Voluson E6
Patient00918_Plane6_4_of_4.png,FETAL_PLANES_DB,not head,Fetal thorax,,918,train,Voluson E6
Patient00919_Plane3_1_of_2.png,FETAL_PLANES_DB,head,Fetal brain,Trans-ventricular,919,train,Voluson E6
Patient00919_Plane3_2_of_2.png,FETAL_PLANES_DB,head,Fetal brain,Other,919,train,Voluson E6
Patient00919_Plane4_1_of_7.png,FETAL_PLANES_DB,not head,Maternal cervix,,919,train,Voluson E6
Patient00919_Plane4_2_of_7.png,FETAL_PLANES_DB,not head,Maternal cervix,,919,train,Voluson E6
Patient00919_Plane4_3_of_7.png,FETAL_PLANES_DB,not head,Maternal cervix,,919,train,Voluson E6
Patient00919_Plane4_4_of_7.png,FETAL_PLANES_DB,not head,Maternal cervix,,919,train,Voluson E6
Patient00919_Plane4_5_of_7.png,FETAL_PLANES_DB,not head,Maternal cervix,,919,train,Voluson E6
Patient00919_Plane4_6_of_7.png,FETAL_PLANES_DB,not head,Maternal cervix,,919,train,Voluson E6
Patient00919_Plane4_7_of_7.png,FETAL_PLANES_DB,not head,Maternal cervix,,919,train,Voluson E6
Patient00919_Plane5_1_of_1.png,FETAL_PLANES_DB,not head,Fetal femur,,919,train,Voluson E6
Patient00919_Plane1_1_of_1.png,FETAL_PLANES_DB,not head,Other,,919,train,Voluson E6
Patient00919_Plane6_1_of_8.png,FETAL_PLANES_DB,not head,Fetal thorax,,919,train,Voluson E6
Patient00919_Plane6_2_of_8.png,FETAL_PLANES_DB,not head,Fetal thorax,,919,train,Voluson E6
Patient00919_Plane6_3_of_8.png,FETAL_PLANES_DB,not head,Fetal thorax,,919,train,Voluson E6
Patient00919_Plane6_4_of_8.png,FETAL_PLANES_DB,not head,Fetal thorax,,919,train,Voluson E6
Patient00919_Plane6_5_of_8.png,FETAL_PLANES_DB,not head,Fetal thorax,,919,train,Voluson E6
Patient00919_Plane6_6_of_8.png,FETAL_PLANES_DB,not head,Fetal thorax,,919,train,Voluson E6
Patient00919_Plane6_7_of_8.png,FETAL_PLANES_DB,not head,Fetal thorax,,919,train,Voluson E6
Patient00919_Plane6_8_of_8.png,FETAL_PLANES_DB,not head,Fetal thorax,,919,train,Voluson E6
Patient00923_Plane2_1_of_1.png,FETAL_PLANES_DB,not head,Fetal abdomen,,923,train,Aloka
Patient00923_Plane3_1_of_3.png,FETAL_PLANES_DB,head,Fetal brain,Trans-thalamic,923,train,Aloka
Patient00923_Plane3_2_of_3.png,FETAL_PLANES_DB,head,Fetal brain,Trans-cerebellum,923,train,Aloka
Patient00923_Plane3_3_of_3.png,FETAL_PLANES_DB,head,Fetal brain,Trans-cerebellum,923,train,Aloka
Patient00923_Plane5_1_of_1.png,FETAL_PLANES_DB,not head,Fetal femur,,923,train,Aloka
Patient00923_Plane1_1_of_1.png,FETAL_PLANES_DB,not head,Other,,923,train,Aloka
Patient00923_Plane6_1_of_1.png,FETAL_PLANES_DB,not head,Fetal thorax,,923,train,Aloka
Patient00924_Plane3_1_of_2.png,FETAL_PLANES_DB,head,Fetal brain,Trans-thalamic,924,train,Aloka
Patient00924_Plane3_2_of_2.png,FETAL_PLANES_DB,head,Fetal brain,Trans-cerebellum,924,train,Aloka
Patient00924_Plane4_1_of_4.png,FETAL_PLANES_DB,not head,Maternal cervix,,924,train,Aloka
Patient00924_Plane4_2_of_4.png,FETAL_PLANES_DB,not head,Maternal cervix,,924,train,Aloka
Patient00924_Plane4_3_of_4.png,FETAL_PLANES_DB,not head,Maternal cervix,,924,train,Aloka
Patient00924_Plane4_4_of_4.png,FETAL_PLANES_DB,not head,Maternal cervix,,924,train,Aloka
Patient00924_Plane5_1_of_1.png,FETAL_PLANES_DB,not head,Fetal femur,,924,train,Aloka
Patient00924_Plane1_1_of_1.png,FETAL_PLANES_DB,not head,Other,,924,train,Aloka
Patient00924_Plane6_1_of_1.png,FETAL_PLANES_DB,not head,Fetal thorax,,924,train,Aloka
Patient00927_Plane3_1_of_1.png,FETAL_PLANES_DB,head,Fetal brain,Trans-cerebellum,927,train,Aloka
Patient00927_Plane5_1_of_1.png,FETAL_PLANES_DB,not head,Fetal femur,,927,train,Aloka
Patient00927_Plane1_1_of_1.png,FETAL_PLANES_DB,not head,Other,,927,train,Aloka
Patient00927_Plane6_1_of_2.png,FETAL_PLANES_DB,not head,Fetal thorax,,927,train,Aloka
Patient00927_Plane6_2_of_2.png,FETAL_PLANES_DB,not head,Fetal thorax,,927,train,Aloka
Patient00930_Plane2_1_of_3.png,FETAL_PLANES_DB,not head,Fetal abdomen,,930,train,Other
Patient00930_Plane2_2_of_3.png,FETAL_PLANES_DB,not head,Fetal abdomen,,930,train,Other
Patient00930_Plane2_3_of_3.png,FETAL_PLANES_DB,not head,Fetal abdomen,,930,train,Other
Patient00930_Plane3_1_of_6.png,FETAL_PLANES_DB,head,Fetal brain,Trans-thalamic,930,train,Other
Patient00930_Plane3_2_of_6.png,FETAL_PLANES_DB,head,Fetal brain,Trans-cerebellum,930,train,Other
Patient00930_Plane3_3_of_6.png,FETAL_PLANES_DB,head,Fetal brain,Trans-cerebellum,930,train,Other
Patient00930_Plane3_4_of_6.png,FETAL_PLANES_DB,head,Fetal brain,Trans-ventricular,930,train,Other
Patient00930_Plane3_5_of_6.png,FETAL_PLANES_DB,head,Fetal brain,Trans-thalamic,930,train,Other
Patient00930_Plane3_6_of_6.png,FETAL_PLANES_DB,head,Fetal brain,Trans-cerebellum,930,train,Other
Patient00930_Plane4_1_of_1.png,FETAL_PLANES_DB,not head,Maternal cervix,,930,train,Other
Patient00930_Plane5_1_of_1.png,FETAL_PLANES_DB,not head,Fetal femur,,930,train,Other
Patient00930_Plane6_1_of_3.png,FETAL_PLANES_DB,not head,Fetal thorax,,930,train,Other
Patient00930_Plane6_2_of_3.png,FETAL_PLANES_DB,not head,Fetal thorax,,930,train,Other
Patient00930_Plane6_3_of_3.png,FETAL_PLANES_DB,not head,Fetal thorax,,930,train,Other
Patient00931_Plane3_1_of_2.png,FETAL_PLANES_DB,head,Fetal brain,Trans-thalamic,931,train,Voluson E6
Patient00931_Plane3_2_of_2.png,FETAL_PLANES_DB,head,Fetal brain,Trans-thalamic,931,train,Voluson E6
Patient00931_Plane1_1_of_1.png,FETAL_PLANES_DB,not head,Other,,931,train,Voluson E6
Patient00931_Plane6_1_of_7.png,FETAL_PLANES_DB,not head,Fetal thorax,,931,train,Voluson E6
Patient00931_Plane6_2_of_7.png,FETAL_PLANES_DB,not head,Fetal thorax,,931,train,Voluson E6
Patient00931_Plane6_3_of_7.png,FETAL_PLANES_DB,not head,Fetal thorax,,931,train,Voluson E6
Patient00931_Plane6_4_of_7.png,FETAL_PLANES_DB,not head,Fetal thorax,,931,train,Voluson E6
Patient00931_Plane6_5_of_7.png,FETAL_PLANES_DB,not head,Fetal thorax,,931,train,Voluson E6
Patient00931_Plane6_6_of_7.png,FETAL_PLANES_DB,not head,Fetal thorax,,931,train,Voluson E6
Patient00931_Plane6_7_of_7.png,FETAL_PLANES_DB,not head,Fetal thorax,,931,train,Voluson E6
Patient00932_Plane3_1_of_1.png,FETAL_PLANES_DB,head,Fetal brain,Trans-ventricular,932,train,Voluson E6
Patient00932_Plane5_1_of_1.png,FETAL_PLANES_DB,not head,Fetal femur,,932,train,Voluson E6
Patient00932_Plane1_1_of_1.png,FETAL_PLANES_DB,not head,Other,,932,train,Voluson E6
Patient00932_Plane6_1_of_9.png,FETAL_PLANES_DB,not head,Fetal thorax,,932,train,Voluson E6
Patient00932_Plane6_2_of_9.png,FETAL_PLANES_DB,not head,Fetal thorax,,932,train,Voluson E6
Patient00932_Plane6_3_of_9.png,FETAL_PLANES_DB,not head,Fetal thorax,,932,train,Voluson E6
Patient00932_Plane6_4_of_9.png,FETAL_PLANES_DB,not head,Fetal thorax,,932,train,Voluson E6
Patient00932_Plane6_5_of_9.png,FETAL_PLANES_DB,not head,Fetal thorax,,932,train,Voluson E6
Patient00932_Plane6_6_of_9.png,FETAL_PLANES_DB,not head,Fetal thorax,,932,train,Voluson E6
Patient00932_Plane6_7_of_9.png,FETAL_PLANES_DB,not head,Fetal thorax,,932,train,Voluson E6
Patient00932_Plane6_8_of_9.png,FETAL_PLANES_DB,not head,Fetal thorax,,932,train,Voluson E6
Patient00932_Plane6_9_of_9.png,FETAL_PLANES_DB,not head,Fetal thorax,,932,train,Voluson E6
Patient00933_Plane3_1_of_4.png,FETAL_PLANES_DB,head,Fetal brain,Trans-ventricular,933,train,Voluson E6
Patient00933_Plane3_2_of_4.png,FETAL_PLANES_DB,head,Fetal brain,Trans-thalamic,933,train,Voluson E6
Patient00933_Plane3_3_of_4.png,FETAL_PLANES_DB,head,Fetal brain,Trans-ventricular,933,train,Voluson E6
Patient00933_Plane3_4_of_4.png,FETAL_PLANES_DB,head,Fetal brain,Trans-cerebellum,933,train,Voluson E6
Patient00933_Plane4_1_of_6.png,FETAL_PLANES_DB,not head,Maternal cervix,,933,train,Voluson E6
Patient00933_Plane4_2_of_6.png,FETAL_PLANES_DB,not head,Maternal cervix,,933,train,Voluson E6
Patient00933_Plane4_3_of_6.png,FETAL_PLANES_DB,not head,Maternal cervix,,933,train,Voluson E6
Patient00933_Plane4_4_of_6.png,FETAL_PLANES_DB,not head,Maternal cervix,,933,train,Voluson E6
Patient00933_Plane4_5_of_6.png,FETAL_PLANES_DB,not head,Maternal cervix,,933,train,Voluson E6
Patient00933_Plane4_6_of_6.png,FETAL_PLANES_DB,not head,Maternal cervix,,933,train,Voluson E6
Patient00933_Plane1_1_of_1.png,FETAL_PLANES_DB,not head,Other,,933,train,Voluson E6
Patient00933_Plane6_1_of_3.png,FETAL_PLANES_DB,not head,Fetal thorax,,933,train,Voluson E6
Patient00933_Plane6_2_of_3.png,FETAL_PLANES_DB,not head,Fetal thorax,,933,train,Voluson E6
Patient00933_Plane6_3_of_3.png,FETAL_PLANES_DB,not head,Fetal thorax,,933,train,Voluson E6
Patient00934_Plane3_1_of_2.png,FETAL_PLANES_DB,head,Fetal brain,Trans-thalamic,934,train,Voluson E6
Patient00934_Plane3_2_of_2.png,FETAL_PLANES_DB,head,Fetal brain,Trans-thalamic,934,train,Voluson E6
Patient00934_Plane6_1_of_1.png,FETAL_PLANES_DB,not head,Fetal thorax,,934,train,Voluson E6
Patient00935_Plane3_1_of_1.png,FETAL_PLANES_DB,head,Fetal brain,Trans-thalamic,935,train,Voluson E6
Patient00935_Plane4_1_of_2.png,FETAL_PLANES_DB,not head,Maternal cervix,,935,train,Voluson E6
Patient00935_Plane4_2_of_2.png,FETAL_PLANES_DB,not head,Maternal cervix,,935,train,Voluson E6
Patient00935_Plane5_1_of_3.png,FETAL_PLANES_DB,not head,Fetal femur,,935,train,Voluson E6
Patient00935_Plane5_2_of_3.png,FETAL_PLANES_DB,not head,Fetal femur,,935,train,Voluson E6
Patient00935_Plane5_3_of_3.png,FETAL_PLANES_DB,not head,Fetal femur,,935,train,Voluson E6
Patient00935_Plane1_1_of_1.png,FETAL_PLANES_DB,not head,Other,,935,train,Voluson E6
Patient00935_Plane6_1_of_3.png,FETAL_PLANES_DB,not head,Fetal thorax,,935,train,Voluson E6
Patient00935_Plane6_2_of_3.png,FETAL_PLANES_DB,not head,Fetal thorax,,935,train,Voluson E6
Patient00935_Plane6_3_of_3.png,FETAL_PLANES_DB,not head,Fetal thorax,,935,train,Voluson E6
Patient00939_Plane3_1_of_2.png,FETAL_PLANES_DB,head,Fetal brain,Trans-thalamic,939,train,Aloka
Patient00939_Plane3_2_of_2.png,FETAL_PLANES_DB,head,Fetal brain,Other,939,train,Aloka
Patient00939_Plane6_1_of_3.png,FETAL_PLANES_DB,not head,Fetal thorax,,939,train,Aloka
Patient00939_Plane6_2_of_3.png,FETAL_PLANES_DB,not head,Fetal thorax,,939,train,Aloka
Patient00939_Plane6_3_of_3.png,FETAL_PLANES_DB,not head,Fetal thorax,,939,train,Aloka
Patient00941_Plane2_1_of_1.png,FETAL_PLANES_DB,not head,Fetal abdomen,,941,train,Voluson E6
Patient00941_Plane3_1_of_1.png,FETAL_PLANES_DB,head,Fetal brain,Trans-ventricular,941,train,Voluson E6
Patient00941_Plane4_1_of_2.png,FETAL_PLANES_DB,not head,Maternal cervix,,941,train,Voluson E6
Patient00941_Plane4_2_of_2.png,FETAL_PLANES_DB,not head,Maternal cervix,,941,train,Voluson E6
Patient00941_Plane1_1_of_1.png,FETAL_PLANES_DB,not head,Other,,941,train,Voluson E6
Patient00941_Plane6_1_of_1.png,FETAL_PLANES_DB,not head,Fetal thorax,,941,train,Voluson E6
Patient00942_Plane4_1_of_2.png,FETAL_PLANES_DB,not head,Maternal cervix,,942,train,Voluson E6
Patient00942_Plane4_2_of_2.png,FETAL_PLANES_DB,not head,Maternal cervix,,942,train,Voluson E6
Patient00942_Plane5_1_of_2.png,FETAL_PLANES_DB,not head,Fetal femur,,942,train,Voluson E6
Patient00942_Plane5_2_of_2.png,FETAL_PLANES_DB,not head,Fetal femur,,942,train,Voluson E6
Patient00942_Plane1_1_of_1.png,FETAL_PLANES_DB,not head,Other,,942,train,Voluson E6
Patient00942_Plane6_1_of_4.png,FETAL_PLANES_DB,not head,Fetal thorax,,942,train,Voluson E6
Patient00942_Plane6_2_of_4.png,FETAL_PLANES_DB,not head,Fetal thorax,,942,train,Voluson E6
Patient00942_Plane6_3_of_4.png,FETAL_PLANES_DB,not head,Fetal thorax,,942,train,Voluson E6
Patient00942_Plane6_4_of_4.png,FETAL_PLANES_DB,not head,Fetal thorax,,942,train,Voluson E6
Patient00943_Plane4_1_of_1.png,FETAL_PLANES_DB,not head,Maternal cervix,,943,train,Voluson E6
Patient00943_Plane5_1_of_1.png,FETAL_PLANES_DB,not head,Fetal femur,,943,train,Voluson E6
Patient00943_Plane6_1_of_1.png,FETAL_PLANES_DB,not head,Fetal thorax,,943,train,Voluson E6
Patient00944_Plane2_1_of_1.png,FETAL_PLANES_DB,not head,Fetal abdomen,,944,train,Voluson E6
Patient00944_Plane3_1_of_1.png,FETAL_PLANES_DB,head,Fetal brain,Other,944,train,Voluson E6
Patient00944_Plane4_1_of_2.png,FETAL_PLANES_DB,not head,Maternal cervix,,944,train,Voluson E6
Patient00944_Plane4_2_of_2.png,FETAL_PLANES_DB,not head,Maternal cervix,,944,train,Voluson E6
Patient00944_Plane5_1_of_1.png,FETAL_PLANES_DB,not head,Fetal femur,,944,train,Voluson E6
Patient00944_Plane1_1_of_1.png,FETAL_PLANES_DB,not head,Other,,944,train,Voluson E6
Patient00944_Plane6_1_of_4.png,FETAL_PLANES_DB,not head,Fetal thorax,,944,train,Voluson E6
Patient00944_Plane6_2_of_4.png,FETAL_PLANES_DB,not head,Fetal thorax,,944,train,Voluson E6
Patient00944_Plane6_3_of_4.png,FETAL_PLANES_DB,not head,Fetal thorax,,944,train,Voluson E6
Patient00944_Plane6_4_of_4.png,FETAL_PLANES_DB,not head,Fetal thorax,,944,train,Voluson E6
Patient00945_Plane2_1_of_1.png,FETAL_PLANES_DB,not head,Fetal abdomen,,945,train,Voluson E6
Patient00945_Plane3_1_of_4.png,FETAL_PLANES_DB,head,Fetal brain,Trans-thalamic,945,train,Voluson E6
Patient00945_Plane3_2_of_4.png,FETAL_PLANES_DB,head,Fetal brain,Other,945,train,Voluson E6
Patient00945_Plane3_3_of_4.png,FETAL_PLANES_DB,head,Fetal brain,Trans-cerebellum,945,train,Voluson E6
Patient00945_Plane3_4_of_4.png,FETAL_PLANES_DB,head,Fetal brain,Trans-ventricular,945,train,Voluson E6
Patient00945_Plane4_1_of_1.png,FETAL_PLANES_DB,not head,Maternal cervix,,945,train,Voluson E6
Patient00945_Plane5_1_of_1.png,FETAL_PLANES_DB,not head,Fetal femur,,945,train,Voluson E6
Patient00945_Plane1_1_of_1.png,FETAL_PLANES_DB,not head,Other,,945,train,Voluson E6
Patient00945_Plane6_1_of_1.png,FETAL_PLANES_DB,not head,Fetal thorax,,945,train,Voluson E6
Patient00946_Plane3_1_of_2.png,FETAL_PLANES_DB,head,Fetal brain,Trans-ventricular,946,train,Voluson E6
Patient00946_Plane3_2_of_2.png,FETAL_PLANES_DB,head,Fetal brain,Trans-cerebellum,946,train,Voluson E6
Patient00946_Plane1_1_of_1.png,FETAL_PLANES_DB,not head,Other,,946,train,Voluson E6
Patient00946_Plane6_1_of_2.png,FETAL_PLANES_DB,not head,Fetal thorax,,946,train,Voluson E6
Patient00946_Plane6_2_of_2.png,FETAL_PLANES_DB,not head,Fetal thorax,,946,train,Voluson E6
Patient00949_Plane2_1_of_1.png,FETAL_PLANES_DB,not head,Fetal abdomen,,949,train,Voluson E6
Patient00949_Plane3_1_of_2.png,FETAL_PLANES_DB,head,Fetal brain,Trans-thalamic,949,train,Voluson E6
Patient00949_Plane3_2_of_2.png,FETAL_PLANES_DB,head,Fetal brain,Trans-cerebellum,949,train,Voluson E6
Patient00949_Plane6_1_of_2.png,FETAL_PLANES_DB,not head,Fetal thorax,,949,train,Voluson E6
Patient00949_Plane6_2_of_2.png,FETAL_PLANES_DB,not head,Fetal thorax,,949,train,Voluson E6
Patient00950_Plane3_1_of_5.png,FETAL_PLANES_DB,head,Fetal brain,Trans-cerebellum,950,train,Voluson E6
Patient00950_Plane3_2_of_5.png,FETAL_PLANES_DB,head,Fetal brain,Trans-thalamic,950,train,Voluson E6
Patient00950_Plane3_3_of_5.png,FETAL_PLANES_DB,head,Fetal brain,Trans-thalamic,950,train,Voluson E6
Patient00950_Plane3_4_of_5.png,FETAL_PLANES_DB,head,Fetal brain,Trans-ventricular,950,train,Voluson E6
Patient00950_Plane3_5_of_5.png,FETAL_PLANES_DB,head,Fetal brain,Trans-cerebellum,950,train,Voluson E6
Patient00950_Plane4_1_of_3.png,FETAL_PLANES_DB,not head,Maternal cervix,,950,train,Voluson E6
Patient00950_Plane4_2_of_3.png,FETAL_PLANES_DB,not head,Maternal cervix,,950,train,Voluson E6
Patient00950_Plane4_3_of_3.png,FETAL_PLANES_DB,not head,Maternal cervix,,950,train,Voluson E6
Patient00950_Plane5_1_of_2.png,FETAL_PLANES_DB,not head,Fetal femur,,950,train,Voluson E6
Patient00950_Plane5_2_of_2.png,FETAL_PLANES_DB,not head,Fetal femur,,950,train,Voluson E6
Patient00950_Plane1_1_of_1.png,FETAL_PLANES_DB,not head,Other,,950,train,Voluson E6
Patient00950_Plane6_1_of_2.png,FETAL_PLANES_DB,not head,Fetal thorax,,950,train,Voluson E6
Patient00950_Plane6_2_of_2.png,FETAL_PLANES_DB,not head,Fetal thorax,,950,train,Voluson E6
Patient00951_Plane2_1_of_1.png,FETAL_PLANES_DB,not head,Fetal abdomen,,951,train,Voluson E6
Patient00951_Plane3_1_of_3.png,FETAL_PLANES_DB,head,Fetal brain,Trans-thalamic,951,train,Voluson E6
Patient00951_Plane3_2_of_3.png,FETAL_PLANES_DB,head,Fetal brain,Trans-cerebellum,951,train,Voluson E6
Patient00951_Plane3_3_of_3.png,FETAL_PLANES_DB,head,Fetal brain,Trans-thalamic,951,train,Voluson E6
Patient00951_Plane4_1_of_2.png,FETAL_PLANES_DB,not head,Maternal cervix,,951,train,Voluson E6
Patient00951_Plane4_2_of_2.png,FETAL_PLANES_DB,not head,Maternal cervix,,951,train,Voluson E6
Patient00951_Plane6_1_of_1.png,FETAL_PLANES_DB,not head,Fetal thorax,,951,train,Voluson E6
Patient00952_Plane2_1_of_1.png,FETAL_PLANES_DB,not head,Fetal abdomen,,952,train,Aloka
Patient00952_Plane3_1_of_2.png,FETAL_PLANES_DB,head,Fetal brain,Trans-ventricular,952,train,Aloka
Patient00952_Plane3_2_of_2.png,FETAL_PLANES_DB,head,Fetal brain,Trans-cerebellum,952,train,Aloka
Patient00952_Plane5_1_of_1.png,FETAL_PLANES_DB,not head,Fetal femur,,952,train,Aloka
Patient00952_Plane6_1_of_5.png,FETAL_PLANES_DB,not head,Fetal thorax,,952,train,Aloka
Patient00952_Plane6_2_of_5.png,FETAL_PLANES_DB,not head,Fetal thorax,,952,train,Aloka
Patient00952_Plane6_3_of_5.png,FETAL_PLANES_DB,not head,Fetal thorax,,952,train,Aloka
Patient00952_Plane6_4_of_5.png,FETAL_PLANES_DB,not head,Fetal thorax,,952,train,Aloka
Patient00952_Plane6_5_of_5.png,FETAL_PLANES_DB,not head,Fetal thorax,,952,train,Aloka
Patient00953_Plane2_1_of_1.png,FETAL_PLANES_DB,not head,Fetal abdomen,,953,train,Aloka
Patient00953_Plane3_1_of_3.png,FETAL_PLANES_DB,head,Fetal brain,Trans-thalamic,953,train,Aloka
Patient00953_Plane3_2_of_3.png,FETAL_PLANES_DB,head,Fetal brain,Trans-thalamic,953,train,Aloka
Patient00953_Plane3_3_of_3.png,FETAL_PLANES_DB,head,Fetal brain,Trans-ventricular,953,train,Aloka
Patient00953_Plane5_1_of_1.png,FETAL_PLANES_DB,not head,Fetal femur,,953,train,Aloka
Patient00953_Plane6_1_of_1.png,FETAL_PLANES_DB,not head,Fetal thorax,,953,train,Aloka
Patient00955_Plane3_1_of_3.png,FETAL_PLANES_DB,head,Fetal brain,Trans-cerebellum,955,train,Aloka
Patient00955_Plane3_2_of_3.png,FETAL_PLANES_DB,head,Fetal brain,Trans-thalamic,955,train,Aloka
Patient00955_Plane3_3_of_3.png,FETAL_PLANES_DB,head,Fetal brain,Trans-thalamic,955,train,Aloka
Patient00955_Plane5_1_of_1.png,FETAL_PLANES_DB,not head,Fetal femur,,955,train,Aloka
Patient00955_Plane1_1_of_1.png,FETAL_PLANES_DB,not head,Other,,955,train,Aloka
Patient00955_Plane6_1_of_2.png,FETAL_PLANES_DB,not head,Fetal thorax,,955,train,Aloka
Patient00955_Plane6_2_of_2.png,FETAL_PLANES_DB,not head,Fetal thorax,,955,train,Aloka
Patient00956_Plane2_1_of_1.png,FETAL_PLANES_DB,not head,Fetal abdomen,,956,train,Aloka
Patient00956_Plane3_1_of_3.png,FETAL_PLANES_DB,head,Fetal brain,Trans-thalamic,956,train,Aloka
Patient00956_Plane3_2_of_3.png,FETAL_PLANES_DB,head,Fetal brain,Trans-ventricular,956,train,Aloka
Patient00956_Plane3_3_of_3.png,FETAL_PLANES_DB,head,Fetal brain,Trans-ventricular,956,train,Aloka
Patient00956_Plane5_1_of_1.png,FETAL_PLANES_DB,not head,Fetal femur,,956,train,Aloka
Patient00956_Plane1_1_of_1.png,FETAL_PLANES_DB,not head,Other,,956,train,Aloka
Patient00956_Plane6_1_of_1.png,FETAL_PLANES_DB,not head,Fetal thorax,,956,train,Aloka
Patient00959_Plane2_1_of_1.png,FETAL_PLANES_DB,not head,Fetal abdomen,,959,train,Voluson E6
Patient00959_Plane3_1_of_4.png,FETAL_PLANES_DB,head,Fetal brain,Trans-thalamic,959,train,Voluson E6
Patient00959_Plane3_2_of_4.png,FETAL_PLANES_DB,head,Fetal brain,Trans-thalamic,959,train,Voluson E6
Patient00959_Plane3_3_of_4.png,FETAL_PLANES_DB,head,Fetal brain,Trans-cerebellum,959,train,Voluson E6
Patient00959_Plane3_4_of_4.png,FETAL_PLANES_DB,head,Fetal brain,Trans-thalamic,959,train,Voluson E6
Patient00959_Plane5_1_of_1.png,FETAL_PLANES_DB,not head,Fetal femur,,959,train,Voluson E6
Patient00959_Plane6_1_of_3.png,FETAL_PLANES_DB,not head,Fetal thorax,,959,train,Voluson E6
Patient00959_Plane6_2_of_3.png,FETAL_PLANES_DB,not head,Fetal thorax,,959,train,Voluson E6
Patient00959_Plane6_3_of_3.png,FETAL_PLANES_DB,not head,Fetal thorax,,959,train,Voluson E6
Patient00961_Plane2_1_of_2.png,FETAL_PLANES_DB,not head,Fetal abdomen,,961,train,Voluson E6
Patient00961_Plane2_2_of_2.png,FETAL_PLANES_DB,not head,Fetal abdomen,,961,train,Voluson E6
Patient00961_Plane3_1_of_4.png,FETAL_PLANES_DB,head,Fetal brain,Trans-thalamic,961,train,Voluson E6
Patient00961_Plane3_2_of_4.png,FETAL_PLANES_DB,head,Fetal brain,Trans-ventricular,961,train,Voluson E6
Patient00961_Plane3_3_of_4.png,FETAL_PLANES_DB,head,Fetal brain,Trans-thalamic,961,train,Voluson E6
Patient00961_Plane3_4_of_4.png,FETAL_PLANES_DB,head,Fetal brain,Trans-thalamic,961,train,Voluson E6
Patient00961_Plane4_1_of_1.png,FETAL_PLANES_DB,not head,Maternal cervix,,961,train,Voluson E6
Patient00961_Plane5_1_of_1.png,FETAL_PLANES_DB,not head,Fetal femur,,961,train,Voluson E6
Patient00961_Plane1_1_of_1.png,FETAL_PLANES_DB,not head,Other,,961,train,Voluson E6
Patient00961_Plane6_1_of_3.png,FETAL_PLANES_DB,not head,Fetal thorax,,961,train,Voluson E6
Patient00961_Plane6_2_of_3.png,FETAL_PLANES_DB,not head,Fetal thorax,,961,train,Voluson E6
Patient00961_Plane6_3_of_3.png,FETAL_PLANES_DB,not head,Fetal thorax,,961,train,Voluson E6
Patient00962_Plane2_1_of_1.png,FETAL_PLANES_DB,not head,Fetal abdomen,,962,train,Other
Patient00962_Plane3_1_of_5.png,FETAL_PLANES_DB,head,Fetal brain,Trans-ventricular,962,train,Other
Patient00962_Plane3_2_of_5.png,FETAL_PLANES_DB,head,Fetal brain,Trans-thalamic,962,train,Other
Patient00962_Plane3_3_of_5.png,FETAL_PLANES_DB,head,Fetal brain,Trans-ventricular,962,train,Other
Patient00962_Plane3_4_of_5.png,FETAL_PLANES_DB,head,Fetal brain,Trans-cerebellum,962,train,Other
Patient00962_Plane3_5_of_5.png,FETAL_PLANES_DB,head,Fetal brain,Trans-thalamic,962,train,Other
Patient00962_Plane4_1_of_1.png,FETAL_PLANES_DB,not head,Maternal cervix,,962,train,Other
Patient00962_Plane5_1_of_1.png,FETAL_PLANES_DB,not head,Fetal femur,,962,train,Other
Patient00962_Plane6_1_of_2.png,FETAL_PLANES_DB,not head,Fetal thorax,,962,train,Other
Patient00962_Plane6_2_of_2.png,FETAL_PLANES_DB,not head,Fetal thorax,,962,train,Other
Patient00965_Plane6_1_of_1.png,FETAL_PLANES_DB,not head,Fetal thorax,,965,train,Voluson E6
Patient00967_Plane2_1_of_1.png,FETAL_PLANES_DB,not head,Fetal abdomen,,967,train,Voluson E6
Patient00967_Plane3_1_of_5.png,FETAL_PLANES_DB,head,Fetal brain,Trans-thalamic,967,train,Voluson E6
Patient00967_Plane3_2_of_5.png,FETAL_PLANES_DB,head,Fetal brain,Trans-cerebellum,967,train,Voluson E6
Patient00967_Plane3_3_of_5.png,FETAL_PLANES_DB,head,Fetal brain,Trans-thalamic,967,train,Voluson E6
Patient00967_Plane3_4_of_5.png,FETAL_PLANES_DB,head,Fetal brain,Trans-thalamic,967,train,Voluson E6
Patient00967_Plane3_5_of_5.png,FETAL_PLANES_DB,head,Fetal brain,Trans-thalamic,967,train,Voluson E6
Patient00967_Plane4_1_of_3.png,FETAL_PLANES_DB,not head,Maternal cervix,,967,train,Voluson E6
Patient00967_Plane4_2_of_3.png,FETAL_PLANES_DB,not head,Maternal cervix,,967,train,Voluson E6
Patient00967_Plane4_3_of_3.png,FETAL_PLANES_DB,not head,Maternal cervix,,967,train,Voluson E6
Patient00967_Plane6_1_of_1.png,FETAL_PLANES_DB,not head,Fetal thorax,,967,train,Voluson E6
Patient00972_Plane2_1_of_1.png,FETAL_PLANES_DB,not head,Fetal abdomen,,972,train,Aloka
Patient00972_Plane3_1_of_1.png,FETAL_PLANES_DB,head,Fetal brain,Trans-cerebellum,972,train,Aloka
Patient00972_Plane5_1_of_2.png,FETAL_PLANES_DB,not head,Fetal femur,,972,train,Aloka
Patient00972_Plane5_2_of_2.png,FETAL_PLANES_DB,not head,Fetal femur,,972,train,Aloka
Patient00972_Plane1_1_of_1.png,FETAL_PLANES_DB,not head,Other,,972,train,Aloka
Patient00972_Plane6_1_of_1.png,FETAL_PLANES_DB,not head,Fetal thorax,,972,train,Aloka
Patient00973_Plane2_1_of_1.png,FETAL_PLANES_DB,not head,Fetal abdomen,,973,train,Aloka
Patient00973_Plane3_1_of_2.png,FETAL_PLANES_DB,head,Fetal brain,Trans-thalamic,973,train,Aloka
Patient00973_Plane3_2_of_2.png,FETAL_PLANES_DB,head,Fetal brain,Trans-thalamic,973,train,Aloka
Patient00973_Plane5_1_of_1.png,FETAL_PLANES_DB,not head,Fetal femur,,973,train,Aloka
Patient00974_Plane2_1_of_1.png,FETAL_PLANES_DB,not head,Fetal abdomen,,974,train,Aloka
Patient00974_Plane3_1_of_1.png,FETAL_PLANES_DB,head,Fetal brain,Trans-thalamic,974,train,Aloka
Patient00974_Plane6_1_of_3.png,FETAL_PLANES_DB,not head,Fetal thorax,,974,train,Aloka
Patient00974_Plane6_2_of_3.png,FETAL_PLANES_DB,not head,Fetal thorax,,974,train,Aloka
Patient00974_Plane6_3_of_3.png,FETAL_PLANES_DB,not head,Fetal thorax,,974,train,Aloka
Patient00975_Plane3_1_of_3.png,FETAL_PLANES_DB,head,Fetal brain,Trans-thalamic,975,train,Aloka
Patient00975_Plane3_2_of_3.png,FETAL_PLANES_DB,head,Fetal brain,Trans-cerebellum,975,train,Aloka
Patient00975_Plane3_3_of_3.png,FETAL_PLANES_DB,head,Fetal brain,Trans-thalamic,975,train,Aloka
Patient00975_Plane5_1_of_2.png,FETAL_PLANES_DB,not head,Fetal femur,,975,train,Aloka
Patient00975_Plane5_2_of_2.png,FETAL_PLANES_DB,not head,Fetal femur,,975,train,Aloka
Patient00975_Plane6_1_of_2.png,FETAL_PLANES_DB,not head,Fetal thorax,,975,train,Aloka
Patient00975_Plane6_2_of_2.png,FETAL_PLANES_DB,not head,Fetal thorax,,975,train,Aloka
Patient00976_Plane3_1_of_2.png,FETAL_PLANES_DB,head,Fetal brain,Trans-thalamic,976,train,Aloka
Patient00976_Plane3_2_of_2.png,FETAL_PLANES_DB,head,Fetal brain,Trans-thalamic,976,train,Aloka
Patient00976_Plane5_1_of_1.png,FETAL_PLANES_DB,not head,Fetal femur,,976,train,Aloka
Patient00976_Plane1_1_of_1.png,FETAL_PLANES_DB,not head,Other,,976,train,Aloka
Patient00977_Plane2_1_of_1.png,FETAL_PLANES_DB,not head,Fetal abdomen,,977,train,Voluson E6
Patient00977_Plane3_1_of_4.png,FETAL_PLANES_DB,head,Fetal brain,Trans-thalamic,977,train,Voluson E6
Patient00977_Plane3_2_of_4.png,FETAL_PLANES_DB,head,Fetal brain,Trans-thalamic,977,train,Voluson E6
Patient00977_Plane3_3_of_4.png,FETAL_PLANES_DB,head,Fetal brain,Trans-cerebellum,977,train,Voluson E6
Patient00977_Plane3_4_of_4.png,FETAL_PLANES_DB,head,Fetal brain,Trans-thalamic,977,train,Voluson E6
Patient00977_Plane6_1_of_3.png,FETAL_PLANES_DB,not head,Fetal thorax,,977,train,Voluson E6
Patient00977_Plane6_2_of_3.png,FETAL_PLANES_DB,not head,Fetal thorax,,977,train,Voluson E6
Patient00977_Plane6_3_of_3.png,FETAL_PLANES_DB,not head,Fetal thorax,,977,train,Voluson E6
Patient00978_Plane2_1_of_2.png,FETAL_PLANES_DB,not head,Fetal abdomen,,978,train,Voluson E6
Patient00978_Plane2_2_of_2.png,FETAL_PLANES_DB,not head,Fetal abdomen,,978,train,Voluson E6
Patient00978_Plane3_1_of_3.png,FETAL_PLANES_DB,head,Fetal brain,Trans-cerebellum,978,train,Voluson E6
Patient00978_Plane3_2_of_3.png,FETAL_PLANES_DB,head,Fetal brain,Trans-ventricular,978,train,Voluson E6
Patient00978_Plane3_3_of_3.png,FETAL_PLANES_DB,head,Fetal brain,Trans-ventricular,978,train,Voluson E6
Patient00978_Plane6_1_of_3.png,FETAL_PLANES_DB,not head,Fetal thorax,,978,train,Voluson E6
Patient00978_Plane6_2_of_3.png,FETAL_PLANES_DB,not head,Fetal thorax,,978,train,Voluson E6
Patient00978_Plane6_3_of_3.png,FETAL_PLANES_DB,not head,Fetal thorax,,978,train,Voluson E6
Patient00980_Plane1_1_of_1.png,FETAL_PLANES_DB,not head,Other,,980,train,Voluson E6
Patient00980_Plane6_1_of_1.png,FETAL_PLANES_DB,not head,Fetal thorax,,980,train,Voluson E6
Patient00982_Plane3_1_of_3.png,FETAL_PLANES_DB,head,Fetal brain,Trans-thalamic,982,train,Voluson E6
Patient00982_Plane3_2_of_3.png,FETAL_PLANES_DB,head,Fetal brain,Trans-thalamic,982,train,Voluson E6
Patient00982_Plane3_3_of_3.png,FETAL_PLANES_DB,head,Fetal brain,Trans-thalamic,982,train,Voluson E6
Patient00982_Plane5_1_of_3.png,FETAL_PLANES_DB,not head,Fetal femur,,982,train,Voluson E6
Patient00982_Plane5_2_of_3.png,FETAL_PLANES_DB,not head,Fetal femur,,982,train,Voluson E6
Patient00982_Plane5_3_of_3.png,FETAL_PLANES_DB,not head,Fetal femur,,982,train,Voluson E6
Patient00982_Plane1_1_of_1.png,FETAL_PLANES_DB,not head,Other,,982,train,Voluson E6
Patient00982_Plane6_1_of_2.png,FETAL_PLANES_DB,not head,Fetal thorax,,982,train,Voluson E6
Patient00982_Plane6_2_of_2.png,FETAL_PLANES_DB,not head,Fetal thorax,,982,train,Voluson E6
Patient00983_Plane3_1_of_2.png,FETAL_PLANES_DB,head,Fetal brain,Trans-thalamic,983,train,Voluson E6
Patient00983_Plane3_2_of_2.png,FETAL_PLANES_DB,head,Fetal brain,Trans-thalamic,983,train,Voluson E6
Patient00983_Plane6_1_of_1.png,FETAL_PLANES_DB,not head,Fetal thorax,,983,train,Voluson E6
Patient00984_Plane3_1_of_8.png,FETAL_PLANES_DB,head,Fetal brain,Trans-thalamic,984,train,Voluson E6
Patient00984_Plane3_2_of_8.png,FETAL_PLANES_DB,head,Fetal brain,Trans-thalamic,984,train,Voluson E6
Patient00984_Plane3_3_of_8.png,FETAL_PLANES_DB,head,Fetal brain,Trans-cerebellum,984,train,Voluson E6
Patient00984_Plane3_4_of_8.png,FETAL_PLANES_DB,head,Fetal brain,Trans-thalamic,984,train,Voluson E6
Patient00984_Plane3_5_of_8.png,FETAL_PLANES_DB,head,Fetal brain,Other,984,train,Voluson E6
Patient00984_Plane3_6_of_8.png,FETAL_PLANES_DB,head,Fetal brain,Other,984,train,Voluson E6
Patient00984_Plane3_7_of_8.png,FETAL_PLANES_DB,head,Fetal brain,Other,984,train,Voluson E6
Patient00984_Plane3_8_of_8.png,FETAL_PLANES_DB,head,Fetal brain,Trans-thalamic,984,train,Voluson E6
Patient00984_Plane6_1_of_2.png,FETAL_PLANES_DB,not head,Fetal thorax,,984,train,Voluson E6
Patient00984_Plane6_2_of_2.png,FETAL_PLANES_DB,not head,Fetal thorax,,984,train,Voluson E6
Patient00990_Plane3_1_of_3.png,FETAL_PLANES_DB,head,Fetal brain,Trans-thalamic,990,train,Voluson E6
Patient00990_Plane3_2_of_3.png,FETAL_PLANES_DB,head,Fetal brain,Trans-thalamic,990,train,Voluson E6
Patient00990_Plane3_3_of_3.png,FETAL_PLANES_DB,head,Fetal brain,Trans-cerebellum,990,train,Voluson E6
Patient00990_Plane6_1_of_2.png,FETAL_PLANES_DB,not head,Fetal thorax,,990,train,Voluson E6
Patient00990_Plane6_2_of_2.png,FETAL_PLANES_DB,not head,Fetal thorax,,990,train,Voluson E6
Patient00991_Plane3_1_of_2.png,FETAL_PLANES_DB,head,Fetal brain,Trans-thalamic,991,train,Voluson E6
Patient00991_Plane3_2_of_2.png,FETAL_PLANES_DB,head,Fetal brain,Trans-thalamic,991,train,Voluson E6
Patient00991_Plane6_1_of_1.png,FETAL_PLANES_DB,not head,Fetal thorax,,991,train,Voluson E6
Patient00992_Plane1_1_of_1.png,FETAL_PLANES_DB,not head,Other,,992,train,Voluson E6
Patient00992_Plane6_1_of_1.png,FETAL_PLANES_DB,not head,Fetal thorax,,992,train,Voluson E6
Patient00993_Plane2_1_of_1.png,FETAL_PLANES_DB,not head,Fetal abdomen,,993,train,Voluson E6
Patient00993_Plane3_1_of_3.png,FETAL_PLANES_DB,head,Fetal brain,Trans-cerebellum,993,train,Voluson E6
Patient00993_Plane3_2_of_3.png,FETAL_PLANES_DB,head,Fetal brain,Trans-thalamic,993,train,Voluson E6
Patient00993_Plane3_3_of_3.png,FETAL_PLANES_DB,head,Fetal brain,Trans-thalamic,993,train,Voluson E6
Patient00993_Plane4_1_of_3.png,FETAL_PLANES_DB,not head,Maternal cervix,,993,train,Voluson E6
Patient00993_Plane4_2_of_3.png,FETAL_PLANES_DB,not head,Maternal cervix,,993,train,Voluson E6
Patient00993_Plane4_3_of_3.png,FETAL_PLANES_DB,not head,Maternal cervix,,993,train,Voluson E6
Patient00993_Plane1_1_of_1.png,FETAL_PLANES_DB,not head,Other,,993,train,Voluson E6
Patient00993_Plane6_1_of_1.png,FETAL_PLANES_DB,not head,Fetal thorax,,993,train,Voluson E6
Patient00994_Plane2_1_of_1.png,FETAL_PLANES_DB,not head,Fetal abdomen,,994,train,Voluson E6
Patient00994_Plane3_1_of_4.png,FETAL_PLANES_DB,head,Fetal brain,Trans-thalamic,994,train,Voluson E6
Patient00994_Plane3_2_of_4.png,FETAL_PLANES_DB,head,Fetal brain,Trans-cerebellum,994,train,Voluson E6
Patient00994_Plane3_3_of_4.png,FETAL_PLANES_DB,head,Fetal brain,Trans-ventricular,994,train,Voluson E6
Patient00994_Plane3_4_of_4.png,FETAL_PLANES_DB,head,Fetal brain,Other,994,train,Voluson E6
Patient00994_Plane4_1_of_2.png,FETAL_PLANES_DB,not head,Maternal cervix,,994,train,Voluson E6
Patient00994_Plane4_2_of_2.png,FETAL_PLANES_DB,not head,Maternal cervix,,994,train,Voluson E6
Patient00994_Plane5_1_of_1.png,FETAL_PLANES_DB,not head,Fetal femur,,994,train,Voluson E6
Patient00994_Plane1_1_of_1.png,FETAL_PLANES_DB,not head,Other,,994,train,Voluson E6
Patient00994_Plane6_1_of_1.png,FETAL_PLANES_DB,not head,Fetal thorax,,994,train,Voluson E6
Patient00996_Plane2_1_of_1.png,FETAL_PLANES_DB,not head,Fetal abdomen,,996,train,Voluson E6
Patient00996_Plane3_1_of_2.png,FETAL_PLANES_DB,head,Fetal brain,Trans-cerebellum,996,train,Voluson E6
Patient00996_Plane3_2_of_2.png,FETAL_PLANES_DB,head,Fetal brain,Trans-thalamic,996,train,Voluson E6
Patient00996_Plane5_1_of_1.png,FETAL_PLANES_DB,not head,Fetal femur,,996,train,Voluson E6
Patient00996_Plane1_1_of_1.png,FETAL_PLANES_DB,not head,Other,,996,train,Voluson E6
Patient00996_Plane6_1_of_2.png,FETAL_PLANES_DB,not head,Fetal thorax,,996,train,Voluson E6
Patient00996_Plane6_2_of_2.png,FETAL_PLANES_DB,not head,Fetal thorax,,996,train,Voluson E6
Patient00997_Plane6_1_of_3.png,FETAL_PLANES_DB,not head,Fetal thorax,,997,train,Voluson E6
Patient00997_Plane6_2_of_3.png,FETAL_PLANES_DB,not head,Fetal thorax,,997,train,Voluson E6
Patient00997_Plane6_3_of_3.png,FETAL_PLANES_DB,not head,Fetal thorax,,997,train,Voluson E6
Patient00998_Plane2_1_of_1.png,FETAL_PLANES_DB,not head,Fetal abdomen,,998,train,Voluson E6
Patient00998_Plane3_1_of_2.png,FETAL_PLANES_DB,head,Fetal brain,Trans-thalamic,998,train,Voluson E6
Patient00998_Plane3_2_of_2.png,FETAL_PLANES_DB,head,Fetal brain,Trans-thalamic,998,train,Voluson E6
Patient00998_Plane5_1_of_1.png,FETAL_PLANES_DB,not head,Fetal femur,,998,train,Voluson E6
Patient00998_Plane1_1_of_1.png,FETAL_PLANES_DB,not head,Other,,998,train,Voluson E6
Patient00998_Plane6_1_of_4.png,FETAL_PLANES_DB,not head,Fetal thorax,,998,train,Voluson E6
Patient00998_Plane6_2_of_4.png,FETAL_PLANES_DB,not head,Fetal thorax,,998,train,Voluson E6
Patient00998_Plane6_3_of_4.png,FETAL_PLANES_DB,not head,Fetal thorax,,998,train,Voluson E6
Patient00998_Plane6_4_of_4.png,FETAL_PLANES_DB,not head,Fetal thorax,,998,train,Voluson E6
Patient01001_Plane2_1_of_1.png,FETAL_PLANES_DB,not head,Fetal abdomen,,1001,train,Voluson E6
Patient01001_Plane3_1_of_4.png,FETAL_PLANES_DB,head,Fetal brain,Trans-thalamic,1001,train,Voluson E6
Patient01001_Plane3_2_of_4.png,FETAL_PLANES_DB,head,Fetal brain,Other,1001,train,Voluson E6
Patient01001_Plane3_3_of_4.png,FETAL_PLANES_DB,head,Fetal brain,Trans-thalamic,1001,train,Voluson E6
Patient01001_Plane3_4_of_4.png,FETAL_PLANES_DB,head,Fetal brain,Trans-ventricular,1001,train,Voluson E6
Patient01001_Plane4_1_of_3.png,FETAL_PLANES_DB,not head,Maternal cervix,,1001,train,Voluson E6
Patient01001_Plane4_2_of_3.png,FETAL_PLANES_DB,not head,Maternal cervix,,1001,train,Voluson E6
Patient01001_Plane4_3_of_3.png,FETAL_PLANES_DB,not head,Maternal cervix,,1001,train,Voluson E6
Patient01001_Plane5_1_of_1.png,FETAL_PLANES_DB,not head,Fetal femur,,1001,train,Voluson E6
Patient01001_Plane1_1_of_1.png,FETAL_PLANES_DB,not head,Other,,1001,train,Voluson E6
Patient01001_Plane6_1_of_3.png,FETAL_PLANES_DB,not head,Fetal thorax,,1001,train,Voluson E6
Patient01001_Plane6_2_of_3.png,FETAL_PLANES_DB,not head,Fetal thorax,,1001,train,Voluson E6
Patient01001_Plane6_3_of_3.png,FETAL_PLANES_DB,not head,Fetal thorax,,1001,train,Voluson E6
Patient01002_Plane2_1_of_1.png,FETAL_PLANES_DB,not head,Fetal abdomen,,1002,train,Voluson E6
Patient01002_Plane3_1_of_3.png,FETAL_PLANES_DB,head,Fetal brain,Trans-cerebellum,1002,train,Voluson E6
Patient01002_Plane3_2_of_3.png,FETAL_PLANES_DB,head,Fetal brain,Trans-thalamic,1002,train,Voluson E6
Patient01002_Plane3_3_of_3.png,FETAL_PLANES_DB,head,Fetal brain,Trans-thalamic,1002,train,Voluson E6
Patient01002_Plane4_1_of_3.png,FETAL_PLANES_DB,not head,Maternal cervix,,1002,train,Voluson E6
Patient01002_Plane4_2_of_3.png,FETAL_PLANES_DB,not head,Maternal cervix,,1002,train,Voluson E6
Patient01002_Plane4_3_of_3.png,FETAL_PLANES_DB,not head,Maternal cervix,,1002,train,Voluson E6
Patient01002_Plane5_1_of_1.png,FETAL_PLANES_DB,not head,Fetal femur,,1002,train,Voluson E6
Patient01002_Plane1_1_of_1.png,FETAL_PLANES_DB,not head,Other,,1002,train,Voluson E6
Patient01002_Plane6_1_of_2.png,FETAL_PLANES_DB,not head,Fetal thorax,,1002,train,Voluson E6
Patient01002_Plane6_2_of_2.png,FETAL_PLANES_DB,not head,Fetal thorax,,1002,train,Voluson E6
Patient01003_Plane4_1_of_3.png,FETAL_PLANES_DB,not head,Maternal cervix,,1003,train,Voluson E6
Patient01003_Plane4_2_of_3.png,FETAL_PLANES_DB,not head,Maternal cervix,,1003,train,Voluson E6
Patient01003_Plane4_3_of_3.png,FETAL_PLANES_DB,not head,Maternal cervix,,1003,train,Voluson E6
Patient01003_Plane5_1_of_1.png,FETAL_PLANES_DB,not head,Fetal femur,,1003,train,Voluson E6
Patient01003_Plane1_1_of_1.png,FETAL_PLANES_DB,not head,Other,,1003,train,Voluson E6
Patient01003_Plane6_1_of_3.png,FETAL_PLANES_DB,not head,Fetal thorax,,1003,train,Voluson E6
Patient01003_Plane6_2_of_3.png,FETAL_PLANES_DB,not head,Fetal thorax,,1003,train,Voluson E6
Patient01003_Plane6_3_of_3.png,FETAL_PLANES_DB,not head,Fetal thorax,,1003,train,Voluson E6
Patient01004_Plane2_1_of_2.png,FETAL_PLANES_DB,not head,Fetal abdomen,,1004,train,Voluson E6
Patient01004_Plane2_2_of_2.png,FETAL_PLANES_DB,not head,Fetal abdomen,,1004,train,Voluson E6
Patient01004_Plane3_1_of_3.png,FETAL_PLANES_DB,head,Fetal brain,Trans-ventricular,1004,train,Voluson E6
Patient01004_Plane3_2_of_3.png,FETAL_PLANES_DB,head,Fetal brain,Trans-cerebellum,1004,train,Voluson E6
Patient01004_Plane3_3_of_3.png,FETAL_PLANES_DB,head,Fetal brain,Trans-thalamic,1004,train,Voluson E6
Patient01004_Plane4_1_of_3.png,FETAL_PLANES_DB,not head,Maternal cervix,,1004,train,Voluson E6
Patient01004_Plane4_2_of_3.png,FETAL_PLANES_DB,not head,Maternal cervix,,1004,train,Voluson E6
Patient01004_Plane4_3_of_3.png,FETAL_PLANES_DB,not head,Maternal cervix,,1004,train,Voluson E6
Patient01004_Plane5_1_of_2.png,FETAL_PLANES_DB,not head,Fetal femur,,1004,train,Voluson E6
Patient01004_Plane5_2_of_2.png,FETAL_PLANES_DB,not head,Fetal femur,,1004,train,Voluson E6
Patient01004_Plane6_1_of_2.png,FETAL_PLANES_DB,not head,Fetal thorax,,1004,train,Voluson E6
Patient01004_Plane6_2_of_2.png,FETAL_PLANES_DB,not head,Fetal thorax,,1004,train,Voluson E6
Patient01006_Plane2_1_of_1.png,FETAL_PLANES_DB,not head,Fetal abdomen,,1006,train,Aloka
Patient01006_Plane5_1_of_1.png,FETAL_PLANES_DB,not head,Fetal femur,,1006,train,Aloka
Patient01006_Plane6_1_of_2.png,FETAL_PLANES_DB,not head,Fetal thorax,,1006,train,Aloka
Patient01006_Plane6_2_of_2.png,FETAL_PLANES_DB,not head,Fetal thorax,,1006,train,Aloka
Patient01007_Plane3_1_of_7.png,FETAL_PLANES_DB,head,Fetal brain,Trans-ventricular,1007,train,Voluson E6
Patient01007_Plane3_2_of_7.png,FETAL_PLANES_DB,head,Fetal brain,Other,1007,train,Voluson E6
Patient01007_Plane3_3_of_7.png,FETAL_PLANES_DB,head,Fetal brain,Other,1007,train,Voluson E6
Patient01007_Plane3_4_of_7.png,FETAL_PLANES_DB,head,Fetal brain,Trans-thalamic,1007,train,Voluson E6
Patient01007_Plane3_5_of_7.png,FETAL_PLANES_DB,head,Fetal brain,Trans-cerebellum,1007,train,Voluson E6
Patient01007_Plane3_6_of_7.png,FETAL_PLANES_DB,head,Fetal brain,Trans-thalamic,1007,train,Voluson E6
Patient01007_Plane3_7_of_7.png,FETAL_PLANES_DB,head,Fetal brain,Trans-thalamic,1007,train,Voluson E6
Patient01008_Plane3_1_of_2.png,FETAL_PLANES_DB,head,Fetal brain,Trans-thalamic,1008,train,Aloka
Patient01008_Plane3_2_of_2.png,FETAL_PLANES_DB,head,Fetal brain,Trans-cerebellum,1008,train,Aloka
Patient01008_Plane5_1_of_1.png,FETAL_PLANES_DB,not head,Fetal femur,,1008,train,Aloka
Patient01008_Plane6_1_of_1.png,FETAL_PLANES_DB,not head,Fetal thorax,,1008,train,Aloka
Patient01010_Plane2_1_of_1.png,FETAL_PLANES_DB,not head,Fetal abdomen,,1010,train,Aloka
Patient01010_Plane3_1_of_3.png,FETAL_PLANES_DB,head,Fetal brain,Trans-cerebellum,1010,train,Aloka
Patient01010_Plane3_2_of_3.png,FETAL_PLANES_DB,head,Fetal brain,Trans-thalamic,1010,train,Aloka
Patient01010_Plane3_3_of_3.png,FETAL_PLANES_DB,head,Fetal brain,Trans-thalamic,1010,train,Aloka
Patient01010_Plane4_1_of_5.png,FETAL_PLANES_DB,not head,Maternal cervix,,1010,train,Aloka
Patient01010_Plane4_2_of_5.png,FETAL_PLANES_DB,not head,Maternal cervix,,1010,train,Aloka
Patient01010_Plane4_3_of_5.png,FETAL_PLANES_DB,not head,Maternal cervix,,1010,train,Aloka
Patient01010_Plane4_4_of_5.png,FETAL_PLANES_DB,not head,Maternal cervix,,1010,train,Aloka
Patient01010_Plane4_5_of_5.png,FETAL_PLANES_DB,not head,Maternal cervix,,1010,train,Aloka
Patient01010_Plane5_1_of_1.png,FETAL_PLANES_DB,not head,Fetal femur,,1010,train,Aloka
Patient01010_Plane1_1_of_1.png,FETAL_PLANES_DB,not head,Other,,1010,train,Aloka
Patient01010_Plane6_1_of_1.png,FETAL_PLANES_DB,not head,Fetal thorax,,1010,train,Aloka
Patient01011_Plane2_1_of_1.png,FETAL_PLANES_DB,not head,Fetal abdomen,,1011,train,Aloka
Patient01011_Plane3_1_of_2.png,FETAL_PLANES_DB,head,Fetal brain,Trans-thalamic,1011,train,Aloka
Patient01011_Plane3_2_of_2.png,FETAL_PLANES_DB,head,Fetal brain,Trans-ventricular,1011,train,Aloka
Patient01011_Plane5_1_of_2.png,FETAL_PLANES_DB,not head,Fetal femur,,1011,train,Aloka
Patient01011_Plane5_2_of_2.png,FETAL_PLANES_DB,not head,Fetal femur,,1011,train,Aloka
Patient01011_Plane6_1_of_2.png,FETAL_PLANES_DB,not head,Fetal thorax,,1011,train,Aloka
Patient01011_Plane6_2_of_2.png,FETAL_PLANES_DB,not head,Fetal thorax,,1011,train,Aloka
Patient01014_Plane2_1_of_1.png,FETAL_PLANES_DB,not head,Fetal abdomen,,1014,train,Voluson E6
Patient01014_Plane3_1_of_3.png,FETAL_PLANES_DB,head,Fetal brain,Trans-thalamic,1014,train,Voluson E6
Patient01014_Plane3_2_of_3.png,FETAL_PLANES_DB,head,Fetal brain,Trans-thalamic,1014,train,Voluson E6
Patient01014_Plane3_3_of_3.png,FETAL_PLANES_DB,head,Fetal brain,Trans-cerebellum,1014,train,Voluson E6
Patient01014_Plane5_1_of_1.png,FETAL_PLANES_DB,not head,Fetal femur,,1014,train,Voluson E6
Patient01014_Plane6_1_of_2.png,FETAL_PLANES_DB,not head,Fetal thorax,,1014,train,Voluson E6
Patient01014_Plane6_2_of_2.png,FETAL_PLANES_DB,not head,Fetal thorax,,1014,train,Voluson E6
Patient01016_Plane2_1_of_2.png,FETAL_PLANES_DB,not head,Fetal abdomen,,1016,train,Other
Patient01016_Plane2_2_of_2.png,FETAL_PLANES_DB,not head,Fetal abdomen,,1016,train,Other
Patient01016_Plane3_1_of_4.png,FETAL_PLANES_DB,head,Fetal brain,Trans-ventricular,1016,train,Other
Patient01016_Plane3_2_of_4.png,FETAL_PLANES_DB,head,Fetal brain,Trans-thalamic,1016,train,Other
Patient01016_Plane3_3_of_4.png,FETAL_PLANES_DB,head,Fetal brain,Trans-ventricular,1016,train,Other
Patient01016_Plane3_4_of_4.png,FETAL_PLANES_DB,head,Fetal brain,Trans-thalamic,1016,train,Other
Patient01016_Plane4_1_of_1.png,FETAL_PLANES_DB,not head,Maternal cervix,,1016,train,Other
Patient01016_Plane6_1_of_1.png,FETAL_PLANES_DB,not head,Fetal thorax,,1016,train,Other
Patient01018_Plane2_1_of_1.png,FETAL_PLANES_DB,not head,Fetal abdomen,,1018,train,Other
Patient01018_Plane3_1_of_3.png,FETAL_PLANES_DB,head,Fetal brain,Trans-thalamic,1018,train,Other
Patient01018_Plane3_2_of_3.png,FETAL_PLANES_DB,head,Fetal brain,Trans-thalamic,1018,train,Other
Patient01018_Plane3_3_of_3.png,FETAL_PLANES_DB,head,Fetal brain,Trans-cerebellum,1018,train,Other
Patient01018_Plane4_1_of_1.png,FETAL_PLANES_DB,not head,Maternal cervix,,1018,train,Other
Patient01018_Plane5_1_of_1.png,FETAL_PLANES_DB,not head,Fetal femur,,1018,train,Other
Patient01018_Plane6_1_of_1.png,FETAL_PLANES_DB,not head,Fetal thorax,,1018,train,Other
Patient01024_Plane2_1_of_1.png,FETAL_PLANES_DB,not head,Fetal abdomen,,1024,train,Voluson E6
Patient01024_Plane3_1_of_1.png,FETAL_PLANES_DB,head,Fetal brain,Trans-thalamic,1024,train,Voluson E6
Patient01024_Plane6_1_of_1.png,FETAL_PLANES_DB,not head,Fetal thorax,,1024,train,Voluson E6
Patient01025_Plane2_1_of_1.png,FETAL_PLANES_DB,not head,Fetal abdomen,,1025,train,Voluson E6
Patient01025_Plane3_1_of_3.png,FETAL_PLANES_DB,head,Fetal brain,Trans-thalamic,1025,train,Voluson E6
Patient01025_Plane3_2_of_3.png,FETAL_PLANES_DB,head,Fetal brain,Trans-ventricular,1025,train,Voluson E6
Patient01025_Plane3_3_of_3.png,FETAL_PLANES_DB,head,Fetal brain,Trans-cerebellum,1025,train,Voluson E6
Patient01025_Plane4_1_of_3.png,FETAL_PLANES_DB,not head,Maternal cervix,,1025,train,Voluson E6
Patient01025_Plane4_2_of_3.png,FETAL_PLANES_DB,not head,Maternal cervix,,1025,train,Voluson E6
Patient01025_Plane4_3_of_3.png,FETAL_PLANES_DB,not head,Maternal cervix,,1025,train,Voluson E6
Patient01025_Plane5_1_of_1.png,FETAL_PLANES_DB,not head,Fetal femur,,1025,train,Voluson E6
Patient01025_Plane1_1_of_1.png,FETAL_PLANES_DB,not head,Other,,1025,train,Voluson E6
Patient01025_Plane6_1_of_1.png,FETAL_PLANES_DB,not head,Fetal thorax,,1025,train,Voluson E6
Patient01026_Plane2_1_of_3.png,FETAL_PLANES_DB,not head,Fetal abdomen,,1026,train,Voluson E6
Patient01026_Plane2_2_of_3.png,FETAL_PLANES_DB,not head,Fetal abdomen,,1026,train,Voluson E6
Patient01026_Plane2_3_of_3.png,FETAL_PLANES_DB,not head,Fetal abdomen,,1026,train,Voluson E6
Patient01026_Plane3_1_of_6.png,FETAL_PLANES_DB,head,Fetal brain,Trans-cerebellum,1026,train,Voluson E6
Patient01026_Plane3_2_of_6.png,FETAL_PLANES_DB,head,Fetal brain,Trans-ventricular,1026,train,Voluson E6
Patient01026_Plane3_3_of_6.png,FETAL_PLANES_DB,head,Fetal brain,Trans-thalamic,1026,train,Voluson E6
Patient01026_Plane3_4_of_6.png,FETAL_PLANES_DB,head,Fetal brain,Trans-thalamic,1026,train,Voluson E6
Patient01026_Plane3_5_of_6.png,FETAL_PLANES_DB,head,Fetal brain,Trans-thalamic,1026,train,Voluson E6
Patient01026_Plane3_6_of_6.png,FETAL_PLANES_DB,head,Fetal brain,Other,1026,train,Voluson E6
Patient01026_Plane4_1_of_2.png,FETAL_PLANES_DB,not head,Maternal cervix,,1026,train,Voluson E6
Patient01026_Plane4_2_of_2.png,FETAL_PLANES_DB,not head,Maternal cervix,,1026,train,Voluson E6
Patient01026_Plane5_1_of_1.png,FETAL_PLANES_DB,not head,Fetal femur,,1026,train,Voluson E6
Patient01026_Plane1_1_of_1.png,FETAL_PLANES_DB,not head,Other,,1026,train,Voluson E6
Patient01026_Plane6_1_of_2.png,FETAL_PLANES_DB,not head,Fetal thorax,,1026,train,Voluson E6
Patient01026_Plane6_2_of_2.png,FETAL_PLANES_DB,not head,Fetal thorax,,1026,train,Voluson E6
Patient01027_Plane2_1_of_1.png,FETAL_PLANES_DB,not head,Fetal abdomen,,1027,train,Voluson E6
Patient01027_Plane3_1_of_1.png,FETAL_PLANES_DB,head,Fetal brain,Trans-thalamic,1027,train,Voluson E6
Patient01027_Plane5_1_of_1.png,FETAL_PLANES_DB,not head,Fetal femur,,1027,train,Voluson E6
Patient01027_Plane1_1_of_1.png,FETAL_PLANES_DB,not head,Other,,1027,train,Voluson E6
Patient01027_Plane6_1_of_2.png,FETAL_PLANES_DB,not head,Fetal thorax,,1027,train,Voluson E6
Patient01027_Plane6_2_of_2.png,FETAL_PLANES_DB,not head,Fetal thorax,,1027,train,Voluson E6
Patient01028_Plane3_1_of_3.png,FETAL_PLANES_DB,head,Fetal brain,Trans-thalamic,1028,train,Aloka
Patient01028_Plane3_2_of_3.png,FETAL_PLANES_DB,head,Fetal brain,Trans-thalamic,1028,train,Aloka
Patient01028_Plane3_3_of_3.png,FETAL_PLANES_DB,head,Fetal brain,Trans-cerebellum,1028,train,Aloka
Patient01028_Plane5_1_of_1.png,FETAL_PLANES_DB,not head,Fetal femur,,1028,train,Aloka
Patient01029_Plane3_1_of_2.png,FETAL_PLANES_DB,head,Fetal brain,Trans-thalamic,1029,train,Aloka
Patient01029_Plane3_2_of_2.png,FETAL_PLANES_DB,head,Fetal brain,Trans-thalamic,1029,train,Aloka
Patient01029_Plane5_1_of_1.png,FETAL_PLANES_DB,not head,Fetal femur,,1029,train,Aloka
Patient01029_Plane6_1_of_2.png,FETAL_PLANES_DB,not head,Fetal thorax,,1029,train,Aloka
Patient01029_Plane6_2_of_2.png,FETAL_PLANES_DB,not head,Fetal thorax,,1029,train,Aloka
Patient01030_Plane3_1_of_1.png,FETAL_PLANES_DB,head,Fetal brain,Trans-thalamic,1030,train,Aloka
Patient01030_Plane5_1_of_3.png,FETAL_PLANES_DB,not head,Fetal femur,,1030,train,Aloka
Patient01030_Plane5_2_of_3.png,FETAL_PLANES_DB,not head,Fetal femur,,1030,train,Aloka
Patient01030_Plane5_3_of_3.png,FETAL_PLANES_DB,not head,Fetal femur,,1030,train,Aloka
Patient01031_Plane2_1_of_2.png,FETAL_PLANES_DB,not head,Fetal abdomen,,1031,train,Aloka
Patient01031_Plane2_2_of_2.png,FETAL_PLANES_DB,not head,Fetal abdomen,,1031,train,Aloka
Patient01031_Plane3_1_of_3.png,FETAL_PLANES_DB,head,Fetal brain,Trans-ventricular,1031,train,Aloka
Patient01031_Plane3_2_of_3.png,FETAL_PLANES_DB,head,Fetal brain,Trans-thalamic,1031,train,Aloka
Patient01031_Plane3_3_of_3.png,FETAL_PLANES_DB,head,Fetal brain,Trans-thalamic,1031,train,Aloka
Patient01031_Plane5_1_of_1.png,FETAL_PLANES_DB,not head,Fetal femur,,1031,train,Aloka
Patient01031_Plane1_1_of_3.png,FETAL_PLANES_DB,not head,Other,,1031,train,Aloka
Patient01031_Plane6_1_of_1.png,FETAL_PLANES_DB,not head,Fetal thorax,,1031,train,Aloka
Patient01031_Plane1_2_of_3.png,FETAL_PLANES_DB,not head,Other,,1031,train,Aloka
Patient01031_Plane1_3_of_3.png,FETAL_PLANES_DB,not head,Other,,1031,train,Aloka
Patient01032_Plane2_1_of_1.png,FETAL_PLANES_DB,not head,Fetal abdomen,,1032,train,Aloka
Patient01032_Plane3_1_of_3.png,FETAL_PLANES_DB,head,Fetal brain,Trans-thalamic,1032,train,Aloka
Patient01032_Plane3_2_of_3.png,FETAL_PLANES_DB,head,Fetal brain,Trans-cerebellum,1032,train,Aloka
Patient01032_Plane3_3_of_3.png,FETAL_PLANES_DB,head,Fetal brain,Trans-cerebellum,1032,train,Aloka
Patient01032_Plane5_1_of_1.png,FETAL_PLANES_DB,not head,Fetal femur,,1032,train,Aloka
Patient01032_Plane1_1_of_4.png,FETAL_PLANES_DB,not head,Other,,1032,train,Aloka
Patient01032_Plane1_2_of_4.png,FETAL_PLANES_DB,not head,Other,,1032,train,Aloka
Patient01032_Plane1_3_of_4.png,FETAL_PLANES_DB,not head,Other,,1032,train,Aloka
Patient01032_Plane1_4_of_4.png,FETAL_PLANES_DB,not head,Other,,1032,train,Aloka
Patient01033_Plane3_1_of_2.png,FETAL_PLANES_DB,head,Fetal brain,Trans-thalamic,1033,train,Aloka
Patient01033_Plane3_2_of_2.png,FETAL_PLANES_DB,head,Fetal brain,Trans-thalamic,1033,train,Aloka
Patient01033_Plane5_1_of_1.png,FETAL_PLANES_DB,not head,Fetal femur,,1033,train,Aloka
Patient01034_Plane5_1_of_1.png,FETAL_PLANES_DB,not head,Fetal femur,,1034,train,Aloka
Patient01034_Plane1_1_of_1.png,FETAL_PLANES_DB,not head,Other,,1034,train,Aloka
Patient01036_Plane2_1_of_1.png,FETAL_PLANES_DB,not head,Fetal abdomen,,1036,train,Voluson E6
Patient01036_Plane3_1_of_2.png,FETAL_PLANES_DB,head,Fetal brain,Trans-thalamic,1036,train,Voluson E6
Patient01036_Plane3_2_of_2.png,FETAL_PLANES_DB,head,Fetal brain,Trans-cerebellum,1036,train,Voluson E6
Patient01036_Plane1_1_of_1.png,FETAL_PLANES_DB,not head,Other,,1036,train,Voluson E6
Patient01036_Plane6_1_of_3.png,FETAL_PLANES_DB,not head,Fetal thorax,,1036,train,Voluson E6
Patient01036_Plane6_2_of_3.png,FETAL_PLANES_DB,not head,Fetal thorax,,1036,train,Voluson E6
Patient01036_Plane6_3_of_3.png,FETAL_PLANES_DB,not head,Fetal thorax,,1036,train,Voluson E6
Patient01038_Plane2_1_of_1.png,FETAL_PLANES_DB,not head,Fetal abdomen,,1038,train,Voluson E6
Patient01038_Plane3_1_of_1.png,FETAL_PLANES_DB,head,Fetal brain,Trans-thalamic,1038,train,Voluson E6
Patient01038_Plane6_1_of_1.png,FETAL_PLANES_DB,not head,Fetal thorax,,1038,train,Voluson E6
Patient01039_Plane1_1_of_1.png,FETAL_PLANES_DB,not head,Other,,1039,train,Voluson E6
Patient01039_Plane6_1_of_2.png,FETAL_PLANES_DB,not head,Fetal thorax,,1039,train,Voluson E6
Patient01039_Plane6_2_of_2.png,FETAL_PLANES_DB,not head,Fetal thorax,,1039,train,Voluson E6
Patient01041_Plane3_1_of_1.png,FETAL_PLANES_DB,head,Fetal brain,Trans-thalamic,1041,train,Voluson E6
Patient01041_Plane6_1_of_1.png,FETAL_PLANES_DB,not head,Fetal thorax,,1041,train,Voluson E6
Patient01042_Plane3_1_of_3.png,FETAL_PLANES_DB,head,Fetal brain,Trans-ventricular,1042,train,Voluson E6
Patient01042_Plane3_2_of_3.png,FETAL_PLANES_DB,head,Fetal brain,Trans-cerebellum,1042,train,Voluson E6
Patient01042_Plane3_3_of_3.png,FETAL_PLANES_DB,head,Fetal brain,Trans-ventricular,1042,train,Voluson E6
Patient01042_Plane1_1_of_1.png,FETAL_PLANES_DB,not head,Other,,1042,train,Voluson E6
Patient01042_Plane6_1_of_2.png,FETAL_PLANES_DB,not head,Fetal thorax,,1042,train,Voluson E6
Patient01042_Plane6_2_of_2.png,FETAL_PLANES_DB,not head,Fetal thorax,,1042,train,Voluson E6
Patient01043_Plane2_1_of_1.png,FETAL_PLANES_DB,not head,Fetal abdomen,,1043,train,Voluson E6
Patient01043_Plane3_1_of_4.png,FETAL_PLANES_DB,head,Fetal brain,Trans-cerebellum,1043,train,Voluson E6
Patient01043_Plane3_2_of_4.png,FETAL_PLANES_DB,head,Fetal brain,Trans-ventricular,1043,train,Voluson E6
Patient01043_Plane3_3_of_4.png,FETAL_PLANES_DB,head,Fetal brain,Trans-thalamic,1043,train,Voluson E6
Patient01043_Plane3_4_of_4.png,FETAL_PLANES_DB,head,Fetal brain,Trans-ventricular,1043,train,Voluson E6
Patient01043_Plane4_1_of_2.png,FETAL_PLANES_DB,not head,Maternal cervix,,1043,train,Voluson E6
Patient01043_Plane4_2_of_2.png,FETAL_PLANES_DB,not head,Maternal cervix,,1043,train,Voluson E6
Patient01043_Plane5_1_of_2.png,FETAL_PLANES_DB,not head,Fetal femur,,1043,train,Voluson E6
Patient01043_Plane5_2_of_2.png,FETAL_PLANES_DB,not head,Fetal femur,,1043,train,Voluson E6
Patient01043_Plane1_1_of_1.png,FETAL_PLANES_DB,not head,Other,,1043,train,Voluson E6
Patient01043_Plane6_1_of_2.png,FETAL_PLANES_DB,not head,Fetal thorax,,1043,train,Voluson E6
Patient01043_Plane6_2_of_2.png,FETAL_PLANES_DB,not head,Fetal thorax,,1043,train,Voluson E6
Patient01044_Plane3_1_of_5.png,FETAL_PLANES_DB,head,Fetal brain,Trans-thalamic,1044,train,Voluson E6
Patient01044_Plane3_2_of_5.png,FETAL_PLANES_DB,head,Fetal brain,Trans-ventricular,1044,train,Voluson E6
Patient01044_Plane3_3_of_5.png,FETAL_PLANES_DB,head,Fetal brain,Trans-cerebellum,1044,train,Voluson E6
Patient01044_Plane3_4_of_5.png,FETAL_PLANES_DB,head,Fetal brain,Trans-thalamic,1044,train,Voluson E6
Patient01044_Plane3_5_of_5.png,FETAL_PLANES_DB,head,Fetal brain,Other,1044,train,Voluson E6
Patient01044_Plane4_1_of_3.png,FETAL_PLANES_DB,not head,Maternal cervix,,1044,train,Voluson E6
Patient01044_Plane4_2_of_3.png,FETAL_PLANES_DB,not head,Maternal cervix,,1044,train,Voluson E6
Patient01044_Plane4_3_of_3.png,FETAL_PLANES_DB,not head,Maternal cervix,,1044,train,Voluson E6
Patient01044_Plane5_1_of_1.png,FETAL_PLANES_DB,not head,Fetal femur,,1044,train,Voluson E6
Patient01044_Plane1_1_of_1.png,FETAL_PLANES_DB,not head,Other,,1044,train,Voluson E6
Patient01044_Plane6_1_of_2.png,FETAL_PLANES_DB,not head,Fetal thorax,,1044,train,Voluson E6
Patient01044_Plane6_2_of_2.png,FETAL_PLANES_DB,not head,Fetal thorax,,1044,train,Voluson E6
Patient01045_Plane2_1_of_1.png,FETAL_PLANES_DB,not head,Fetal abdomen,,1045,train,Voluson E6
Patient01045_Plane3_1_of_5.png,FETAL_PLANES_DB,head,Fetal brain,Trans-ventricular,1045,train,Voluson E6
Patient01045_Plane3_2_of_5.png,FETAL_PLANES_DB,head,Fetal brain,Trans-ventricular,1045,train,Voluson E6
Patient01045_Plane3_3_of_5.png,FETAL_PLANES_DB,head,Fetal brain,Trans-ventricular,1045,train,Voluson E6
Patient01045_Plane3_4_of_5.png,FETAL_PLANES_DB,head,Fetal brain,Trans-cerebellum,1045,train,Voluson E6
Patient01045_Plane3_5_of_5.png,FETAL_PLANES_DB,head,Fetal brain,Trans-thalamic,1045,train,Voluson E6
Patient01045_Plane4_1_of_2.png,FETAL_PLANES_DB,not head,Maternal cervix,,1045,train,Voluson E6
Patient01045_Plane4_2_of_2.png,FETAL_PLANES_DB,not head,Maternal cervix,,1045,train,Voluson E6
Patient01045_Plane5_1_of_2.png,FETAL_PLANES_DB,not head,Fetal femur,,1045,train,Voluson E6
Patient01045_Plane5_2_of_2.png,FETAL_PLANES_DB,not head,Fetal femur,,1045,train,Voluson E6
Patient01045_Plane1_1_of_1.png,FETAL_PLANES_DB,not head,Other,,1045,train,Voluson E6
Patient01045_Plane6_1_of_1.png,FETAL_PLANES_DB,not head,Fetal thorax,,1045,train,Voluson E6
Patient01046_Plane3_1_of_3.png,FETAL_PLANES_DB,head,Fetal brain,Trans-cerebellum,1046,train,Voluson E6
Patient01046_Plane3_2_of_3.png,FETAL_PLANES_DB,head,Fetal brain,Trans-ventricular,1046,train,Voluson E6
Patient01046_Plane3_3_of_3.png,FETAL_PLANES_DB,head,Fetal brain,Trans-thalamic,1046,train,Voluson E6
Patient01046_Plane4_1_of_3.png,FETAL_PLANES_DB,not head,Maternal cervix,,1046,train,Voluson E6
Patient01046_Plane4_2_of_3.png,FETAL_PLANES_DB,not head,Maternal cervix,,1046,train,Voluson E6
Patient01046_Plane4_3_of_3.png,FETAL_PLANES_DB,not head,Maternal cervix,,1046,train,Voluson E6
Patient01046_Plane5_1_of_3.png,FETAL_PLANES_DB,not head,Fetal femur,,1046,train,Voluson E6
Patient01046_Plane5_2_of_3.png,FETAL_PLANES_DB,not head,Fetal femur,,1046,train,Voluson E6
Patient01046_Plane5_3_of_3.png,FETAL_PLANES_DB,not head,Fetal femur,,1046,train,Voluson E6
Patient01046_Plane1_1_of_1.png,FETAL_PLANES_DB,not head,Other,,1046,train,Voluson E6
Patient01046_Plane6_1_of_1.png,FETAL_PLANES_DB,not head,Fetal thorax,,1046,train,Voluson E6
Patient01047_Plane2_1_of_1.png,FETAL_PLANES_DB,not head,Fetal abdomen,,1047,train,Aloka
Patient01047_Plane3_1_of_3.png,FETAL_PLANES_DB,head,Fetal brain,Trans-thalamic,1047,train,Aloka
Patient01047_Plane3_2_of_3.png,FETAL_PLANES_DB,head,Fetal brain,Trans-cerebellum,1047,train,Aloka
Patient01047_Plane3_3_of_3.png,FETAL_PLANES_DB,head,Fetal brain,Trans-ventricular,1047,train,Aloka
Patient01047_Plane4_1_of_5.png,FETAL_PLANES_DB,not head,Maternal cervix,,1047,train,Aloka
Patient01047_Plane4_2_of_5.png,FETAL_PLANES_DB,not head,Maternal cervix,,1047,train,Aloka
Patient01047_Plane4_3_of_5.png,FETAL_PLANES_DB,not head,Maternal cervix,,1047,train,Aloka
Patient01047_Plane4_4_of_5.png,FETAL_PLANES_DB,not head,Maternal cervix,,1047,train,Aloka
Patient01047_Plane4_5_of_5.png,FETAL_PLANES_DB,not head,Maternal cervix,,1047,train,Aloka
Patient01047_Plane5_1_of_2.png,FETAL_PLANES_DB,not head,Fetal femur,,1047,train,Aloka
Patient01047_Plane5_2_of_2.png,FETAL_PLANES_DB,not head,Fetal femur,,1047,train,Aloka
Patient01047_Plane1_1_of_1.png,FETAL_PLANES_DB,not head,Other,,1047,train,Aloka
Patient01047_Plane6_1_of_3.png,FETAL_PLANES_DB,not head,Fetal thorax,,1047,train,Aloka
Patient01047_Plane6_2_of_3.png,FETAL_PLANES_DB,not head,Fetal thorax,,1047,train,Aloka
Patient01047_Plane6_3_of_3.png,FETAL_PLANES_DB,not head,Fetal thorax,,1047,train,Aloka
Patient01048_Plane2_1_of_1.png,FETAL_PLANES_DB,not head,Fetal abdomen,,1048,train,Aloka
Patient01048_Plane3_1_of_1.png,FETAL_PLANES_DB,head,Fetal brain,Trans-thalamic,1048,train,Aloka
Patient01048_Plane5_1_of_1.png,FETAL_PLANES_DB,not head,Fetal femur,,1048,train,Aloka
Patient01048_Plane1_1_of_1.png,FETAL_PLANES_DB,not head,Other,,1048,train,Aloka
Patient01048_Plane6_1_of_2.png,FETAL_PLANES_DB,not head,Fetal thorax,,1048,train,Aloka
Patient01048_Plane6_2_of_2.png,FETAL_PLANES_DB,not head,Fetal thorax,,1048,train,Aloka
Patient01049_Plane2_1_of_1.png,FETAL_PLANES_DB,not head,Fetal abdomen,,1049,train,Aloka
Patient01049_Plane3_1_of_2.png,FETAL_PLANES_DB,head,Fetal brain,Trans-ventricular,1049,train,Aloka
Patient01049_Plane3_2_of_2.png,FETAL_PLANES_DB,head,Fetal brain,Trans-thalamic,1049,train,Aloka
Patient01049_Plane4_1_of_4.png,FETAL_PLANES_DB,not head,Maternal cervix,,1049,train,Aloka
Patient01049_Plane4_2_of_4.png,FETAL_PLANES_DB,not head,Maternal cervix,,1049,train,Aloka
Patient01049_Plane4_3_of_4.png,FETAL_PLANES_DB,not head,Maternal cervix,,1049,train,Aloka
Patient01049_Plane4_4_of_4.png,FETAL_PLANES_DB,not head,Maternal cervix,,1049,train,Aloka
Patient01049_Plane5_1_of_1.png,FETAL_PLANES_DB,not head,Fetal femur,,1049,train,Aloka
Patient01050_Plane2_1_of_1.png,FETAL_PLANES_DB,not head,Fetal abdomen,,1050,train,Aloka
Patient01050_Plane3_1_of_2.png,FETAL_PLANES_DB,head,Fetal brain,Trans-ventricular,1050,train,Aloka
Patient01050_Plane3_2_of_2.png,FETAL_PLANES_DB,head,Fetal brain,Trans-thalamic,1050,train,Aloka
Patient01050_Plane4_1_of_5.png,FETAL_PLANES_DB,not head,Maternal cervix,,1050,train,Aloka
Patient01050_Plane4_2_of_5.png,FETAL_PLANES_DB,not head,Maternal cervix,,1050,train,Aloka
Patient01050_Plane4_3_of_5.png,FETAL_PLANES_DB,not head,Maternal cervix,,1050,train,Aloka
Patient01050_Plane4_4_of_5.png,FETAL_PLANES_DB,not head,Maternal cervix,,1050,train,Aloka
Patient01050_Plane4_5_of_5.png,FETAL_PLANES_DB,not head,Maternal cervix,,1050,train,Aloka
Patient01050_Plane5_1_of_2.png,FETAL_PLANES_DB,not head,Fetal femur,,1050,train,Aloka
Patient01050_Plane5_2_of_2.png,FETAL_PLANES_DB,not head,Fetal femur,,1050,train,Aloka
Patient01050_Plane1_1_of_1.png,FETAL_PLANES_DB,not head,Other,,1050,train,Aloka
Patient01053_Plane3_1_of_2.png,FETAL_PLANES_DB,head,Fetal brain,Trans-ventricular,1053,train,Voluson E6
Patient01053_Plane3_2_of_2.png,FETAL_PLANES_DB,head,Fetal brain,Trans-cerebellum,1053,train,Voluson E6
Patient01053_Plane6_1_of_2.png,FETAL_PLANES_DB,not head,Fetal thorax,,1053,train,Voluson E6
Patient01053_Plane6_2_of_2.png,FETAL_PLANES_DB,not head,Fetal thorax,,1053,train,Voluson E6
Patient01054_Plane3_1_of_1.png,FETAL_PLANES_DB,head,Fetal brain,Trans-thalamic,1054,train,Voluson E6
Patient01054_Plane6_1_of_2.png,FETAL_PLANES_DB,not head,Fetal thorax,,1054,train,Voluson E6
Patient01054_Plane6_2_of_2.png,FETAL_PLANES_DB,not head,Fetal thorax,,1054,train,Voluson E6
Patient01055_Plane2_1_of_1.png,FETAL_PLANES_DB,not head,Fetal abdomen,,1055,train,Aloka
Patient01055_Plane3_1_of_2.png,FETAL_PLANES_DB,head,Fetal brain,Other,1055,train,Aloka
Patient01055_Plane3_2_of_2.png,FETAL_PLANES_DB,head,Fetal brain,Trans-thalamic,1055,train,Aloka
Patient01055_Plane5_1_of_1.png,FETAL_PLANES_DB,not head,Fetal femur,,1055,train,Aloka
Patient01055_Plane6_1_of_1.png,FETAL_PLANES_DB,not head,Fetal thorax,,1055,train,Aloka
Patient01057_Plane2_1_of_1.png,FETAL_PLANES_DB,not head,Fetal abdomen,,1057,train,Voluson E6
Patient01057_Plane3_1_of_3.png,FETAL_PLANES_DB,head,Fetal brain,Trans-thalamic,1057,train,Voluson E6
Patient01057_Plane3_2_of_3.png,FETAL_PLANES_DB,head,Fetal brain,Trans-thalamic,1057,train,Voluson E6
Patient01057_Plane3_3_of_3.png,FETAL_PLANES_DB,head,Fetal brain,Trans-thalamic,1057,train,Voluson E6
Patient01057_Plane6_1_of_1.png,FETAL_PLANES_DB,not head,Fetal thorax,,1057,train,Voluson E6
Patient01061_Plane2_1_of_1.png,FETAL_PLANES_DB,not head,Fetal abdomen,,1061,train,Aloka
Patient01061_Plane3_1_of_3.png,FETAL_PLANES_DB,head,Fetal brain,Trans-thalamic,1061,train,Aloka
Patient01061_Plane3_2_of_3.png,FETAL_PLANES_DB,head,Fetal brain,Trans-thalamic,1061,train,Aloka
Patient01061_Plane3_3_of_3.png,FETAL_PLANES_DB,head,Fetal brain,Trans-cerebellum,1061,train,Aloka
Patient01061_Plane5_1_of_1.png,FETAL_PLANES_DB,not head,Fetal femur,,1061,train,Aloka
Patient01062_Plane3_1_of_2.png,FETAL_PLANES_DB,head,Fetal brain,Trans-thalamic,1062,train,Aloka
Patient01062_Plane3_2_of_2.png,FETAL_PLANES_DB,head,Fetal brain,Trans-cerebellum,1062,train,Aloka
Patient01062_Plane5_1_of_1.png,FETAL_PLANES_DB,not head,Fetal femur,,1062,train,Aloka
Patient01068_Plane2_1_of_2.png,FETAL_PLANES_DB,not head,Fetal abdomen,,1068,train,Voluson E6
Patient01068_Plane2_2_of_2.png,FETAL_PLANES_DB,not head,Fetal abdomen,,1068,train,Voluson E6
Patient01068_Plane3_1_of_5.png,FETAL_PLANES_DB,head,Fetal brain,Trans-ventricular,1068,train,Voluson E6
Patient01068_Plane3_2_of_5.png,FETAL_PLANES_DB,head,Fetal brain,Trans-cerebellum,1068,train,Voluson E6
Patient01068_Plane3_3_of_5.png,FETAL_PLANES_DB,head,Fetal brain,Trans-cerebellum,1068,train,Voluson E6
Patient01068_Plane3_4_of_5.png,FETAL_PLANES_DB,head,Fetal brain,Trans-thalamic,1068,train,Voluson E6
Patient01068_Plane3_5_of_5.png,FETAL_PLANES_DB,head,Fetal brain,Trans-ventricular,1068,train,Voluson E6
Patient01068_Plane4_1_of_2.png,FETAL_PLANES_DB,not head,Maternal cervix,,1068,train,Voluson E6
Patient01068_Plane4_2_of_2.png,FETAL_PLANES_DB,not head,Maternal cervix,,1068,train,Voluson E6
Patient01068_Plane5_1_of_2.png,FETAL_PLANES_DB,not head,Fetal femur,,1068,train,Voluson E6
Patient01068_Plane5_2_of_2.png,FETAL_PLANES_DB,not head,Fetal femur,,1068,train,Voluson E6
Patient01068_Plane1_1_of_1.png,FETAL_PLANES_DB,not head,Other,,1068,train,Voluson E6
Patient01068_Plane6_1_of_3.png,FETAL_PLANES_DB,not head,Fetal thorax,,1068,train,Voluson E6
Patient01068_Plane6_2_of_3.png,FETAL_PLANES_DB,not head,Fetal thorax,,1068,train,Voluson E6
Patient01068_Plane6_3_of_3.png,FETAL_PLANES_DB,not head,Fetal thorax,,1068,train,Voluson E6
Patient01071_Plane2_1_of_2.png,FETAL_PLANES_DB,not head,Fetal abdomen,,1071,train,Voluson E6
Patient01071_Plane2_2_of_2.png,FETAL_PLANES_DB,not head,Fetal abdomen,,1071,train,Voluson E6
Patient01071_Plane3_1_of_4.png,FETAL_PLANES_DB,head,Fetal brain,Trans-thalamic,1071,train,Voluson E6
Patient01071_Plane3_2_of_4.png,FETAL_PLANES_DB,head,Fetal brain,Trans-thalamic,1071,train,Voluson E6
Patient01071_Plane3_3_of_4.png,FETAL_PLANES_DB,head,Fetal brain,Trans-cerebellum,1071,train,Voluson E6
Patient01071_Plane3_4_of_4.png,FETAL_PLANES_DB,head,Fetal brain,Trans-ventricular,1071,train,Voluson E6
Patient01071_Plane4_1_of_2.png,FETAL_PLANES_DB,not head,Maternal cervix,,1071,train,Voluson E6
Patient01071_Plane4_2_of_2.png,FETAL_PLANES_DB,not head,Maternal cervix,,1071,train,Voluson E6
Patient01071_Plane5_1_of_2.png,FETAL_PLANES_DB,not head,Fetal femur,,1071,train,Voluson E6
Patient01071_Plane5_2_of_2.png,FETAL_PLANES_DB,not head,Fetal femur,,1071,train,Voluson E6
Patient01071_Plane1_1_of_1.png,FETAL_PLANES_DB,not head,Other,,1071,train,Voluson E6
Patient01071_Plane6_1_of_3.png,FETAL_PLANES_DB,not head,Fetal thorax,,1071,train,Voluson E6
Patient01071_Plane6_2_of_3.png,FETAL_PLANES_DB,not head,Fetal thorax,,1071,train,Voluson E6
Patient01071_Plane6_3_of_3.png,FETAL_PLANES_DB,not head,Fetal thorax,,1071,train,Voluson E6
Patient01073_Plane3_1_of_4.png,FETAL_PLANES_DB,head,Fetal brain,Trans-thalamic,1073,train,Voluson E6
Patient01073_Plane3_2_of_4.png,FETAL_PLANES_DB,head,Fetal brain,Trans-thalamic,1073,train,Voluson E6
Patient01073_Plane3_3_of_4.png,FETAL_PLANES_DB,head,Fetal brain,Trans-thalamic,1073,train,Voluson E6
Patient01073_Plane3_4_of_4.png,FETAL_PLANES_DB,head,Fetal brain,Trans-thalamic,1073,train,Voluson E6
Patient01073_Plane6_1_of_1.png,FETAL_PLANES_DB,not head,Fetal thorax,,1073,train,Voluson E6
Patient01076_Plane3_1_of_2.png,FETAL_PLANES_DB,head,Fetal brain,Trans-ventricular,1076,train,Voluson E6
Patient01076_Plane3_2_of_2.png,FETAL_PLANES_DB,head,Fetal brain,Trans-cerebellum,1076,train,Voluson E6
Patient01076_Plane4_1_of_1.png,FETAL_PLANES_DB,not head,Maternal cervix,,1076,train,Voluson E6
Patient01078_Plane2_1_of_3.png,FETAL_PLANES_DB,not head,Fetal abdomen,,1078,train,Aloka
Patient01078_Plane2_2_of_3.png,FETAL_PLANES_DB,not head,Fetal abdomen,,1078,train,Aloka
Patient01078_Plane2_3_of_3.png,FETAL_PLANES_DB,not head,Fetal abdomen,,1078,train,Aloka
Patient01078_Plane3_1_of_3.png,FETAL_PLANES_DB,head,Fetal brain,Trans-thalamic,1078,train,Aloka
Patient01078_Plane3_2_of_3.png,FETAL_PLANES_DB,head,Fetal brain,Trans-thalamic,1078,train,Aloka
Patient01078_Plane3_3_of_3.png,FETAL_PLANES_DB,head,Fetal brain,Trans-thalamic,1078,train,Aloka
Patient01078_Plane5_1_of_1.png,FETAL_PLANES_DB,not head,Fetal femur,,1078,train,Aloka
Patient01078_Plane1_1_of_5.png,FETAL_PLANES_DB,not head,Other,,1078,train,Aloka
Patient01078_Plane6_1_of_3.png,FETAL_PLANES_DB,not head,Fetal thorax,,1078,train,Aloka
Patient01078_Plane6_2_of_3.png,FETAL_PLANES_DB,not head,Fetal thorax,,1078,train,Aloka
Patient01078_Plane6_3_of_3.png,FETAL_PLANES_DB,not head,Fetal thorax,,1078,train,Aloka
Patient01078_Plane1_2_of_5.png,FETAL_PLANES_DB,not head,Other,,1078,train,Aloka
Patient01078_Plane1_3_of_5.png,FETAL_PLANES_DB,not head,Other,,1078,train,Aloka
Patient01078_Plane1_4_of_5.png,FETAL_PLANES_DB,not head,Other,,1078,train,Aloka
Patient01078_Plane1_5_of_5.png,FETAL_PLANES_DB,not head,Other,,1078,train,Aloka
Patient01080_Plane2_1_of_1.png,FETAL_PLANES_DB,not head,Fetal abdomen,,1080,train,Aloka
Patient01080_Plane3_1_of_3.png,FETAL_PLANES_DB,head,Fetal brain,Trans-thalamic,1080,train,Aloka
Patient01080_Plane3_2_of_3.png,FETAL_PLANES_DB,head,Fetal brain,Trans-thalamic,1080,train,Aloka
Patient01080_Plane3_3_of_3.png,FETAL_PLANES_DB,head,Fetal brain,Trans-ventricular,1080,train,Aloka
Patient01080_Plane5_1_of_2.png,FETAL_PLANES_DB,not head,Fetal femur,,1080,train,Aloka
Patient01080_Plane5_2_of_2.png,FETAL_PLANES_DB,not head,Fetal femur,,1080,train,Aloka
Patient01080_Plane6_1_of_1.png,FETAL_PLANES_DB,not head,Fetal thorax,,1080,train,Aloka
Patient01081_Plane3_1_of_3.png,FETAL_PLANES_DB,head,Fetal brain,Trans-thalamic,1081,train,Aloka
Patient01081_Plane3_2_of_3.png,FETAL_PLANES_DB,head,Fetal brain,Trans-thalamic,1081,train,Aloka
Patient01081_Plane3_3_of_3.png,FETAL_PLANES_DB,head,Fetal brain,Trans-thalamic,1081,train,Aloka
Patient01081_Plane5_1_of_1.png,FETAL_PLANES_DB,not head,Fetal femur,,1081,train,Aloka
Patient01081_Plane1_1_of_1.png,FETAL_PLANES_DB,not head,Other,,1081,train,Aloka
Patient01081_Plane6_1_of_1.png,FETAL_PLANES_DB,not head,Fetal thorax,,1081,train,Aloka
Patient01082_Plane3_1_of_3.png,FETAL_PLANES_DB,head,Fetal brain,Trans-thalamic,1082,train,Voluson E6
Patient01082_Plane3_2_of_3.png,FETAL_PLANES_DB,head,Fetal brain,Trans-thalamic,1082,train,Voluson E6
Patient01082_Plane3_3_of_3.png,FETAL_PLANES_DB,head,Fetal brain,Trans-thalamic,1082,train,Voluson E6
Patient01082_Plane1_1_of_1.png,FETAL_PLANES_DB,not head,Other,,1082,train,Voluson E6
Patient01082_Plane6_1_of_1.png,FETAL_PLANES_DB,not head,Fetal thorax,,1082,train,Voluson E6
Patient01083_Plane3_1_of_2.png,FETAL_PLANES_DB,head,Fetal brain,Trans-thalamic,1083,train,Voluson E6
Patient01083_Plane3_2_of_2.png,FETAL_PLANES_DB,head,Fetal brain,Trans-cerebellum,1083,train,Voluson E6
Patient01083_Plane6_1_of_1.png,FETAL_PLANES_DB,not head,Fetal thorax,,1083,train,Voluson E6
Patient01085_Plane2_1_of_1.png,FETAL_PLANES_DB,not head,Fetal abdomen,,1085,train,Voluson E6
Patient01085_Plane3_1_of_3.png,FETAL_PLANES_DB,head,Fetal brain,Trans-thalamic,1085,train,Voluson E6
Patient01085_Plane3_2_of_3.png,FETAL_PLANES_DB,head,Fetal brain,Trans-thalamic,1085,train,Voluson E6
Patient01085_Plane3_3_of_3.png,FETAL_PLANES_DB,head,Fetal brain,Trans-cerebellum,1085,train,Voluson E6
Patient01085_Plane5_1_of_1.png,FETAL_PLANES_DB,not head,Fetal femur,,1085,train,Voluson E6
Patient01085_Plane6_1_of_2.png,FETAL_PLANES_DB,not head,Fetal thorax,,1085,train,Voluson E6
Patient01085_Plane6_2_of_2.png,FETAL_PLANES_DB,not head,Fetal thorax,,1085,train,Voluson E6
Patient01086_Plane5_1_of_1.png,FETAL_PLANES_DB,not head,Fetal femur,,1086,train,Voluson E6
Patient01086_Plane1_1_of_1.png,FETAL_PLANES_DB,not head,Other,,1086,train,Voluson E6
Patient01086_Plane6_1_of_1.png,FETAL_PLANES_DB,not head,Fetal thorax,,1086,train,Voluson E6
Patient01087_Plane3_1_of_2.png,FETAL_PLANES_DB,head,Fetal brain,Trans-thalamic,1087,train,Voluson E6
Patient01087_Plane3_2_of_2.png,FETAL_PLANES_DB,head,Fetal brain,Trans-cerebellum,1087,train,Voluson E6
Patient01087_Plane4_1_of_3.png,FETAL_PLANES_DB,not head,Maternal cervix,,1087,train,Voluson E6
Patient01087_Plane4_2_of_3.png,FETAL_PLANES_DB,not head,Maternal cervix,,1087,train,Voluson E6
Patient01087_Plane4_3_of_3.png,FETAL_PLANES_DB,not head,Maternal cervix,,1087,train,Voluson E6
Patient01087_Plane1_1_of_1.png,FETAL_PLANES_DB,not head,Other,,1087,train,Voluson E6
Patient01087_Plane6_1_of_1.png,FETAL_PLANES_DB,not head,Fetal thorax,,1087,train,Voluson E6
Patient01090_Plane3_1_of_2.png,FETAL_PLANES_DB,head,Fetal brain,Trans-thalamic,1090,train,Voluson E6
Patient01090_Plane3_2_of_2.png,FETAL_PLANES_DB,head,Fetal brain,Trans-thalamic,1090,train,Voluson E6
Patient01090_Plane6_1_of_1.png,FETAL_PLANES_DB,not head,Fetal thorax,,1090,train,Voluson E6
Patient01091_Plane3_1_of_2.png,FETAL_PLANES_DB,head,Fetal brain,Trans-thalamic,1091,train,Voluson E6
Patient01091_Plane3_2_of_2.png,FETAL_PLANES_DB,head,Fetal brain,Trans-thalamic,1091,train,Voluson E6
Patient01091_Plane6_1_of_1.png,FETAL_PLANES_DB,not head,Fetal thorax,,1091,train,Voluson E6
Patient01093_Plane3_1_of_3.png,FETAL_PLANES_DB,head,Fetal brain,Trans-thalamic,1093,train,Aloka
Patient01093_Plane3_2_of_3.png,FETAL_PLANES_DB,head,Fetal brain,Trans-thalamic,1093,train,Aloka
Patient01093_Plane3_3_of_3.png,FETAL_PLANES_DB,head,Fetal brain,Trans-thalamic,1093,train,Aloka
Patient01093_Plane5_1_of_1.png,FETAL_PLANES_DB,not head,Fetal femur,,1093,train,Aloka
Patient01093_Plane1_1_of_1.png,FETAL_PLANES_DB,not head,Other,,1093,train,Aloka
Patient01094_Plane3_1_of_2.png,FETAL_PLANES_DB,head,Fetal brain,Trans-thalamic,1094,train,Aloka
Patient01094_Plane3_2_of_2.png,FETAL_PLANES_DB,head,Fetal brain,Trans-ventricular,1094,train,Aloka
Patient01094_Plane5_1_of_4.png,FETAL_PLANES_DB,not head,Fetal femur,,1094,train,Aloka
Patient01094_Plane5_2_of_4.png,FETAL_PLANES_DB,not head,Fetal femur,,1094,train,Aloka
Patient01094_Plane5_3_of_4.png,FETAL_PLANES_DB,not head,Fetal femur,,1094,train,Aloka
Patient01094_Plane5_4_of_4.png,FETAL_PLANES_DB,not head,Fetal femur,,1094,train,Aloka
Patient01094_Plane1_1_of_1.png,FETAL_PLANES_DB,not head,Other,,1094,train,Aloka
Patient01094_Plane6_1_of_2.png,FETAL_PLANES_DB,not head,Fetal thorax,,1094,train,Aloka
Patient01094_Plane6_2_of_2.png,FETAL_PLANES_DB,not head,Fetal thorax,,1094,train,Aloka
Patient01095_Plane2_1_of_1.png,FETAL_PLANES_DB,not head,Fetal abdomen,,1095,train,Voluson E6
Patient01095_Plane3_1_of_4.png,FETAL_PLANES_DB,head,Fetal brain,Trans-thalamic,1095,train,Voluson E6
Patient01095_Plane3_2_of_4.png,FETAL_PLANES_DB,head,Fetal brain,Trans-thalamic,1095,train,Voluson E6
Patient01095_Plane3_3_of_4.png,FETAL_PLANES_DB,head,Fetal brain,Trans-thalamic,1095,train,Voluson E6
Patient01095_Plane3_4_of_4.png,FETAL_PLANES_DB,head,Fetal brain,Trans-thalamic,1095,train,Voluson E6
Patient01095_Plane4_1_of_1.png,FETAL_PLANES_DB,not head,Maternal cervix,,1095,train,Voluson E6
Patient01095_Plane5_1_of_1.png,FETAL_PLANES_DB,not head,Fetal femur,,1095,train,Voluson E6
Patient01095_Plane6_1_of_2.png,FETAL_PLANES_DB,not head,Fetal thorax,,1095,train,Voluson E6
Patient01095_Plane6_2_of_2.png,FETAL_PLANES_DB,not head,Fetal thorax,,1095,train,Voluson E6
Patient01096_Plane2_1_of_2.png,FETAL_PLANES_DB,not head,Fetal abdomen,,1096,train,Voluson E6
Patient01096_Plane2_2_of_2.png,FETAL_PLANES_DB,not head,Fetal abdomen,,1096,train,Voluson E6
Patient01096_Plane3_1_of_6.png,FETAL_PLANES_DB,head,Fetal brain,Trans-thalamic,1096,train,Voluson E6
Patient01096_Plane3_2_of_6.png,FETAL_PLANES_DB,head,Fetal brain,Trans-thalamic,1096,train,Voluson E6
Patient01096_Plane3_3_of_6.png,FETAL_PLANES_DB,head,Fetal brain,Trans-thalamic,1096,train,Voluson E6
Patient01096_Plane3_4_of_6.png,FETAL_PLANES_DB,head,Fetal brain,Trans-cerebellum,1096,train,Voluson E6
Patient01096_Plane3_5_of_6.png,FETAL_PLANES_DB,head,Fetal brain,Trans-thalamic,1096,train,Voluson E6
Patient01096_Plane3_6_of_6.png,FETAL_PLANES_DB,head,Fetal brain,Trans-cerebellum,1096,train,Voluson E6
Patient01096_Plane5_1_of_1.png,FETAL_PLANES_DB,not head,Fetal femur,,1096,train,Voluson E6
Patient01096_Plane6_1_of_1.png,FETAL_PLANES_DB,not head,Fetal thorax,,1096,train,Voluson E6
Patient01097_Plane3_1_of_2.png,FETAL_PLANES_DB,head,Fetal brain,Trans-thalamic,1097,train,Voluson E6
Patient01097_Plane3_2_of_2.png,FETAL_PLANES_DB,head,Fetal brain,Other,1097,train,Voluson E6
Patient01098_Plane2_1_of_1.png,FETAL_PLANES_DB,not head,Fetal abdomen,,1098,train,Other
Patient01098_Plane3_1_of_7.png,FETAL_PLANES_DB,head,Fetal brain,Trans-ventricular,1098,train,Other
Patient01098_Plane3_2_of_7.png,FETAL_PLANES_DB,head,Fetal brain,Trans-ventricular,1098,train,Other
Patient01098_Plane3_3_of_7.png,FETAL_PLANES_DB,head,Fetal brain,Trans-thalamic,1098,train,Other
Patient01098_Plane3_4_of_7.png,FETAL_PLANES_DB,head,Fetal brain,Trans-cerebellum,1098,train,Other
Patient01098_Plane3_5_of_7.png,FETAL_PLANES_DB,head,Fetal brain,Trans-cerebellum,1098,train,Other
Patient01098_Plane3_6_of_7.png,FETAL_PLANES_DB,head,Fetal brain,Trans-ventricular,1098,train,Other
Patient01098_Plane3_7_of_7.png,FETAL_PLANES_DB,head,Fetal brain,Trans-ventricular,1098,train,Other
Patient01098_Plane4_1_of_1.png,FETAL_PLANES_DB,not head,Maternal cervix,,1098,train,Other
Patient01098_Plane5_1_of_1.png,FETAL_PLANES_DB,not head,Fetal femur,,1098,train,Other
Patient01098_Plane6_1_of_1.png,FETAL_PLANES_DB,not head,Fetal thorax,,1098,train,Other
Patient01100_Plane2_1_of_3.png,FETAL_PLANES_DB,not head,Fetal abdomen,,1100,train,Other
Patient01100_Plane2_2_of_3.png,FETAL_PLANES_DB,not head,Fetal abdomen,,1100,train,Other
Patient01100_Plane2_3_of_3.png,FETAL_PLANES_DB,not head,Fetal abdomen,,1100,train,Other
Patient01100_Plane3_1_of_2.png,FETAL_PLANES_DB,head,Fetal brain,Trans-thalamic,1100,train,Other
Patient01100_Plane3_2_of_2.png,FETAL_PLANES_DB,head,Fetal brain,Trans-cerebellum,1100,train,Other
Patient01100_Plane4_1_of_1.png,FETAL_PLANES_DB,not head,Maternal cervix,,1100,train,Other
Patient01100_Plane5_1_of_1.png,FETAL_PLANES_DB,not head,Fetal femur,,1100,train,Other
Patient01100_Plane6_1_of_1.png,FETAL_PLANES_DB,not head,Fetal thorax,,1100,train,Other
Patient01101_Plane2_1_of_1.png,FETAL_PLANES_DB,not head,Fetal abdomen,,1101,train,Voluson E6
Patient01101_Plane3_1_of_3.png,FETAL_PLANES_DB,head,Fetal brain,Trans-thalamic,1101,train,Voluson E6
Patient01101_Plane3_2_of_3.png,FETAL_PLANES_DB,head,Fetal brain,Trans-ventricular,1101,train,Voluson E6
Patient01101_Plane3_3_of_3.png,FETAL_PLANES_DB,head,Fetal brain,Trans-cerebellum,1101,train,Voluson E6
Patient01101_Plane4_1_of_4.png,FETAL_PLANES_DB,not head,Maternal cervix,,1101,train,Voluson E6
Patient01101_Plane4_2_of_4.png,FETAL_PLANES_DB,not head,Maternal cervix,,1101,train,Voluson E6
Patient01101_Plane4_3_of_4.png,FETAL_PLANES_DB,not head,Maternal cervix,,1101,train,Voluson E6
Patient01101_Plane4_4_of_4.png,FETAL_PLANES_DB,not head,Maternal cervix,,1101,train,Voluson E6
Patient01101_Plane1_1_of_1.png,FETAL_PLANES_DB,not head,Other,,1101,train,Voluson E6
Patient01101_Plane6_1_of_1.png,FETAL_PLANES_DB,not head,Fetal thorax,,1101,train,Voluson E6
Patient01102_Plane3_1_of_2.png,FETAL_PLANES_DB,head,Fetal brain,Trans-thalamic,1102,train,Voluson E6
Patient01102_Plane3_2_of_2.png,FETAL_PLANES_DB,head,Fetal brain,Trans-cerebellum,1102,train,Voluson E6
Patient01102_Plane4_1_of_2.png,FETAL_PLANES_DB,not head,Maternal cervix,,1102,train,Voluson E6
Patient01102_Plane4_2_of_2.png,FETAL_PLANES_DB,not head,Maternal cervix,,1102,train,Voluson E6
Patient01102_Plane5_1_of_1.png,FETAL_PLANES_DB,not head,Fetal femur,,1102,train,Voluson E6
Patient01102_Plane1_1_of_1.png,FETAL_PLANES_DB,not head,Other,,1102,train,Voluson E6
Patient01102_Plane6_1_of_1.png,FETAL_PLANES_DB,not head,Fetal thorax,,1102,train,Voluson E6
Patient01103_Plane3_1_of_3.png,FETAL_PLANES_DB,head,Fetal brain,Trans-thalamic,1103,train,Voluson E6
Patient01103_Plane3_2_of_3.png,FETAL_PLANES_DB,head,Fetal brain,Trans-thalamic,1103,train,Voluson E6
Patient01103_Plane3_3_of_3.png,FETAL_PLANES_DB,head,Fetal brain,Trans-thalamic,1103,train,Voluson E6
Patient01104_Plane3_1_of_2.png,FETAL_PLANES_DB,head,Fetal brain,Trans-thalamic,1104,train,Voluson E6
Patient01104_Plane3_2_of_2.png,FETAL_PLANES_DB,head,Fetal brain,Trans-thalamic,1104,train,Voluson E6
Patient01105_Plane2_1_of_1.png,FETAL_PLANES_DB,not head,Fetal abdomen,,1105,train,Voluson E6
Patient01105_Plane3_1_of_5.png,FETAL_PLANES_DB,head,Fetal brain,Trans-thalamic,1105,train,Voluson E6
Patient01105_Plane3_2_of_5.png,FETAL_PLANES_DB,head,Fetal brain,Trans-cerebellum,1105,train,Voluson E6
Patient01105_Plane3_3_of_5.png,FETAL_PLANES_DB,head,Fetal brain,Trans-ventricular,1105,train,Voluson E6
Patient01105_Plane3_4_of_5.png,FETAL_PLANES_DB,head,Fetal brain,Other,1105,train,Voluson E6
Patient01105_Plane3_5_of_5.png,FETAL_PLANES_DB,head,Fetal brain,Other,1105,train,Voluson E6
Patient01105_Plane4_1_of_2.png,FETAL_PLANES_DB,not head,Maternal cervix,,1105,train,Voluson E6
Patient01105_Plane4_2_of_2.png,FETAL_PLANES_DB,not head,Maternal cervix,,1105,train,Voluson E6
Patient01105_Plane5_1_of_2.png,FETAL_PLANES_DB,not head,Fetal femur,,1105,train,Voluson E6
Patient01105_Plane5_2_of_2.png,FETAL_PLANES_DB,not head,Fetal femur,,1105,train,Voluson E6
Patient01105_Plane1_1_of_1.png,FETAL_PLANES_DB,not head,Other,,1105,train,Voluson E6
Patient01105_Plane6_1_of_1.png,FETAL_PLANES_DB,not head,Fetal thorax,,1105,train,Voluson E6
Patient01108_Plane3_1_of_1.png,FETAL_PLANES_DB,head,Fetal brain,Other,1108,train,Voluson E6
Patient01108_Plane4_1_of_2.png,FETAL_PLANES_DB,not head,Maternal cervix,,1108,train,Voluson E6
Patient01108_Plane4_2_of_2.png,FETAL_PLANES_DB,not head,Maternal cervix,,1108,train,Voluson E6
Patient01108_Plane5_1_of_1.png,FETAL_PLANES_DB,not head,Fetal femur,,1108,train,Voluson E6
Patient01109_Plane3_1_of_1.png,FETAL_PLANES_DB,head,Fetal brain,Trans-thalamic,1109,train,Voluson E6
Patient01110_Plane2_1_of_1.png,FETAL_PLANES_DB,not head,Fetal abdomen,,1110,train,Voluson E6
Patient01110_Plane3_1_of_4.png,FETAL_PLANES_DB,head,Fetal brain,Trans-thalamic,1110,train,Voluson E6
Patient01110_Plane3_2_of_4.png,FETAL_PLANES_DB,head,Fetal brain,Trans-cerebellum,1110,train,Voluson E6
Patient01110_Plane3_3_of_4.png,FETAL_PLANES_DB,head,Fetal brain,Trans-ventricular,1110,train,Voluson E6
Patient01110_Plane3_4_of_4.png,FETAL_PLANES_DB,head,Fetal brain,Trans-ventricular,1110,train,Voluson E6
Patient01110_Plane4_1_of_3.png,FETAL_PLANES_DB,not head,Maternal cervix,,1110,train,Voluson E6
Patient01110_Plane4_2_of_3.png,FETAL_PLANES_DB,not head,Maternal cervix,,1110,train,Voluson E6
Patient01110_Plane4_3_of_3.png,FETAL_PLANES_DB,not head,Maternal cervix,,1110,train,Voluson E6
Patient01110_Plane5_1_of_1.png,FETAL_PLANES_DB,not head,Fetal femur,,1110,train,Voluson E6
Patient01110_Plane1_1_of_1.png,FETAL_PLANES_DB,not head,Other,,1110,train,Voluson E6
Patient01110_Plane6_1_of_1.png,FETAL_PLANES_DB,not head,Fetal thorax,,1110,train,Voluson E6
Patient01111_Plane2_1_of_1.png,FETAL_PLANES_DB,not head,Fetal abdomen,,1111,train,Aloka
Patient01111_Plane3_1_of_3.png,FETAL_PLANES_DB,head,Fetal brain,Trans-ventricular,1111,train,Aloka
Patient01111_Plane3_2_of_3.png,FETAL_PLANES_DB,head,Fetal brain,Trans-cerebellum,1111,train,Aloka
Patient01111_Plane3_3_of_3.png,FETAL_PLANES_DB,head,Fetal brain,Trans-ventricular,1111,train,Aloka
Patient01111_Plane5_1_of_1.png,FETAL_PLANES_DB,not head,Fetal femur,,1111,train,Aloka
Patient01111_Plane6_1_of_1.png,FETAL_PLANES_DB,not head,Fetal thorax,,1111,train,Aloka
Patient01112_Plane2_1_of_1.png,FETAL_PLANES_DB,not head,Fetal abdomen,,1112,train,Aloka
Patient01112_Plane3_1_of_3.png,FETAL_PLANES_DB,head,Fetal brain,Trans-thalamic,1112,train,Aloka
Patient01112_Plane3_2_of_3.png,FETAL_PLANES_DB,head,Fetal brain,Trans-thalamic,1112,train,Aloka
Patient01112_Plane3_3_of_3.png,FETAL_PLANES_DB,head,Fetal brain,Trans-thalamic,1112,train,Aloka
Patient01112_Plane4_1_of_5.png,FETAL_PLANES_DB,not head,Maternal cervix,,1112,train,Aloka
Patient01112_Plane4_2_of_5.png,FETAL_PLANES_DB,not head,Maternal cervix,,1112,train,Aloka
Patient01112_Plane4_3_of_5.png,FETAL_PLANES_DB,not head,Maternal cervix,,1112,train,Aloka
Patient01112_Plane4_4_of_5.png,FETAL_PLANES_DB,not head,Maternal cervix,,1112,train,Aloka
Patient01112_Plane4_5_of_5.png,FETAL_PLANES_DB,not head,Maternal cervix,,1112,train,Aloka
Patient01112_Plane5_1_of_2.png,FETAL_PLANES_DB,not head,Fetal femur,,1112,train,Aloka
Patient01112_Plane5_2_of_2.png,FETAL_PLANES_DB,not head,Fetal femur,,1112,train,Aloka
Patient01112_Plane1_1_of_1.png,FETAL_PLANES_DB,not head,Other,,1112,train,Aloka
Patient01112_Plane6_1_of_2.png,FETAL_PLANES_DB,not head,Fetal thorax,,1112,train,Aloka
Patient01112_Plane6_2_of_2.png,FETAL_PLANES_DB,not head,Fetal thorax,,1112,train,Aloka
Patient01113_Plane3_1_of_1.png,FETAL_PLANES_DB,head,Fetal brain,Trans-thalamic,1113,train,Aloka
Patient01113_Plane4_1_of_5.png,FETAL_PLANES_DB,not head,Maternal cervix,,1113,train,Aloka
Patient01113_Plane4_2_of_5.png,FETAL_PLANES_DB,not head,Maternal cervix,,1113,train,Aloka
Patient01113_Plane4_3_of_5.png,FETAL_PLANES_DB,not head,Maternal cervix,,1113,train,Aloka
Patient01113_Plane4_4_of_5.png,FETAL_PLANES_DB,not head,Maternal cervix,,1113,train,Aloka
Patient01113_Plane4_5_of_5.png,FETAL_PLANES_DB,not head,Maternal cervix,,1113,train,Aloka
Patient01113_Plane5_1_of_2.png,FETAL_PLANES_DB,not head,Fetal femur,,1113,train,Aloka
Patient01113_Plane5_2_of_2.png,FETAL_PLANES_DB,not head,Fetal femur,,1113,train,Aloka
Patient01113_Plane6_1_of_1.png,FETAL_PLANES_DB,not head,Fetal thorax,,1113,train,Aloka
Patient01118_Plane2_1_of_2.png,FETAL_PLANES_DB,not head,Fetal abdomen,,1118,train,Voluson E6
Patient01118_Plane2_2_of_2.png,FETAL_PLANES_DB,not head,Fetal abdomen,,1118,train,Voluson E6
Patient01118_Plane3_1_of_6.png,FETAL_PLANES_DB,head,Fetal brain,Trans-thalamic,1118,train,Voluson E6
Patient01118_Plane3_2_of_6.png,FETAL_PLANES_DB,head,Fetal brain,Trans-ventricular,1118,train,Voluson E6
Patient01118_Plane3_3_of_6.png,FETAL_PLANES_DB,head,Fetal brain,Trans-cerebellum,1118,train,Voluson E6
Patient01118_Plane3_4_of_6.png,FETAL_PLANES_DB,head,Fetal brain,Trans-ventricular,1118,train,Voluson E6
Patient01118_Plane3_5_of_6.png,FETAL_PLANES_DB,head,Fetal brain,Trans-ventricular,1118,train,Voluson E6
Patient01118_Plane3_6_of_6.png,FETAL_PLANES_DB,head,Fetal brain,Trans-cerebellum,1118,train,Voluson E6
Patient01118_Plane4_1_of_1.png,FETAL_PLANES_DB,not head,Maternal cervix,,1118,train,Voluson E6
Patient01118_Plane5_1_of_3.png,FETAL_PLANES_DB,not head,Fetal femur,,1118,train,Voluson E6
Patient01118_Plane5_2_of_3.png,FETAL_PLANES_DB,not head,Fetal femur,,1118,train,Voluson E6
Patient01118_Plane5_3_of_3.png,FETAL_PLANES_DB,not head,Fetal femur,,1118,train,Voluson E6
Patient01118_Plane1_1_of_1.png,FETAL_PLANES_DB,not head,Other,,1118,train,Voluson E6
Patient01118_Plane6_1_of_5.png,FETAL_PLANES_DB,not head,Fetal thorax,,1118,train,Voluson E6
Patient01118_Plane6_2_of_5.png,FETAL_PLANES_DB,not head,Fetal thorax,,1118,train,Voluson E6
Patient01118_Plane6_3_of_5.png,FETAL_PLANES_DB,not head,Fetal thorax,,1118,train,Voluson E6
Patient01118_Plane6_4_of_5.png,FETAL_PLANES_DB,not head,Fetal thorax,,1118,train,Voluson E6
Patient01118_Plane6_5_of_5.png,FETAL_PLANES_DB,not head,Fetal thorax,,1118,train,Voluson E6
Patient01119_Plane3_1_of_2.png,FETAL_PLANES_DB,head,Fetal brain,Trans-thalamic,1119,train,Voluson E6
Patient01119_Plane3_2_of_2.png,FETAL_PLANES_DB,head,Fetal brain,Trans-thalamic,1119,train,Voluson E6
Patient01119_Plane1_1_of_1.png,FETAL_PLANES_DB,not head,Other,,1119,train,Voluson E6
Patient01120_Plane2_1_of_1.png,FETAL_PLANES_DB,not head,Fetal abdomen,,1120,train,Voluson E6
Patient01120_Plane3_1_of_3.png,FETAL_PLANES_DB,head,Fetal brain,Trans-thalamic,1120,train,Voluson E6
Patient01120_Plane3_2_of_3.png,FETAL_PLANES_DB,head,Fetal brain,Trans-cerebellum,1120,train,Voluson E6
Patient01120_Plane3_3_of_3.png,FETAL_PLANES_DB,head,Fetal brain,Trans-ventricular,1120,train,Voluson E6
Patient01120_Plane4_1_of_2.png,FETAL_PLANES_DB,not head,Maternal cervix,,1120,train,Voluson E6
Patient01120_Plane4_2_of_2.png,FETAL_PLANES_DB,not head,Maternal cervix,,1120,train,Voluson E6
Patient01120_Plane5_1_of_1.png,FETAL_PLANES_DB,not head,Fetal femur,,1120,train,Voluson E6
Patient01120_Plane1_1_of_1.png,FETAL_PLANES_DB,not head,Other,,1120,train,Voluson E6
Patient01120_Plane6_1_of_1.png,FETAL_PLANES_DB,not head,Fetal thorax,,1120,train,Voluson E6
Patient01123_Plane2_1_of_1.png,FETAL_PLANES_DB,not head,Fetal abdomen,,1123,train,Voluson E6
Patient01123_Plane3_1_of_4.png,FETAL_PLANES_DB,head,Fetal brain,Trans-thalamic,1123,train,Voluson E6
Patient01123_Plane3_2_of_4.png,FETAL_PLANES_DB,head,Fetal brain,Trans-cerebellum,1123,train,Voluson E6
Patient01123_Plane3_3_of_4.png,FETAL_PLANES_DB,head,Fetal brain,Trans-thalamic,1123,train,Voluson E6
Patient01123_Plane3_4_of_4.png,FETAL_PLANES_DB,head,Fetal brain,Trans-ventricular,1123,train,Voluson E6
Patient01123_Plane1_1_of_1.png,FETAL_PLANES_DB,not head,Other,,1123,train,Voluson E6
Patient01125_Plane3_1_of_2.png,FETAL_PLANES_DB,head,Fetal brain,Trans-thalamic,1125,train,Voluson E6
Patient01125_Plane3_2_of_2.png,FETAL_PLANES_DB,head,Fetal brain,Trans-thalamic,1125,train,Voluson E6
Patient01126_Plane2_1_of_1.png,FETAL_PLANES_DB,not head,Fetal abdomen,,1126,train,Voluson E6
Patient01126_Plane3_1_of_5.png,FETAL_PLANES_DB,head,Fetal brain,Trans-cerebellum,1126,train,Voluson E6
Patient01126_Plane3_2_of_5.png,FETAL_PLANES_DB,head,Fetal brain,Trans-ventricular,1126,train,Voluson E6
Patient01126_Plane3_3_of_5.png,FETAL_PLANES_DB,head,Fetal brain,Trans-thalamic,1126,train,Voluson E6
Patient01126_Plane3_4_of_5.png,FETAL_PLANES_DB,head,Fetal brain,Trans-ventricular,1126,train,Voluson E6
Patient01126_Plane3_5_of_5.png,FETAL_PLANES_DB,head,Fetal brain,Trans-cerebellum,1126,train,Voluson E6
Patient01126_Plane4_1_of_2.png,FETAL_PLANES_DB,not head,Maternal cervix,,1126,train,Voluson E6
Patient01126_Plane4_2_of_2.png,FETAL_PLANES_DB,not head,Maternal cervix,,1126,train,Voluson E6
Patient01126_Plane5_1_of_1.png,FETAL_PLANES_DB,not head,Fetal femur,,1126,train,Voluson E6
Patient01126_Plane1_1_of_1.png,FETAL_PLANES_DB,not head,Other,,1126,train,Voluson E6
Patient01126_Plane6_1_of_1.png,FETAL_PLANES_DB,not head,Fetal thorax,,1126,train,Voluson E6
Patient01127_Plane3_1_of_3.png,FETAL_PLANES_DB,head,Fetal brain,Trans-thalamic,1127,train,Voluson E6
Patient01127_Plane3_2_of_3.png,FETAL_PLANES_DB,head,Fetal brain,Trans-cerebellum,1127,train,Voluson E6
Patient01127_Plane3_3_of_3.png,FETAL_PLANES_DB,head,Fetal brain,Trans-ventricular,1127,train,Voluson E6
Patient01127_Plane4_1_of_5.png,FETAL_PLANES_DB,not head,Maternal cervix,,1127,train,Voluson E6
Patient01127_Plane4_2_of_5.png,FETAL_PLANES_DB,not head,Maternal cervix,,1127,train,Voluson E6
Patient01127_Plane4_3_of_5.png,FETAL_PLANES_DB,not head,Maternal cervix,,1127,train,Voluson E6
Patient01127_Plane4_4_of_5.png,FETAL_PLANES_DB,not head,Maternal cervix,,1127,train,Voluson E6
Patient01127_Plane4_5_of_5.png,FETAL_PLANES_DB,not head,Maternal cervix,,1127,train,Voluson E6
Patient01127_Plane5_1_of_2.png,FETAL_PLANES_DB,not head,Fetal femur,,1127,train,Voluson E6
Patient01127_Plane5_2_of_2.png,FETAL_PLANES_DB,not head,Fetal femur,,1127,train,Voluson E6
Patient01127_Plane1_1_of_1.png,FETAL_PLANES_DB,not head,Other,,1127,train,Voluson E6
Patient01130_Plane2_1_of_1.png,FETAL_PLANES_DB,not head,Fetal abdomen,,1130,train,Aloka
Patient01130_Plane3_1_of_2.png,FETAL_PLANES_DB,head,Fetal brain,Trans-ventricular,1130,train,Aloka
Patient01130_Plane3_2_of_2.png,FETAL_PLANES_DB,head,Fetal brain,Trans-cerebellum,1130,train,Aloka
Patient01130_Plane4_1_of_6.png,FETAL_PLANES_DB,not head,Maternal cervix,,1130,train,Aloka
Patient01130_Plane4_2_of_6.png,FETAL_PLANES_DB,not head,Maternal cervix,,1130,train,Aloka
Patient01130_Plane4_3_of_6.png,FETAL_PLANES_DB,not head,Maternal cervix,,1130,train,Aloka
Patient01130_Plane4_4_of_6.png,FETAL_PLANES_DB,not head,Maternal cervix,,1130,train,Aloka
Patient01130_Plane4_5_of_6.png,FETAL_PLANES_DB,not head,Maternal cervix,,1130,train,Aloka
Patient01130_Plane4_6_of_6.png,FETAL_PLANES_DB,not head,Maternal cervix,,1130,train,Aloka
Patient01130_Plane5_1_of_4.png,FETAL_PLANES_DB,not head,Fetal femur,,1130,train,Aloka
Patient01130_Plane5_2_of_4.png,FETAL_PLANES_DB,not head,Fetal femur,,1130,train,Aloka
Patient01130_Plane5_3_of_4.png,FETAL_PLANES_DB,not head,Fetal femur,,1130,train,Aloka
Patient01130_Plane5_4_of_4.png,FETAL_PLANES_DB,not head,Fetal femur,,1130,train,Aloka
Patient01130_Plane1_1_of_1.png,FETAL_PLANES_DB,not head,Other,,1130,train,Aloka
Patient01130_Plane6_1_of_2.png,FETAL_PLANES_DB,not head,Fetal thorax,,1130,train,Aloka
Patient01130_Plane6_2_of_2.png,FETAL_PLANES_DB,not head,Fetal thorax,,1130,train,Aloka
Patient01131_Plane3_1_of_1.png,FETAL_PLANES_DB,head,Fetal brain,Trans-cerebellum,1131,train,Aloka
Patient01131_Plane5_1_of_1.png,FETAL_PLANES_DB,not head,Fetal femur,,1131,train,Aloka
Patient01131_Plane1_1_of_1.png,FETAL_PLANES_DB,not head,Other,,1131,train,Aloka
Patient01131_Plane6_1_of_1.png,FETAL_PLANES_DB,not head,Fetal thorax,,1131,train,Aloka
Patient01133_Plane3_1_of_3.png,FETAL_PLANES_DB,head,Fetal brain,Trans-thalamic,1133,train,Voluson E6
Patient01133_Plane3_2_of_3.png,FETAL_PLANES_DB,head,Fetal brain,Trans-thalamic,1133,train,Voluson E6
Patient01133_Plane3_3_of_3.png,FETAL_PLANES_DB,head,Fetal brain,Trans-cerebellum,1133,train,Voluson E6
Patient01133_Plane5_1_of_1.png,FETAL_PLANES_DB,not head,Fetal femur,,1133,train,Voluson E6
Patient01133_Plane6_1_of_1.png,FETAL_PLANES_DB,not head,Fetal thorax,,1133,train,Voluson E6
Patient01134_Plane3_1_of_3.png,FETAL_PLANES_DB,head,Fetal brain,Trans-thalamic,1134,train,Voluson E6
Patient01134_Plane3_2_of_3.png,FETAL_PLANES_DB,head,Fetal brain,Trans-cerebellum,1134,train,Voluson E6
Patient01134_Plane3_3_of_3.png,FETAL_PLANES_DB,head,Fetal brain,Trans-ventricular,1134,train,Voluson E6
Patient01134_Plane6_1_of_1.png,FETAL_PLANES_DB,not head,Fetal thorax,,1134,train,Voluson E6
Patient01135_Plane3_1_of_3.png,FETAL_PLANES_DB,head,Fetal brain,Trans-thalamic,1135,train,Voluson E6
Patient01135_Plane3_2_of_3.png,FETAL_PLANES_DB,head,Fetal brain,Trans-ventricular,1135,train,Voluson E6
Patient01135_Plane3_3_of_3.png,FETAL_PLANES_DB,head,Fetal brain,Trans-thalamic,1135,train,Voluson E6
Patient01135_Plane5_1_of_1.png,FETAL_PLANES_DB,not head,Fetal femur,,1135,train,Voluson E6
Patient01135_Plane6_1_of_1.png,FETAL_PLANES_DB,not head,Fetal thorax,,1135,train,Voluson E6
Patient01137_Plane2_1_of_2.png,FETAL_PLANES_DB,not head,Fetal abdomen,,1137,train,Voluson E6
Patient01137_Plane2_2_of_2.png,FETAL_PLANES_DB,not head,Fetal abdomen,,1137,train,Voluson E6
Patient01137_Plane3_1_of_8.png,FETAL_PLANES_DB,head,Fetal brain,Trans-thalamic,1137,train,Voluson E6
Patient01137_Plane3_2_of_8.png,FETAL_PLANES_DB,head,Fetal brain,Trans-cerebellum,1137,train,Voluson E6
Patient01137_Plane3_3_of_8.png,FETAL_PLANES_DB,head,Fetal brain,Trans-thalamic,1137,train,Voluson E6
Patient01137_Plane3_4_of_8.png,FETAL_PLANES_DB,head,Fetal brain,Trans-thalamic,1137,train,Voluson E6
Patient01137_Plane3_5_of_8.png,FETAL_PLANES_DB,head,Fetal brain,Trans-thalamic,1137,train,Voluson E6
Patient01137_Plane3_6_of_8.png,FETAL_PLANES_DB,head,Fetal brain,Trans-thalamic,1137,train,Voluson E6
Patient01137_Plane3_7_of_8.png,FETAL_PLANES_DB,head,Fetal brain,Trans-ventricular,1137,train,Voluson E6
Patient01137_Plane3_8_of_8.png,FETAL_PLANES_DB,head,Fetal brain,Trans-thalamic,1137,train,Voluson E6
Patient01137_Plane4_1_of_6.png,FETAL_PLANES_DB,not head,Maternal cervix,,1137,train,Voluson E6
Patient01137_Plane4_2_of_6.png,FETAL_PLANES_DB,not head,Maternal cervix,,1137,train,Voluson E6
Patient01137_Plane4_3_of_6.png,FETAL_PLANES_DB,not head,Maternal cervix,,1137,train,Voluson E6
Patient01137_Plane4_4_of_6.png,FETAL_PLANES_DB,not head,Maternal cervix,,1137,train,Voluson E6
Patient01137_Plane4_5_of_6.png,FETAL_PLANES_DB,not head,Maternal cervix,,1137,train,Voluson E6
Patient01137_Plane4_6_of_6.png,FETAL_PLANES_DB,not head,Maternal cervix,,1137,train,Voluson E6
Patient01137_Plane5_1_of_2.png,FETAL_PLANES_DB,not head,Fetal femur,,1137,train,Voluson E6
Patient01137_Plane5_2_of_2.png,FETAL_PLANES_DB,not head,Fetal femur,,1137,train,Voluson E6
Patient01137_Plane1_1_of_1.png,FETAL_PLANES_DB,not head,Other,,1137,train,Voluson E6
Patient01137_Plane6_1_of_5.png,FETAL_PLANES_DB,not head,Fetal thorax,,1137,train,Voluson E6
Patient01137_Plane6_2_of_5.png,FETAL_PLANES_DB,not head,Fetal thorax,,1137,train,Voluson E6
Patient01137_Plane6_3_of_5.png,FETAL_PLANES_DB,not head,Fetal thorax,,1137,train,Voluson E6
Patient01137_Plane6_4_of_5.png,FETAL_PLANES_DB,not head,Fetal thorax,,1137,train,Voluson E6
Patient01137_Plane6_5_of_5.png,FETAL_PLANES_DB,not head,Fetal thorax,,1137,train,Voluson E6
Patient01138_Plane6_1_of_2.png,FETAL_PLANES_DB,not head,Fetal thorax,,1138,train,Voluson E6
Patient01138_Plane6_2_of_2.png,FETAL_PLANES_DB,not head,Fetal thorax,,1138,train,Voluson E6
Patient01141_Plane2_1_of_2.png,FETAL_PLANES_DB,not head,Fetal abdomen,,1141,train,Aloka
Patient01141_Plane2_2_of_2.png,FETAL_PLANES_DB,not head,Fetal abdomen,,1141,train,Aloka
Patient01141_Plane3_1_of_3.png,FETAL_PLANES_DB,head,Fetal brain,Trans-thalamic,1141,train,Aloka
Patient01141_Plane3_2_of_3.png,FETAL_PLANES_DB,head,Fetal brain,Other,1141,train,Aloka
Patient01141_Plane3_3_of_3.png,FETAL_PLANES_DB,head,Fetal brain,Trans-thalamic,1141,train,Aloka
Patient01141_Plane5_1_of_1.png,FETAL_PLANES_DB,not head,Fetal femur,,1141,train,Aloka
Patient01143_Plane3_1_of_2.png,FETAL_PLANES_DB,head,Fetal brain,Trans-thalamic,1143,train,Voluson E6
Patient01143_Plane3_2_of_2.png,FETAL_PLANES_DB,head,Fetal brain,Trans-cerebellum,1143,train,Voluson E6
Patient01144_Plane2_1_of_1.png,FETAL_PLANES_DB,not head,Fetal abdomen,,1144,train,Voluson E6
Patient01144_Plane3_1_of_2.png,FETAL_PLANES_DB,head,Fetal brain,Trans-thalamic,1144,train,Voluson E6
Patient01144_Plane3_2_of_2.png,FETAL_PLANES_DB,head,Fetal brain,Trans-ventricular,1144,train,Voluson E6
Patient01144_Plane4_1_of_4.png,FETAL_PLANES_DB,not head,Maternal cervix,,1144,train,Voluson E6
Patient01144_Plane4_2_of_4.png,FETAL_PLANES_DB,not head,Maternal cervix,,1144,train,Voluson E6
Patient01144_Plane4_3_of_4.png,FETAL_PLANES_DB,not head,Maternal cervix,,1144,train,Voluson E6
Patient01144_Plane4_4_of_4.png,FETAL_PLANES_DB,not head,Maternal cervix,,1144,train,Voluson E6
Patient01144_Plane5_1_of_1.png,FETAL_PLANES_DB,not head,Fetal femur,,1144,train,Voluson E6
Patient01144_Plane1_1_of_1.png,FETAL_PLANES_DB,not head,Other,,1144,train,Voluson E6
Patient01144_Plane6_1_of_1.png,FETAL_PLANES_DB,not head,Fetal thorax,,1144,train,Voluson E6
Patient01145_Plane2_1_of_2.png,FETAL_PLANES_DB,not head,Fetal abdomen,,1145,train,Voluson E6
Patient01145_Plane2_2_of_2.png,FETAL_PLANES_DB,not head,Fetal abdomen,,1145,train,Voluson E6
Patient01145_Plane3_1_of_1.png,FETAL_PLANES_DB,head,Fetal brain,Trans-cerebellum,1145,train,Voluson E6
Patient01145_Plane5_1_of_2.png,FETAL_PLANES_DB,not head,Fetal femur,,1145,train,Voluson E6
Patient01145_Plane5_2_of_2.png,FETAL_PLANES_DB,not head,Fetal femur,,1145,train,Voluson E6
Patient01145_Plane1_1_of_1.png,FETAL_PLANES_DB,not head,Other,,1145,train,Voluson E6
Patient01145_Plane6_1_of_1.png,FETAL_PLANES_DB,not head,Fetal thorax,,1145,train,Voluson E6
Patient01147_Plane2_1_of_1.png,FETAL_PLANES_DB,not head,Fetal abdomen,,1147,train,Voluson E6
Patient01147_Plane4_1_of_2.png,FETAL_PLANES_DB,not head,Maternal cervix,,1147,train,Voluson E6
Patient01147_Plane4_2_of_2.png,FETAL_PLANES_DB,not head,Maternal cervix,,1147,train,Voluson E6
Patient01147_Plane5_1_of_1.png,FETAL_PLANES_DB,not head,Fetal femur,,1147,train,Voluson E6
Patient01147_Plane1_1_of_1.png,FETAL_PLANES_DB,not head,Other,,1147,train,Voluson E6
Patient01150_Plane2_1_of_1.png,FETAL_PLANES_DB,not head,Fetal abdomen,,1150,train,Aloka
Patient01150_Plane3_1_of_3.png,FETAL_PLANES_DB,head,Fetal brain,Trans-ventricular,1150,train,Aloka
Patient01150_Plane3_2_of_3.png,FETAL_PLANES_DB,head,Fetal brain,Trans-ventricular,1150,train,Aloka
Patient01150_Plane3_3_of_3.png,FETAL_PLANES_DB,head,Fetal brain,Trans-cerebellum,1150,train,Aloka
Patient01150_Plane5_1_of_1.png,FETAL_PLANES_DB,not head,Fetal femur,,1150,train,Aloka
Patient01151_Plane2_1_of_2.png,FETAL_PLANES_DB,not head,Fetal abdomen,,1151,train,Voluson E6
Patient01151_Plane2_2_of_2.png,FETAL_PLANES_DB,not head,Fetal abdomen,,1151,train,Voluson E6
Patient01151_Plane3_1_of_13.png,FETAL_PLANES_DB,head,Fetal brain,Trans-thalamic,1151,train,Voluson E6
Patient01151_Plane3_2_of_13.png,FETAL_PLANES_DB,head,Fetal brain,Trans-cerebellum,1151,train,Voluson E6
Patient01151_Plane3_3_of_13.png,FETAL_PLANES_DB,head,Fetal brain,Trans-cerebellum,1151,train,Voluson E6
Patient01151_Plane3_4_of_13.png,FETAL_PLANES_DB,head,Fetal brain,Trans-thalamic,1151,train,Voluson E6
Patient01151_Plane3_5_of_13.png,FETAL_PLANES_DB,head,Fetal brain,Trans-thalamic,1151,train,Voluson E6
Patient01151_Plane3_6_of_13.png,FETAL_PLANES_DB,head,Fetal brain,Trans-thalamic,1151,train,Voluson E6
Patient01151_Plane3_7_of_13.png,FETAL_PLANES_DB,head,Fetal brain,Trans-ventricular,1151,train,Voluson E6
Patient01151_Plane3_8_of_13.png,FETAL_PLANES_DB,head,Fetal brain,Trans-cerebellum,1151,train,Voluson E6
Patient01151_Plane3_9_of_13.png,FETAL_PLANES_DB,head,Fetal brain,Trans-cerebellum,1151,train,Voluson E6
Patient01151_Plane3_10_of_13.png,FETAL_PLANES_DB,head,Fetal brain,Trans-thalamic,1151,train,Voluson E6
Patient01151_Plane3_11_of_13.png,FETAL_PLANES_DB,head,Fetal brain,Trans-thalamic,1151,train,Voluson E6
Patient01151_Plane3_12_of_13.png,FETAL_PLANES_DB,head,Fetal brain,Trans-thalamic,1151,train,Voluson E6
Patient01151_Plane3_13_of_13.png,FETAL_PLANES_DB,head,Fetal brain,Trans-ventricular,1151,train,Voluson E6
Patient01151_Plane5_1_of_4.png,FETAL_PLANES_DB,not head,Fetal femur,,1151,train,Voluson E6
Patient01151_Plane5_2_of_4.png,FETAL_PLANES_DB,not head,Fetal femur,,1151,train,Voluson E6
Patient01151_Plane5_3_of_4.png,FETAL_PLANES_DB,not head,Fetal femur,,1151,train,Voluson E6
Patient01151_Plane5_4_of_4.png,FETAL_PLANES_DB,not head,Fetal femur,,1151,train,Voluson E6
Patient01151_Plane1_1_of_1.png,FETAL_PLANES_DB,not head,Other,,1151,train,Voluson E6
Patient01151_Plane6_1_of_3.png,FETAL_PLANES_DB,not head,Fetal thorax,,1151,train,Voluson E6
Patient01151_Plane6_2_of_3.png,FETAL_PLANES_DB,not head,Fetal thorax,,1151,train,Voluson E6
Patient01151_Plane6_3_of_3.png,FETAL_PLANES_DB,not head,Fetal thorax,,1151,train,Voluson E6
Patient01152_Plane3_1_of_3.png,FETAL_PLANES_DB,head,Fetal brain,Trans-ventricular,1152,train,Voluson E6
Patient01152_Plane3_2_of_3.png,FETAL_PLANES_DB,head,Fetal brain,Trans-ventricular,1152,train,Voluson E6
Patient01152_Plane3_3_of_3.png,FETAL_PLANES_DB,head,Fetal brain,Trans-cerebellum,1152,train,Voluson E6
Patient01153_Plane3_1_of_1.png,FETAL_PLANES_DB,head,Fetal brain,Trans-thalamic,1153,train,Voluson E6
Patient01153_Plane5_1_of_1.png,FETAL_PLANES_DB,not head,Fetal femur,,1153,train,Voluson E6
Patient01153_Plane1_1_of_1.png,FETAL_PLANES_DB,not head,Other,,1153,train,Voluson E6
Patient01153_Plane6_1_of_1.png,FETAL_PLANES_DB,not head,Fetal thorax,,1153,train,Voluson E6
Patient01154_Plane3_1_of_3.png,FETAL_PLANES_DB,head,Fetal brain,Trans-cerebellum,1154,train,Voluson E6
Patient01154_Plane3_2_of_3.png,FETAL_PLANES_DB,head,Fetal brain,Trans-thalamic,1154,train,Voluson E6
Patient01154_Plane3_3_of_3.png,FETAL_PLANES_DB,head,Fetal brain,Trans-thalamic,1154,train,Voluson E6
Patient01154_Plane4_1_of_5.png,FETAL_PLANES_DB,not head,Maternal cervix,,1154,train,Voluson E6
Patient01154_Plane4_2_of_5.png,FETAL_PLANES_DB,not head,Maternal cervix,,1154,train,Voluson E6
Patient01154_Plane4_3_of_5.png,FETAL_PLANES_DB,not head,Maternal cervix,,1154,train,Voluson E6
Patient01154_Plane4_4_of_5.png,FETAL_PLANES_DB,not head,Maternal cervix,,1154,train,Voluson E6
Patient01154_Plane4_5_of_5.png,FETAL_PLANES_DB,not head,Maternal cervix,,1154,train,Voluson E6
Patient01154_Plane5_1_of_1.png,FETAL_PLANES_DB,not head,Fetal femur,,1154,train,Voluson E6
Patient01154_Plane1_1_of_1.png,FETAL_PLANES_DB,not head,Other,,1154,train,Voluson E6
Patient01156_Plane2_1_of_1.png,FETAL_PLANES_DB,not head,Fetal abdomen,,1156,train,Voluson E6
Patient01156_Plane3_1_of_5.png,FETAL_PLANES_DB,head,Fetal brain,Trans-ventricular,1156,train,Voluson E6
Patient01156_Plane3_2_of_5.png,FETAL_PLANES_DB,head,Fetal brain,Trans-thalamic,1156,train,Voluson E6
Patient01156_Plane3_3_of_5.png,FETAL_PLANES_DB,head,Fetal brain,Trans-thalamic,1156,train,Voluson E6
Patient01156_Plane3_4_of_5.png,FETAL_PLANES_DB,head,Fetal brain,Trans-thalamic,1156,train,Voluson E6
Patient01156_Plane3_5_of_5.png,FETAL_PLANES_DB,head,Fetal brain,Trans-ventricular,1156,train,Voluson E6
Patient01156_Plane4_1_of_3.png,FETAL_PLANES_DB,not head,Maternal cervix,,1156,train,Voluson E6
Patient01156_Plane4_2_of_3.png,FETAL_PLANES_DB,not head,Maternal cervix,,1156,train,Voluson E6
Patient01156_Plane4_3_of_3.png,FETAL_PLANES_DB,not head,Maternal cervix,,1156,train,Voluson E6
Patient01156_Plane5_1_of_2.png,FETAL_PLANES_DB,not head,Fetal femur,,1156,train,Voluson E6
Patient01156_Plane5_2_of_2.png,FETAL_PLANES_DB,not head,Fetal femur,,1156,train,Voluson E6
Patient01156_Plane1_1_of_1.png,FETAL_PLANES_DB,not head,Other,,1156,train,Voluson E6
Patient01156_Plane6_1_of_1.png,FETAL_PLANES_DB,not head,Fetal thorax,,1156,train,Voluson E6
Patient01157_Plane2_1_of_1.png,FETAL_PLANES_DB,not head,Fetal abdomen,,1157,train,Voluson E6
Patient01157_Plane3_1_of_2.png,FETAL_PLANES_DB,head,Fetal brain,Trans-thalamic,1157,train,Voluson E6
Patient01157_Plane3_2_of_2.png,FETAL_PLANES_DB,head,Fetal brain,Trans-thalamic,1157,train,Voluson E6
Patient01157_Plane4_1_of_3.png,FETAL_PLANES_DB,not head,Maternal cervix,,1157,train,Voluson E6
Patient01157_Plane4_2_of_3.png,FETAL_PLANES_DB,not head,Maternal cervix,,1157,train,Voluson E6
Patient01157_Plane4_3_of_3.png,FETAL_PLANES_DB,not head,Maternal cervix,,1157,train,Voluson E6
Patient01157_Plane5_1_of_1.png,FETAL_PLANES_DB,not head,Fetal femur,,1157,train,Voluson E6
Patient01157_Plane6_1_of_1.png,FETAL_PLANES_DB,not head,Fetal thorax,,1157,train,Voluson E6
Patient01158_Plane2_1_of_1.png,FETAL_PLANES_DB,not head,Fetal abdomen,,1158,train,Voluson E6
Patient01158_Plane3_1_of_5.png,FETAL_PLANES_DB,head,Fetal brain,Trans-thalamic,1158,train,Voluson E6
Patient01158_Plane3_2_of_5.png,FETAL_PLANES_DB,head,Fetal brain,Trans-thalamic,1158,train,Voluson E6
Patient01158_Plane3_3_of_5.png,FETAL_PLANES_DB,head,Fetal brain,Trans-thalamic,1158,train,Voluson E6
Patient01158_Plane3_4_of_5.png,FETAL_PLANES_DB,head,Fetal brain,Other,1158,train,Voluson E6
Patient01158_Plane3_5_of_5.png,FETAL_PLANES_DB,head,Fetal brain,Trans-thalamic,1158,train,Voluson E6
Patient01158_Plane6_1_of_1.png,FETAL_PLANES_DB,not head,Fetal thorax,,1158,train,Voluson E6
Patient01159_Plane2_1_of_1.png,FETAL_PLANES_DB,not head,Fetal abdomen,,1159,train,Voluson E6
Patient01159_Plane3_1_of_3.png,FETAL_PLANES_DB,head,Fetal brain,Trans-thalamic,1159,train,Voluson E6
Patient01159_Plane3_2_of_3.png,FETAL_PLANES_DB,head,Fetal brain,Trans-thalamic,1159,train,Voluson E6
Patient01159_Plane3_3_of_3.png,FETAL_PLANES_DB,head,Fetal brain,Trans-thalamic,1159,train,Voluson E6
Patient01159_Plane5_1_of_1.png,FETAL_PLANES_DB,not head,Fetal femur,,1159,train,Voluson E6
Patient01159_Plane1_1_of_1.png,FETAL_PLANES_DB,not head,Other,,1159,train,Voluson E6
Patient01159_Plane6_1_of_2.png,FETAL_PLANES_DB,not head,Fetal thorax,,1159,train,Voluson E6
Patient01159_Plane6_2_of_2.png,FETAL_PLANES_DB,not head,Fetal thorax,,1159,train,Voluson E6
Patient01160_Plane2_1_of_1.png,FETAL_PLANES_DB,not head,Fetal abdomen,,1160,train,Voluson E6
Patient01160_Plane3_1_of_4.png,FETAL_PLANES_DB,head,Fetal brain,Trans-thalamic,1160,train,Voluson E6
Patient01160_Plane3_2_of_4.png,FETAL_PLANES_DB,head,Fetal brain,Trans-cerebellum,1160,train,Voluson E6
Patient01160_Plane3_3_of_4.png,FETAL_PLANES_DB,head,Fetal brain,Trans-ventricular,1160,train,Voluson E6
Patient01160_Plane3_4_of_4.png,FETAL_PLANES_DB,head,Fetal brain,Trans-thalamic,1160,train,Voluson E6
Patient01160_Plane4_1_of_2.png,FETAL_PLANES_DB,not head,Maternal cervix,,1160,train,Voluson E6
Patient01160_Plane4_2_of_2.png,FETAL_PLANES_DB,not head,Maternal cervix,,1160,train,Voluson E6
Patient01160_Plane5_1_of_2.png,FETAL_PLANES_DB,not head,Fetal femur,,1160,train,Voluson E6
Patient01160_Plane5_2_of_2.png,FETAL_PLANES_DB,not head,Fetal femur,,1160,train,Voluson E6
Patient01160_Plane1_1_of_1.png,FETAL_PLANES_DB,not head,Other,,1160,train,Voluson E6
Patient01160_Plane6_1_of_2.png,FETAL_PLANES_DB,not head,Fetal thorax,,1160,train,Voluson E6
Patient01160_Plane6_2_of_2.png,FETAL_PLANES_DB,not head,Fetal thorax,,1160,train,Voluson E6
Patient01162_Plane2_1_of_1.png,FETAL_PLANES_DB,not head,Fetal abdomen,,1162,train,Voluson E6
Patient01162_Plane3_1_of_3.png,FETAL_PLANES_DB,head,Fetal brain,Trans-thalamic,1162,train,Voluson E6
Patient01162_Plane3_2_of_3.png,FETAL_PLANES_DB,head,Fetal brain,Trans-ventricular,1162,train,Voluson E6
Patient01162_Plane3_3_of_3.png,FETAL_PLANES_DB,head,Fetal brain,Trans-cerebellum,1162,train,Voluson E6
Patient01162_Plane4_1_of_3.png,FETAL_PLANES_DB,not head,Maternal cervix,,1162,train,Voluson E6
Patient01162_Plane4_2_of_3.png,FETAL_PLANES_DB,not head,Maternal cervix,,1162,train,Voluson E6
Patient01162_Plane4_3_of_3.png,FETAL_PLANES_DB,not head,Maternal cervix,,1162,train,Voluson E6
Patient01162_Plane5_1_of_3.png,FETAL_PLANES_DB,not head,Fetal femur,,1162,train,Voluson E6
Patient01162_Plane5_2_of_3.png,FETAL_PLANES_DB,not head,Fetal femur,,1162,train,Voluson E6
Patient01162_Plane5_3_of_3.png,FETAL_PLANES_DB,not head,Fetal femur,,1162,train,Voluson E6
Patient01162_Plane1_1_of_1.png,FETAL_PLANES_DB,not head,Other,,1162,train,Voluson E6
Patient01162_Plane6_1_of_4.png,FETAL_PLANES_DB,not head,Fetal thorax,,1162,train,Voluson E6
Patient01162_Plane6_2_of_4.png,FETAL_PLANES_DB,not head,Fetal thorax,,1162,train,Voluson E6
Patient01162_Plane6_3_of_4.png,FETAL_PLANES_DB,not head,Fetal thorax,,1162,train,Voluson E6
Patient01162_Plane6_4_of_4.png,FETAL_PLANES_DB,not head,Fetal thorax,,1162,train,Voluson E6
Patient01164_Plane3_1_of_3.png,FETAL_PLANES_DB,head,Fetal brain,Trans-thalamic,1164,train,Voluson E6
Patient01164_Plane3_2_of_3.png,FETAL_PLANES_DB,head,Fetal brain,Trans-thalamic,1164,train,Voluson E6
Patient01164_Plane3_3_of_3.png,FETAL_PLANES_DB,head,Fetal brain,Trans-cerebellum,1164,train,Voluson E6
Patient01164_Plane5_1_of_1.png,FETAL_PLANES_DB,not head,Fetal femur,,1164,train,Voluson E6
Patient01164_Plane6_1_of_1.png,FETAL_PLANES_DB,not head,Fetal thorax,,1164,train,Voluson E6
Patient01166_Plane2_1_of_1.png,FETAL_PLANES_DB,not head,Fetal abdomen,,1166,train,Aloka
Patient01166_Plane3_1_of_4.png,FETAL_PLANES_DB,head,Fetal brain,Trans-thalamic,1166,train,Aloka
Patient01166_Plane3_2_of_4.png,FETAL_PLANES_DB,head,Fetal brain,Trans-thalamic,1166,train,Aloka
Patient01166_Plane3_3_of_4.png,FETAL_PLANES_DB,head,Fetal brain,Trans-ventricular,1166,train,Aloka
Patient01166_Plane3_4_of_4.png,FETAL_PLANES_DB,head,Fetal brain,Trans-cerebellum,1166,train,Aloka
Patient01166_Plane5_1_of_1.png,FETAL_PLANES_DB,not head,Fetal femur,,1166,train,Aloka
Patient01166_Plane1_1_of_1.png,FETAL_PLANES_DB,not head,Other,,1166,train,Aloka
Patient01166_Plane6_1_of_1.png,FETAL_PLANES_DB,not head,Fetal thorax,,1166,train,Aloka
Patient01168_Plane3_1_of_2.png,FETAL_PLANES_DB,head,Fetal brain,Trans-ventricular,1168,train,Aloka
Patient01168_Plane3_2_of_2.png,FETAL_PLANES_DB,head,Fetal brain,Trans-ventricular,1168,train,Aloka
Patient01168_Plane5_1_of_1.png,FETAL_PLANES_DB,not head,Fetal femur,,1168,train,Aloka
Patient01168_Plane1_1_of_1.png,FETAL_PLANES_DB,not head,Other,,1168,train,Aloka
Patient01168_Plane6_1_of_1.png,FETAL_PLANES_DB,not head,Fetal thorax,,1168,train,Aloka
Patient01170_Plane3_1_of_3.png,FETAL_PLANES_DB,head,Fetal brain,Trans-thalamic,1170,train,Voluson E6
Patient01170_Plane3_2_of_3.png,FETAL_PLANES_DB,head,Fetal brain,Trans-ventricular,1170,train,Voluson E6
Patient01170_Plane3_3_of_3.png,FETAL_PLANES_DB,head,Fetal brain,Trans-cerebellum,1170,train,Voluson E6
Patient01170_Plane4_1_of_2.png,FETAL_PLANES_DB,not head,Maternal cervix,,1170,train,Voluson E6
Patient01170_Plane4_2_of_2.png,FETAL_PLANES_DB,not head,Maternal cervix,,1170,train,Voluson E6
Patient01170_Plane5_1_of_1.png,FETAL_PLANES_DB,not head,Fetal femur,,1170,train,Voluson E6
Patient01170_Plane1_1_of_1.png,FETAL_PLANES_DB,not head,Other,,1170,train,Voluson E6
Patient01170_Plane6_1_of_1.png,FETAL_PLANES_DB,not head,Fetal thorax,,1170,train,Voluson E6
Patient01178_Plane2_1_of_1.png,FETAL_PLANES_DB,not head,Fetal abdomen,,1178,train,Voluson E6
Patient01178_Plane3_1_of_4.png,FETAL_PLANES_DB,head,Fetal brain,Trans-cerebellum,1178,train,Voluson E6
Patient01178_Plane3_2_of_4.png,FETAL_PLANES_DB,head,Fetal brain,Trans-ventricular,1178,train,Voluson E6
Patient01178_Plane3_3_of_4.png,FETAL_PLANES_DB,head,Fetal brain,Trans-thalamic,1178,train,Voluson E6
Patient01178_Plane3_4_of_4.png,FETAL_PLANES_DB,head,Fetal brain,Trans-ventricular,1178,train,Voluson E6
Patient01178_Plane4_1_of_4.png,FETAL_PLANES_DB,not head,Maternal cervix,,1178,train,Voluson E6
Patient01178_Plane4_2_of_4.png,FETAL_PLANES_DB,not head,Maternal cervix,,1178,train,Voluson E6
Patient01178_Plane4_3_of_4.png,FETAL_PLANES_DB,not head,Maternal cervix,,1178,train,Voluson E6
Patient01178_Plane4_4_of_4.png,FETAL_PLANES_DB,not head,Maternal cervix,,1178,train,Voluson E6
Patient01178_Plane5_1_of_2.png,FETAL_PLANES_DB,not head,Fetal femur,,1178,train,Voluson E6
Patient01178_Plane5_2_of_2.png,FETAL_PLANES_DB,not head,Fetal femur,,1178,train,Voluson E6
Patient01178_Plane1_1_of_1.png,FETAL_PLANES_DB,not head,Other,,1178,train,Voluson E6
Patient01178_Plane6_1_of_1.png,FETAL_PLANES_DB,not head,Fetal thorax,,1178,train,Voluson E6
Patient01179_Plane2_1_of_1.png,FETAL_PLANES_DB,not head,Fetal abdomen,,1179,train,Voluson E6
Patient01179_Plane3_1_of_3.png,FETAL_PLANES_DB,head,Fetal brain,Trans-cerebellum,1179,train,Voluson E6
Patient01179_Plane3_2_of_3.png,FETAL_PLANES_DB,head,Fetal brain,Trans-ventricular,1179,train,Voluson E6
Patient01179_Plane3_3_of_3.png,FETAL_PLANES_DB,head,Fetal brain,Trans-ventricular,1179,train,Voluson E6
Patient01179_Plane4_1_of_3.png,FETAL_PLANES_DB,not head,Maternal cervix,,1179,train,Voluson E6
Patient01179_Plane4_2_of_3.png,FETAL_PLANES_DB,not head,Maternal cervix,,1179,train,Voluson E6
Patient01179_Plane4_3_of_3.png,FETAL_PLANES_DB,not head,Maternal cervix,,1179,train,Voluson E6
Patient01179_Plane5_1_of_2.png,FETAL_PLANES_DB,not head,Fetal femur,,1179,train,Voluson E6
Patient01179_Plane5_2_of_2.png,FETAL_PLANES_DB,not head,Fetal femur,,1179,train,Voluson E6
Patient01179_Plane1_1_of_1.png,FETAL_PLANES_DB,not head,Other,,1179,train,Voluson E6
Patient01179_Plane6_1_of_1.png,FETAL_PLANES_DB,not head,Fetal thorax,,1179,train,Voluson E6
Patient01180_Plane3_1_of_1.png,FETAL_PLANES_DB,head,Fetal brain,Trans-thalamic,1180,train,Voluson E6
Patient01182_Plane2_1_of_1.png,FETAL_PLANES_DB,not head,Fetal abdomen,,1182,train,Voluson E6
Patient01182_Plane3_1_of_5.png,FETAL_PLANES_DB,head,Fetal brain,Trans-cerebellum,1182,train,Voluson E6
Patient01182_Plane3_2_of_5.png,FETAL_PLANES_DB,head,Fetal brain,Trans-thalamic,1182,train,Voluson E6
Patient01182_Plane3_3_of_5.png,FETAL_PLANES_DB,head,Fetal brain,Trans-ventricular,1182,train,Voluson E6
Patient01182_Plane3_4_of_5.png,FETAL_PLANES_DB,head,Fetal brain,Trans-cerebellum,1182,train,Voluson E6
Patient01182_Plane3_5_of_5.png,FETAL_PLANES_DB,head,Fetal brain,Trans-thalamic,1182,train,Voluson E6
Patient01182_Plane4_1_of_1.png,FETAL_PLANES_DB,not head,Maternal cervix,,1182,train,Voluson E6
Patient01182_Plane5_1_of_2.png,FETAL_PLANES_DB,not head,Fetal femur,,1182,train,Voluson E6
Patient01182_Plane5_2_of_2.png,FETAL_PLANES_DB,not head,Fetal femur,,1182,train,Voluson E6
Patient01182_Plane1_1_of_1.png,FETAL_PLANES_DB,not head,Other,,1182,train,Voluson E6
Patient01182_Plane6_1_of_2.png,FETAL_PLANES_DB,not head,Fetal thorax,,1182,train,Voluson E6
Patient01182_Plane6_2_of_2.png,FETAL_PLANES_DB,not head,Fetal thorax,,1182,train,Voluson E6
Patient01183_Plane2_1_of_1.png,FETAL_PLANES_DB,not head,Fetal abdomen,,1183,train,Voluson E6
Patient01183_Plane3_1_of_4.png,FETAL_PLANES_DB,head,Fetal brain,Trans-ventricular,1183,train,Voluson E6
Patient01183_Plane3_2_of_4.png,FETAL_PLANES_DB,head,Fetal brain,Trans-ventricular,1183,train,Voluson E6
Patient01183_Plane3_3_of_4.png,FETAL_PLANES_DB,head,Fetal brain,Trans-thalamic,1183,train,Voluson E6
Patient01183_Plane3_4_of_4.png,FETAL_PLANES_DB,head,Fetal brain,Trans-cerebellum,1183,train,Voluson E6
Patient01183_Plane4_1_of_3.png,FETAL_PLANES_DB,not head,Maternal cervix,,1183,train,Voluson E6
Patient01183_Plane4_2_of_3.png,FETAL_PLANES_DB,not head,Maternal cervix,,1183,train,Voluson E6
Patient01183_Plane4_3_of_3.png,FETAL_PLANES_DB,not head,Maternal cervix,,1183,train,Voluson E6
Patient01183_Plane5_1_of_2.png,FETAL_PLANES_DB,not head,Fetal femur,,1183,train,Voluson E6
Patient01183_Plane5_2_of_2.png,FETAL_PLANES_DB,not head,Fetal femur,,1183,train,Voluson E6
Patient01183_Plane1_1_of_1.png,FETAL_PLANES_DB,not head,Other,,1183,train,Voluson E6
Patient01183_Plane6_1_of_1.png,FETAL_PLANES_DB,not head,Fetal thorax,,1183,train,Voluson E6
Patient01186_Plane2_1_of_1.png,FETAL_PLANES_DB,not head,Fetal abdomen,,1186,train,Aloka
Patient01186_Plane3_1_of_2.png,FETAL_PLANES_DB,head,Fetal brain,Trans-thalamic,1186,train,Aloka
Patient01186_Plane3_2_of_2.png,FETAL_PLANES_DB,head,Fetal brain,Other,1186,train,Aloka
Patient01186_Plane1_1_of_2.png,FETAL_PLANES_DB,not head,Other,,1186,train,Aloka
Patient01186_Plane1_2_of_2.png,FETAL_PLANES_DB,not head,Other,,1186,train,Aloka
Patient01187_Plane2_1_of_1.png,FETAL_PLANES_DB,not head,Fetal abdomen,,1187,train,Aloka
Patient01187_Plane3_1_of_3.png,FETAL_PLANES_DB,head,Fetal brain,Trans-thalamic,1187,train,Aloka
Patient01187_Plane3_2_of_3.png,FETAL_PLANES_DB,head,Fetal brain,Trans-thalamic,1187,train,Aloka
Patient01187_Plane3_3_of_3.png,FETAL_PLANES_DB,head,Fetal brain,Trans-thalamic,1187,train,Aloka
Patient01187_Plane4_1_of_1.png,FETAL_PLANES_DB,not head,Maternal cervix,,1187,train,Aloka
Patient01187_Plane5_1_of_1.png,FETAL_PLANES_DB,not head,Fetal femur,,1187,train,Aloka
Patient01187_Plane1_1_of_13.png,FETAL_PLANES_DB,not head,Other,,1187,train,Aloka
Patient01187_Plane1_2_of_13.png,FETAL_PLANES_DB,not head,Other,,1187,train,Aloka
Patient01187_Plane1_3_of_13.png,FETAL_PLANES_DB,not head,Other,,1187,train,Aloka
Patient01187_Plane1_4_of_13.png,FETAL_PLANES_DB,not head,Other,,1187,train,Aloka
Patient01187_Plane1_5_of_13.png,FETAL_PLANES_DB,not head,Other,,1187,train,Aloka
Patient01187_Plane1_6_of_13.png,FETAL_PLANES_DB,not head,Other,,1187,train,Aloka
Patient01187_Plane1_7_of_13.png,FETAL_PLANES_DB,not head,Other,,1187,train,Aloka
Patient01187_Plane1_8_of_13.png,FETAL_PLANES_DB,not head,Other,,1187,train,Aloka
Patient01187_Plane1_9_of_13.png,FETAL_PLANES_DB,not head,Other,,1187,train,Aloka
Patient01187_Plane1_10_of_13.png,FETAL_PLANES_DB,not head,Other,,1187,train,Aloka
Patient01187_Plane1_11_of_13.png,FETAL_PLANES_DB,not head,Other,,1187,train,Aloka
Patient01187_Plane1_12_of_13.png,FETAL_PLANES_DB,not head,Other,,1187,train,Aloka
Patient01187_Plane1_13_of_13.png,FETAL_PLANES_DB,not head,Other,,1187,train,Aloka
Patient01188_Plane3_1_of_2.png,FETAL_PLANES_DB,head,Fetal brain,Trans-ventricular,1188,train,Aloka
Patient01188_Plane3_2_of_2.png,FETAL_PLANES_DB,head,Fetal brain,Trans-thalamic,1188,train,Aloka
Patient01188_Plane4_1_of_1.png,FETAL_PLANES_DB,not head,Maternal cervix,,1188,train,Aloka
Patient01188_Plane5_1_of_1.png,FETAL_PLANES_DB,not head,Fetal femur,,1188,train,Aloka
Patient01188_Plane1_1_of_2.png,FETAL_PLANES_DB,not head,Other,,1188,train,Aloka
Patient01188_Plane1_2_of_2.png,FETAL_PLANES_DB,not head,Other,,1188,train,Aloka
Patient01189_Plane2_1_of_1.png,FETAL_PLANES_DB,not head,Fetal abdomen,,1189,train,Voluson E6
Patient01189_Plane3_1_of_3.png,FETAL_PLANES_DB,head,Fetal brain,Trans-thalamic,1189,train,Voluson E6
Patient01189_Plane3_2_of_3.png,FETAL_PLANES_DB,head,Fetal brain,Trans-cerebellum,1189,train,Voluson E6
Patient01189_Plane3_3_of_3.png,FETAL_PLANES_DB,head,Fetal brain,Trans-ventricular,1189,train,Voluson E6
Patient01189_Plane4_1_of_3.png,FETAL_PLANES_DB,not head,Maternal cervix,,1189,train,Voluson E6
Patient01189_Plane4_2_of_3.png,FETAL_PLANES_DB,not head,Maternal cervix,,1189,train,Voluson E6
Patient01189_Plane4_3_of_3.png,FETAL_PLANES_DB,not head,Maternal cervix,,1189,train,Voluson E6
Patient01189_Plane5_1_of_2.png,FETAL_PLANES_DB,not head,Fetal femur,,1189,train,Voluson E6
Patient01189_Plane5_2_of_2.png,FETAL_PLANES_DB,not head,Fetal femur,,1189,train,Voluson E6
Patient01189_Plane1_1_of_1.png,FETAL_PLANES_DB,not head,Other,,1189,train,Voluson E6
Patient01189_Plane6_1_of_1.png,FETAL_PLANES_DB,not head,Fetal thorax,,1189,train,Voluson E6
Patient01190_Plane2_1_of_2.png,FETAL_PLANES_DB,not head,Fetal abdomen,,1190,train,Voluson E6
Patient01190_Plane2_2_of_2.png,FETAL_PLANES_DB,not head,Fetal abdomen,,1190,train,Voluson E6
Patient01190_Plane3_1_of_3.png,FETAL_PLANES_DB,head,Fetal brain,Trans-thalamic,1190,train,Voluson E6
Patient01190_Plane3_2_of_3.png,FETAL_PLANES_DB,head,Fetal brain,Trans-cerebellum,1190,train,Voluson E6
Patient01190_Plane3_3_of_3.png,FETAL_PLANES_DB,head,Fetal brain,Trans-ventricular,1190,train,Voluson E6
Patient01190_Plane4_1_of_4.png,FETAL_PLANES_DB,not head,Maternal cervix,,1190,train,Voluson E6
Patient01190_Plane4_2_of_4.png,FETAL_PLANES_DB,not head,Maternal cervix,,1190,train,Voluson E6
Patient01190_Plane4_3_of_4.png,FETAL_PLANES_DB,not head,Maternal cervix,,1190,train,Voluson E6
Patient01190_Plane4_4_of_4.png,FETAL_PLANES_DB,not head,Maternal cervix,,1190,train,Voluson E6
Patient01190_Plane1_1_of_1.png,FETAL_PLANES_DB,not head,Other,,1190,train,Voluson E6
Patient01191_Plane2_1_of_1.png,FETAL_PLANES_DB,not head,Fetal abdomen,,1191,train,Voluson E6
Patient01191_Plane3_1_of_4.png,FETAL_PLANES_DB,head,Fetal brain,Trans-cerebellum,1191,train,Voluson E6
Patient01191_Plane3_2_of_4.png,FETAL_PLANES_DB,head,Fetal brain,Trans-ventricular,1191,train,Voluson E6
Patient01191_Plane3_3_of_4.png,FETAL_PLANES_DB,head,Fetal brain,Trans-thalamic,1191,train,Voluson E6
Patient01191_Plane3_4_of_4.png,FETAL_PLANES_DB,head,Fetal brain,Trans-cerebellum,1191,train,Voluson E6
Patient01191_Plane4_1_of_7.png,FETAL_PLANES_DB,not head,Maternal cervix,,1191,train,Voluson E6
Patient01191_Plane4_2_of_7.png,FETAL_PLANES_DB,not head,Maternal cervix,,1191,train,Voluson E6
Patient01191_Plane4_3_of_7.png,FETAL_PLANES_DB,not head,Maternal cervix,,1191,train,Voluson E6
Patient01191_Plane4_4_of_7.png,FETAL_PLANES_DB,not head,Maternal cervix,,1191,train,Voluson E6
Patient01191_Plane4_5_of_7.png,FETAL_PLANES_DB,not head,Maternal cervix,,1191,train,Voluson E6
Patient01191_Plane4_6_of_7.png,FETAL_PLANES_DB,not head,Maternal cervix,,1191,train,Voluson E6
Patient01191_Plane4_7_of_7.png,FETAL_PLANES_DB,not head,Maternal cervix,,1191,train,Voluson E6
Patient01191_Plane5_1_of_1.png,FETAL_PLANES_DB,not head,Fetal femur,,1191,train,Voluson E6
Patient01191_Plane1_1_of_1.png,FETAL_PLANES_DB,not head,Other,,1191,train,Voluson E6
Patient01191_Plane6_1_of_2.png,FETAL_PLANES_DB,not head,Fetal thorax,,1191,train,Voluson E6
Patient01191_Plane6_2_of_2.png,FETAL_PLANES_DB,not head,Fetal thorax,,1191,train,Voluson E6
Patient01192_Plane2_1_of_1.png,FETAL_PLANES_DB,not head,Fetal abdomen,,1192,train,Voluson E6
Patient01192_Plane3_1_of_1.png,FETAL_PLANES_DB,head,Fetal brain,Trans-thalamic,1192,train,Voluson E6
Patient01192_Plane5_1_of_1.png,FETAL_PLANES_DB,not head,Fetal femur,,1192,train,Voluson E6
Patient01192_Plane6_1_of_1.png,FETAL_PLANES_DB,not head,Fetal thorax,,1192,train,Voluson E6
Patient01193_Plane2_1_of_1.png,FETAL_PLANES_DB,not head,Fetal abdomen,,1193,train,Voluson E6
Patient01193_Plane3_1_of_5.png,FETAL_PLANES_DB,head,Fetal brain,Trans-thalamic,1193,train,Voluson E6
Patient01193_Plane3_2_of_5.png,FETAL_PLANES_DB,head,Fetal brain,Trans-thalamic,1193,train,Voluson E6
Patient01193_Plane3_3_of_5.png,FETAL_PLANES_DB,head,Fetal brain,Other,1193,train,Voluson E6
Patient01193_Plane3_4_of_5.png,FETAL_PLANES_DB,head,Fetal brain,Trans-thalamic,1193,train,Voluson E6
Patient01193_Plane3_5_of_5.png,FETAL_PLANES_DB,head,Fetal brain,Trans-thalamic,1193,train,Voluson E6
Patient01193_Plane5_1_of_1.png,FETAL_PLANES_DB,not head,Fetal femur,,1193,train,Voluson E6
Patient01193_Plane6_1_of_1.png,FETAL_PLANES_DB,not head,Fetal thorax,,1193,train,Voluson E6
Patient01194_Plane3_1_of_1.png,FETAL_PLANES_DB,head,Fetal brain,Trans-ventricular,1194,train,Voluson E6
Patient01197_Plane2_1_of_1.png,FETAL_PLANES_DB,not head,Fetal abdomen,,1197,train,Voluson E6
Patient01197_Plane3_1_of_3.png,FETAL_PLANES_DB,head,Fetal brain,Trans-thalamic,1197,train,Voluson E6
Patient01197_Plane3_2_of_3.png,FETAL_PLANES_DB,head,Fetal brain,Trans-thalamic,1197,train,Voluson E6
Patient01197_Plane3_3_of_3.png,FETAL_PLANES_DB,head,Fetal brain,Trans-cerebellum,1197,train,Voluson E6
Patient01197_Plane6_1_of_1.png,FETAL_PLANES_DB,not head,Fetal thorax,,1197,train,Voluson E6
Patient01200_Plane3_1_of_2.png,FETAL_PLANES_DB,head,Fetal brain,Trans-thalamic,1200,train,Aloka
Patient01200_Plane3_2_of_2.png,FETAL_PLANES_DB,head,Fetal brain,Trans-thalamic,1200,train,Aloka
Patient01200_Plane1_1_of_2.png,FETAL_PLANES_DB,not head,Other,,1200,train,Aloka
Patient01200_Plane1_2_of_2.png,FETAL_PLANES_DB,not head,Other,,1200,train,Aloka
Patient01201_Plane2_1_of_1.png,FETAL_PLANES_DB,not head,Fetal abdomen,,1201,train,Aloka
Patient01201_Plane3_1_of_1.png,FETAL_PLANES_DB,head,Fetal brain,Trans-ventricular,1201,train,Aloka
Patient01201_Plane6_1_of_1.png,FETAL_PLANES_DB,not head,Fetal thorax,,1201,train,Aloka
Patient01201_Plane1_1_of_1.png,FETAL_PLANES_DB,not head,Other,,1201,train,Aloka
Patient01204_Plane3_1_of_3.png,FETAL_PLANES_DB,head,Fetal brain,Trans-thalamic,1204,train,Voluson E6
Patient01204_Plane3_2_of_3.png,FETAL_PLANES_DB,head,Fetal brain,Trans-thalamic,1204,train,Voluson E6
Patient01204_Plane3_3_of_3.png,FETAL_PLANES_DB,head,Fetal brain,Trans-ventricular,1204,train,Voluson E6
Patient01204_Plane1_1_of_1.png,FETAL_PLANES_DB,not head,Other,,1204,train,Voluson E6
Patient01206_Plane5_1_of_1.png,FETAL_PLANES_DB,not head,Fetal femur,,1206,train,Voluson E6
Patient01206_Plane1_1_of_1.png,FETAL_PLANES_DB,not head,Other,,1206,train,Voluson E6
Patient01207_Plane3_1_of_4.png,FETAL_PLANES_DB,head,Fetal brain,Trans-cerebellum,1207,train,Voluson E6
Patient01207_Plane3_2_of_4.png,FETAL_PLANES_DB,head,Fetal brain,Trans-thalamic,1207,train,Voluson E6
Patient01207_Plane3_3_of_4.png,FETAL_PLANES_DB,head,Fetal brain,Trans-thalamic,1207,train,Voluson E6
Patient01207_Plane3_4_of_4.png,FETAL_PLANES_DB,head,Fetal brain,Trans-cerebellum,1207,train,Voluson E6
Patient01207_Plane6_1_of_3.png,FETAL_PLANES_DB,not head,Fetal thorax,,1207,train,Voluson E6
Patient01207_Plane6_2_of_3.png,FETAL_PLANES_DB,not head,Fetal thorax,,1207,train,Voluson E6
Patient01207_Plane6_3_of_3.png,FETAL_PLANES_DB,not head,Fetal thorax,,1207,train,Voluson E6
Patient01208_Plane5_1_of_1.png,FETAL_PLANES_DB,not head,Fetal femur,,1208,train,Voluson E6
Patient01208_Plane1_1_of_1.png,FETAL_PLANES_DB,not head,Other,,1208,train,Voluson E6
Patient01208_Plane6_1_of_1.png,FETAL_PLANES_DB,not head,Fetal thorax,,1208,train,Voluson E6
Patient01209_Plane3_1_of_7.png,FETAL_PLANES_DB,head,Fetal brain,Trans-thalamic,1209,train,Voluson E6
Patient01209_Plane3_2_of_7.png,FETAL_PLANES_DB,head,Fetal brain,Trans-cerebellum,1209,train,Voluson E6
Patient01209_Plane3_3_of_7.png,FETAL_PLANES_DB,head,Fetal brain,Trans-thalamic,1209,train,Voluson E6
Patient01209_Plane3_4_of_7.png,FETAL_PLANES_DB,head,Fetal brain,Trans-ventricular,1209,train,Voluson E6
Patient01209_Plane3_5_of_7.png,FETAL_PLANES_DB,head,Fetal brain,Other,1209,train,Voluson E6
Patient01209_Plane3_6_of_7.png,FETAL_PLANES_DB,head,Fetal brain,Trans-ventricular,1209,train,Voluson E6
Patient01209_Plane3_7_of_7.png,FETAL_PLANES_DB,head,Fetal brain,Trans-cerebellum,1209,train,Voluson E6
Patient01209_Plane4_1_of_1.png,FETAL_PLANES_DB,not head,Maternal cervix,,1209,train,Voluson E6
Patient01209_Plane5_1_of_3.png,FETAL_PLANES_DB,not head,Fetal femur,,1209,train,Voluson E6
Patient01209_Plane5_2_of_3.png,FETAL_PLANES_DB,not head,Fetal femur,,1209,train,Voluson E6
Patient01209_Plane5_3_of_3.png,FETAL_PLANES_DB,not head,Fetal femur,,1209,train,Voluson E6
Patient01209_Plane1_1_of_1.png,FETAL_PLANES_DB,not head,Other,,1209,train,Voluson E6
Patient01211_Plane2_1_of_1.png,FETAL_PLANES_DB,not head,Fetal abdomen,,1211,train,Voluson E6
Patient01211_Plane3_1_of_6.png,FETAL_PLANES_DB,head,Fetal brain,Trans-thalamic,1211,train,Voluson E6
Patient01211_Plane3_2_of_6.png,FETAL_PLANES_DB,head,Fetal brain,Trans-thalamic,1211,train,Voluson E6
Patient01211_Plane3_3_of_6.png,FETAL_PLANES_DB,head,Fetal brain,Trans-ventricular,1211,train,Voluson E6
Patient01211_Plane3_4_of_6.png,FETAL_PLANES_DB,head,Fetal brain,Trans-ventricular,1211,train,Voluson E6
Patient01211_Plane3_5_of_6.png,FETAL_PLANES_DB,head,Fetal brain,Trans-thalamic,1211,train,Voluson E6
Patient01211_Plane3_6_of_6.png,FETAL_PLANES_DB,head,Fetal brain,Trans-cerebellum,1211,train,Voluson E6
Patient01211_Plane4_1_of_2.png,FETAL_PLANES_DB,not head,Maternal cervix,,1211,train,Voluson E6
Patient01211_Plane4_2_of_2.png,FETAL_PLANES_DB,not head,Maternal cervix,,1211,train,Voluson E6
Patient01211_Plane5_1_of_2.png,FETAL_PLANES_DB,not head,Fetal femur,,1211,train,Voluson E6
Patient01211_Plane5_2_of_2.png,FETAL_PLANES_DB,not head,Fetal femur,,1211,train,Voluson E6
Patient01211_Plane1_1_of_1.png,FETAL_PLANES_DB,not head,Other,,1211,train,Voluson E6
Patient01215_Plane2_1_of_1.png,FETAL_PLANES_DB,not head,Fetal abdomen,,1215,train,Aloka
Patient01215_Plane3_1_of_4.png,FETAL_PLANES_DB,head,Fetal brain,Trans-thalamic,1215,train,Aloka
Patient01215_Plane3_2_of_4.png,FETAL_PLANES_DB,head,Fetal brain,Trans-thalamic,1215,train,Aloka
Patient01215_Plane3_3_of_4.png,FETAL_PLANES_DB,head,Fetal brain,Trans-thalamic,1215,train,Aloka
Patient01215_Plane3_4_of_4.png,FETAL_PLANES_DB,head,Fetal brain,Trans-ventricular,1215,train,Aloka
Patient01215_Plane5_1_of_2.png,FETAL_PLANES_DB,not head,Fetal femur,,1215,train,Aloka
Patient01215_Plane5_2_of_2.png,FETAL_PLANES_DB,not head,Fetal femur,,1215,train,Aloka
Patient01215_Plane6_1_of_1.png,FETAL_PLANES_DB,not head,Fetal thorax,,1215,train,Aloka
Patient01215_Plane1_1_of_24.png,FETAL_PLANES_DB,not head,Other,,1215,train,Aloka
Patient01215_Plane1_2_of_24.png,FETAL_PLANES_DB,not head,Other,,1215,train,Aloka
Patient01215_Plane1_3_of_24.png,FETAL_PLANES_DB,not head,Other,,1215,train,Aloka
Patient01215_Plane1_4_of_24.png,FETAL_PLANES_DB,not head,Other,,1215,train,Aloka
Patient01215_Plane1_5_of_24.png,FETAL_PLANES_DB,not head,Other,,1215,train,Aloka
Patient01215_Plane1_6_of_24.png,FETAL_PLANES_DB,not head,Other,,1215,train,Aloka
Patient01215_Plane1_7_of_24.png,FETAL_PLANES_DB,not head,Other,,1215,train,Aloka
Patient01215_Plane1_8_of_24.png,FETAL_PLANES_DB,not head,Other,,1215,train,Aloka
Patient01215_Plane1_9_of_24.png,FETAL_PLANES_DB,not head,Other,,1215,train,Aloka
Patient01215_Plane1_10_of_24.png,FETAL_PLANES_DB,not head,Other,,1215,train,Aloka
Patient01215_Plane1_11_of_24.png,FETAL_PLANES_DB,not head,Other,,1215,train,Aloka
Patient01215_Plane1_12_of_24.png,FETAL_PLANES_DB,not head,Other,,1215,train,Aloka
Patient01215_Plane1_13_of_24.png,FETAL_PLANES_DB,not head,Other,,1215,train,Aloka
Patient01215_Plane1_14_of_24.png,FETAL_PLANES_DB,not head,Other,,1215,train,Aloka
Patient01215_Plane1_15_of_24.png,FETAL_PLANES_DB,not head,Other,,1215,train,Aloka
Patient01215_Plane1_16_of_24.png,FETAL_PLANES_DB,not head,Other,,1215,train,Aloka
Patient01215_Plane1_17_of_24.png,FETAL_PLANES_DB,not head,Other,,1215,train,Aloka
Patient01215_Plane1_18_of_24.png,FETAL_PLANES_DB,not head,Other,,1215,train,Aloka
Patient01215_Plane1_19_of_24.png,FETAL_PLANES_DB,not head,Other,,1215,train,Aloka
Patient01215_Plane1_20_of_24.png,FETAL_PLANES_DB,not head,Other,,1215,train,Aloka
Patient01215_Plane1_21_of_24.png,FETAL_PLANES_DB,not head,Other,,1215,train,Aloka
Patient01215_Plane1_22_of_24.png,FETAL_PLANES_DB,not head,Other,,1215,train,Aloka
Patient01215_Plane1_23_of_24.png,FETAL_PLANES_DB,not head,Other,,1215,train,Aloka
Patient01215_Plane1_24_of_24.png,FETAL_PLANES_DB,not head,Other,,1215,train,Aloka
Patient01217_Plane2_1_of_1.png,FETAL_PLANES_DB,not head,Fetal abdomen,,1217,train,Aloka
Patient01217_Plane3_1_of_2.png,FETAL_PLANES_DB,head,Fetal brain,Trans-thalamic,1217,train,Aloka
Patient01217_Plane3_2_of_2.png,FETAL_PLANES_DB,head,Fetal brain,Trans-cerebellum,1217,train,Aloka
Patient01217_Plane5_1_of_1.png,FETAL_PLANES_DB,not head,Fetal femur,,1217,train,Aloka
Patient01217_Plane1_1_of_5.png,FETAL_PLANES_DB,not head,Other,,1217,train,Aloka
Patient01217_Plane1_2_of_5.png,FETAL_PLANES_DB,not head,Other,,1217,train,Aloka
Patient01217_Plane1_3_of_5.png,FETAL_PLANES_DB,not head,Other,,1217,train,Aloka
Patient01217_Plane1_4_of_5.png,FETAL_PLANES_DB,not head,Other,,1217,train,Aloka
Patient01217_Plane1_5_of_5.png,FETAL_PLANES_DB,not head,Other,,1217,train,Aloka
Patient01218_Plane2_1_of_1.png,FETAL_PLANES_DB,not head,Fetal abdomen,,1218,train,Aloka
Patient01218_Plane3_1_of_2.png,FETAL_PLANES_DB,head,Fetal brain,Trans-thalamic,1218,train,Aloka
Patient01218_Plane3_2_of_2.png,FETAL_PLANES_DB,head,Fetal brain,Trans-thalamic,1218,train,Aloka
Patient01218_Plane5_1_of_1.png,FETAL_PLANES_DB,not head,Fetal femur,,1218,train,Aloka
Patient01218_Plane1_1_of_11.png,FETAL_PLANES_DB,not head,Other,,1218,train,Aloka
Patient01218_Plane1_2_of_11.png,FETAL_PLANES_DB,not head,Other,,1218,train,Aloka
Patient01218_Plane1_3_of_11.png,FETAL_PLANES_DB,not head,Other,,1218,train,Aloka
Patient01218_Plane1_4_of_11.png,FETAL_PLANES_DB,not head,Other,,1218,train,Aloka
Patient01218_Plane1_5_of_11.png,FETAL_PLANES_DB,not head,Other,,1218,train,Aloka
Patient01218_Plane1_6_of_11.png,FETAL_PLANES_DB,not head,Other,,1218,train,Aloka
Patient01218_Plane1_7_of_11.png,FETAL_PLANES_DB,not head,Other,,1218,train,Aloka
Patient01218_Plane1_8_of_11.png,FETAL_PLANES_DB,not head,Other,,1218,train,Aloka
Patient01218_Plane1_9_of_11.png,FETAL_PLANES_DB,not head,Other,,1218,train,Aloka
Patient01218_Plane1_10_of_11.png,FETAL_PLANES_DB,not head,Other,,1218,train,Aloka
Patient01218_Plane1_11_of_11.png,FETAL_PLANES_DB,not head,Other,,1218,train,Aloka
Patient01219_Plane3_1_of_2.png,FETAL_PLANES_DB,head,Fetal brain,Trans-thalamic,1219,train,Aloka
Patient01219_Plane3_2_of_2.png,FETAL_PLANES_DB,head,Fetal brain,Trans-thalamic,1219,train,Aloka
Patient01219_Plane5_1_of_1.png,FETAL_PLANES_DB,not head,Fetal femur,,1219,train,Aloka
Patient01219_Plane1_1_of_2.png,FETAL_PLANES_DB,not head,Other,,1219,train,Aloka
Patient01219_Plane1_2_of_2.png,FETAL_PLANES_DB,not head,Other,,1219,train,Aloka
Patient01221_Plane3_1_of_1.png,FETAL_PLANES_DB,head,Fetal brain,Trans-thalamic,1221,train,Aloka
Patient01221_Plane5_1_of_2.png,FETAL_PLANES_DB,not head,Fetal femur,,1221,train,Aloka
Patient01221_Plane5_2_of_2.png,FETAL_PLANES_DB,not head,Fetal femur,,1221,train,Aloka
Patient01221_Plane1_1_of_9.png,FETAL_PLANES_DB,not head,Other,,1221,train,Aloka
Patient01221_Plane1_2_of_9.png,FETAL_PLANES_DB,not head,Other,,1221,train,Aloka
Patient01221_Plane1_3_of_9.png,FETAL_PLANES_DB,not head,Other,,1221,train,Aloka
Patient01221_Plane1_4_of_9.png,FETAL_PLANES_DB,not head,Other,,1221,train,Aloka
Patient01221_Plane1_5_of_9.png,FETAL_PLANES_DB,not head,Other,,1221,train,Aloka
Patient01221_Plane1_6_of_9.png,FETAL_PLANES_DB,not head,Other,,1221,train,Aloka
Patient01221_Plane1_7_of_9.png,FETAL_PLANES_DB,not head,Other,,1221,train,Aloka
Patient01221_Plane1_8_of_9.png,FETAL_PLANES_DB,not head,Other,,1221,train,Aloka
Patient01221_Plane1_9_of_9.png,FETAL_PLANES_DB,not head,Other,,1221,train,Aloka
Patient01222_Plane2_1_of_3.png,FETAL_PLANES_DB,not head,Fetal abdomen,,1222,train,Voluson E6
Patient01222_Plane2_2_of_3.png,FETAL_PLANES_DB,not head,Fetal abdomen,,1222,train,Voluson E6
Patient01222_Plane2_3_of_3.png,FETAL_PLANES_DB,not head,Fetal abdomen,,1222,train,Voluson E6
Patient01222_Plane3_1_of_8.png,FETAL_PLANES_DB,head,Fetal brain,Trans-thalamic,1222,train,Voluson E6
Patient01222_Plane3_2_of_8.png,FETAL_PLANES_DB,head,Fetal brain,Trans-cerebellum,1222,train,Voluson E6
Patient01222_Plane3_3_of_8.png,FETAL_PLANES_DB,head,Fetal brain,Trans-ventricular,1222,train,Voluson E6
Patient01222_Plane3_4_of_8.png,FETAL_PLANES_DB,head,Fetal brain,Trans-ventricular,1222,train,Voluson E6
Patient01222_Plane3_5_of_8.png,FETAL_PLANES_DB,head,Fetal brain,Trans-cerebellum,1222,train,Voluson E6
Patient01222_Plane3_6_of_8.png,FETAL_PLANES_DB,head,Fetal brain,Trans-cerebellum,1222,train,Voluson E6
Patient01222_Plane3_7_of_8.png,FETAL_PLANES_DB,head,Fetal brain,Trans-cerebellum,1222,train,Voluson E6
Patient01222_Plane3_8_of_8.png,FETAL_PLANES_DB,head,Fetal brain,Trans-cerebellum,1222,train,Voluson E6
Patient01222_Plane4_1_of_3.png,FETAL_PLANES_DB,not head,Maternal cervix,,1222,train,Voluson E6
Patient01222_Plane4_2_of_3.png,FETAL_PLANES_DB,not head,Maternal cervix,,1222,train,Voluson E6
Patient01222_Plane4_3_of_3.png,FETAL_PLANES_DB,not head,Maternal cervix,,1222,train,Voluson E6
Patient01222_Plane1_1_of_1.png,FETAL_PLANES_DB,not head,Other,,1222,train,Voluson E6
Patient01222_Plane6_1_of_1.png,FETAL_PLANES_DB,not head,Fetal thorax,,1222,train,Voluson E6
Patient01223_Plane2_1_of_1.png,FETAL_PLANES_DB,not head,Fetal abdomen,,1223,train,Voluson E6
Patient01223_Plane3_1_of_4.png,FETAL_PLANES_DB,head,Fetal brain,Trans-thalamic,1223,train,Voluson E6
Patient01223_Plane3_2_of_4.png,FETAL_PLANES_DB,head,Fetal brain,Trans-cerebellum,1223,train,Voluson E6
Patient01223_Plane3_3_of_4.png,FETAL_PLANES_DB,head,Fetal brain,Trans-ventricular,1223,train,Voluson E6
Patient01223_Plane3_4_of_4.png,FETAL_PLANES_DB,head,Fetal brain,Trans-cerebellum,1223,train,Voluson E6
Patient01223_Plane4_1_of_1.png,FETAL_PLANES_DB,not head,Maternal cervix,,1223,train,Voluson E6
Patient01223_Plane5_1_of_2.png,FETAL_PLANES_DB,not head,Fetal femur,,1223,train,Voluson E6
Patient01223_Plane5_2_of_2.png,FETAL_PLANES_DB,not head,Fetal femur,,1223,train,Voluson E6
Patient01223_Plane1_1_of_1.png,FETAL_PLANES_DB,not head,Other,,1223,train,Voluson E6
Patient01223_Plane6_1_of_1.png,FETAL_PLANES_DB,not head,Fetal thorax,,1223,train,Voluson E6
Patient01226_Plane2_1_of_1.png,FETAL_PLANES_DB,not head,Fetal abdomen,,1226,train,Voluson E6
Patient01226_Plane3_1_of_1.png,FETAL_PLANES_DB,head,Fetal brain,Trans-thalamic,1226,train,Voluson E6
Patient01226_Plane6_1_of_1.png,FETAL_PLANES_DB,not head,Fetal thorax,,1226,train,Voluson E6
Patient01227_Plane2_1_of_1.png,FETAL_PLANES_DB,not head,Fetal abdomen,,1227,train,Voluson E6
Patient01227_Plane3_1_of_4.png,FETAL_PLANES_DB,head,Fetal brain,Trans-thalamic,1227,train,Voluson E6
Patient01227_Plane3_2_of_4.png,FETAL_PLANES_DB,head,Fetal brain,Trans-cerebellum,1227,train,Voluson E6
Patient01227_Plane3_3_of_4.png,FETAL_PLANES_DB,head,Fetal brain,Trans-thalamic,1227,train,Voluson E6
Patient01227_Plane3_4_of_4.png,FETAL_PLANES_DB,head,Fetal brain,Trans-thalamic,1227,train,Voluson E6
Patient01227_Plane4_1_of_2.png,FETAL_PLANES_DB,not head,Maternal cervix,,1227,train,Voluson E6
Patient01227_Plane4_2_of_2.png,FETAL_PLANES_DB,not head,Maternal cervix,,1227,train,Voluson E6
Patient01227_Plane5_1_of_3.png,FETAL_PLANES_DB,not head,Fetal femur,,1227,train,Voluson E6
Patient01227_Plane5_2_of_3.png,FETAL_PLANES_DB,not head,Fetal femur,,1227,train,Voluson E6
Patient01227_Plane5_3_of_3.png,FETAL_PLANES_DB,not head,Fetal femur,,1227,train,Voluson E6
Patient01227_Plane1_1_of_1.png,FETAL_PLANES_DB,not head,Other,,1227,train,Voluson E6
Patient01230_Plane2_1_of_1.png,FETAL_PLANES_DB,not head,Fetal abdomen,,1230,train,Voluson E6
Patient01230_Plane3_1_of_5.png,FETAL_PLANES_DB,head,Fetal brain,Trans-thalamic,1230,train,Voluson E6
Patient01230_Plane3_2_of_5.png,FETAL_PLANES_DB,head,Fetal brain,Trans-cerebellum,1230,train,Voluson E6
Patient01230_Plane3_3_of_5.png,FETAL_PLANES_DB,head,Fetal brain,Trans-ventricular,1230,train,Voluson E6
Patient01230_Plane3_4_of_5.png,FETAL_PLANES_DB,head,Fetal brain,Trans-thalamic,1230,train,Voluson E6
Patient01230_Plane3_5_of_5.png,FETAL_PLANES_DB,head,Fetal brain,Trans-thalamic,1230,train,Voluson E6
Patient01230_Plane4_1_of_4.png,FETAL_PLANES_DB,not head,Maternal cervix,,1230,train,Voluson E6
Patient01230_Plane4_2_of_4.png,FETAL_PLANES_DB,not head,Maternal cervix,,1230,train,Voluson E6
Patient01230_Plane4_3_of_4.png,FETAL_PLANES_DB,not head,Maternal cervix,,1230,train,Voluson E6
Patient01230_Plane4_4_of_4.png,FETAL_PLANES_DB,not head,Maternal cervix,,1230,train,Voluson E6
Patient01230_Plane5_1_of_2.png,FETAL_PLANES_DB,not head,Fetal femur,,1230,train,Voluson E6
Patient01230_Plane5_2_of_2.png,FETAL_PLANES_DB,not head,Fetal femur,,1230,train,Voluson E6
Patient01230_Plane1_1_of_1.png,FETAL_PLANES_DB,not head,Other,,1230,train,Voluson E6
Patient01230_Plane6_1_of_2.png,FETAL_PLANES_DB,not head,Fetal thorax,,1230,train,Voluson E6
Patient01230_Plane6_2_of_2.png,FETAL_PLANES_DB,not head,Fetal thorax,,1230,train,Voluson E6
Patient01231_Plane3_1_of_3.png,FETAL_PLANES_DB,head,Fetal brain,Trans-thalamic,1231,train,Voluson E6
Patient01231_Plane3_2_of_3.png,FETAL_PLANES_DB,head,Fetal brain,Trans-thalamic,1231,train,Voluson E6
Patient01231_Plane3_3_of_3.png,FETAL_PLANES_DB,head,Fetal brain,Trans-thalamic,1231,train,Voluson E6
Patient01232_Plane2_1_of_1.png,FETAL_PLANES_DB,not head,Fetal abdomen,,1232,train,Voluson E6
Patient01232_Plane3_1_of_4.png,FETAL_PLANES_DB,head,Fetal brain,Trans-cerebellum,1232,train,Voluson E6
Patient01232_Plane3_2_of_4.png,FETAL_PLANES_DB,head,Fetal brain,Trans-ventricular,1232,train,Voluson E6
Patient01232_Plane3_3_of_4.png,FETAL_PLANES_DB,head,Fetal brain,Trans-ventricular,1232,train,Voluson E6
Patient01232_Plane3_4_of_4.png,FETAL_PLANES_DB,head,Fetal brain,Trans-thalamic,1232,train,Voluson E6
Patient01232_Plane4_1_of_1.png,FETAL_PLANES_DB,not head,Maternal cervix,,1232,train,Voluson E6
Patient01232_Plane5_1_of_3.png,FETAL_PLANES_DB,not head,Fetal femur,,1232,train,Voluson E6
Patient01232_Plane5_2_of_3.png,FETAL_PLANES_DB,not head,Fetal femur,,1232,train,Voluson E6
Patient01232_Plane5_3_of_3.png,FETAL_PLANES_DB,not head,Fetal femur,,1232,train,Voluson E6
Patient01232_Plane1_1_of_1.png,FETAL_PLANES_DB,not head,Other,,1232,train,Voluson E6
Patient01232_Plane6_1_of_7.png,FETAL_PLANES_DB,not head,Fetal thorax,,1232,train,Voluson E6
Patient01232_Plane6_2_of_7.png,FETAL_PLANES_DB,not head,Fetal thorax,,1232,train,Voluson E6
Patient01232_Plane6_3_of_7.png,FETAL_PLANES_DB,not head,Fetal thorax,,1232,train,Voluson E6
Patient01232_Plane6_4_of_7.png,FETAL_PLANES_DB,not head,Fetal thorax,,1232,train,Voluson E6
Patient01232_Plane6_5_of_7.png,FETAL_PLANES_DB,not head,Fetal thorax,,1232,train,Voluson E6
Patient01232_Plane6_6_of_7.png,FETAL_PLANES_DB,not head,Fetal thorax,,1232,train,Voluson E6
Patient01232_Plane6_7_of_7.png,FETAL_PLANES_DB,not head,Fetal thorax,,1232,train,Voluson E6
Patient01238_Plane3_1_of_3.png,FETAL_PLANES_DB,head,Fetal brain,Trans-thalamic,1238,train,Voluson E6
Patient01238_Plane3_2_of_3.png,FETAL_PLANES_DB,head,Fetal brain,Trans-cerebellum,1238,train,Voluson E6
Patient01238_Plane3_3_of_3.png,FETAL_PLANES_DB,head,Fetal brain,Trans-thalamic,1238,train,Voluson E6
Patient01238_Plane4_1_of_4.png,FETAL_PLANES_DB,not head,Maternal cervix,,1238,train,Voluson E6
Patient01238_Plane4_2_of_4.png,FETAL_PLANES_DB,not head,Maternal cervix,,1238,train,Voluson E6
Patient01238_Plane4_3_of_4.png,FETAL_PLANES_DB,not head,Maternal cervix,,1238,train,Voluson E6
Patient01238_Plane4_4_of_4.png,FETAL_PLANES_DB,not head,Maternal cervix,,1238,train,Voluson E6
Patient01238_Plane5_1_of_1.png,FETAL_PLANES_DB,not head,Fetal femur,,1238,train,Voluson E6
Patient01238_Plane1_1_of_1.png,FETAL_PLANES_DB,not head,Other,,1238,train,Voluson E6
Patient01239_Plane2_1_of_2.png,FETAL_PLANES_DB,not head,Fetal abdomen,,1239,train,Voluson E6
Patient01239_Plane2_2_of_2.png,FETAL_PLANES_DB,not head,Fetal abdomen,,1239,train,Voluson E6
Patient01239_Plane3_1_of_6.png,FETAL_PLANES_DB,head,Fetal brain,Other,1239,train,Voluson E6
Patient01239_Plane3_2_of_6.png,FETAL_PLANES_DB,head,Fetal brain,Trans-thalamic,1239,train,Voluson E6
Patient01239_Plane3_3_of_6.png,FETAL_PLANES_DB,head,Fetal brain,Trans-thalamic,1239,train,Voluson E6
Patient01239_Plane3_4_of_6.png,FETAL_PLANES_DB,head,Fetal brain,Trans-cerebellum,1239,train,Voluson E6
Patient01239_Plane3_5_of_6.png,FETAL_PLANES_DB,head,Fetal brain,Trans-thalamic,1239,train,Voluson E6
Patient01239_Plane3_6_of_6.png,FETAL_PLANES_DB,head,Fetal brain,Trans-cerebellum,1239,train,Voluson E6
Patient01239_Plane4_1_of_4.png,FETAL_PLANES_DB,not head,Maternal cervix,,1239,train,Voluson E6
Patient01239_Plane4_2_of_4.png,FETAL_PLANES_DB,not head,Maternal cervix,,1239,train,Voluson E6
Patient01239_Plane4_3_of_4.png,FETAL_PLANES_DB,not head,Maternal cervix,,1239,train,Voluson E6
Patient01239_Plane4_4_of_4.png,FETAL_PLANES_DB,not head,Maternal cervix,,1239,train,Voluson E6
Patient01239_Plane5_1_of_2.png,FETAL_PLANES_DB,not head,Fetal femur,,1239,train,Voluson E6
Patient01239_Plane5_2_of_2.png,FETAL_PLANES_DB,not head,Fetal femur,,1239,train,Voluson E6
Patient01239_Plane6_1_of_2.png,FETAL_PLANES_DB,not head,Fetal thorax,,1239,train,Voluson E6
Patient01239_Plane6_2_of_2.png,FETAL_PLANES_DB,not head,Fetal thorax,,1239,train,Voluson E6
Patient01240_Plane2_1_of_1.png,FETAL_PLANES_DB,not head,Fetal abdomen,,1240,train,Voluson E6
Patient01240_Plane3_1_of_3.png,FETAL_PLANES_DB,head,Fetal brain,Trans-thalamic,1240,train,Voluson E6
Patient01240_Plane3_2_of_3.png,FETAL_PLANES_DB,head,Fetal brain,Trans-cerebellum,1240,train,Voluson E6
Patient01240_Plane3_3_of_3.png,FETAL_PLANES_DB,head,Fetal brain,Trans-thalamic,1240,train,Voluson E6
Patient01240_Plane5_1_of_1.png,FETAL_PLANES_DB,not head,Fetal femur,,1240,train,Voluson E6
Patient01240_Plane1_1_of_1.png,FETAL_PLANES_DB,not head,Other,,1240,train,Voluson E6
Patient01240_Plane6_1_of_3.png,FETAL_PLANES_DB,not head,Fetal thorax,,1240,train,Voluson E6
Patient01240_Plane6_2_of_3.png,FETAL_PLANES_DB,not head,Fetal thorax,,1240,train,Voluson E6
Patient01240_Plane6_3_of_3.png,FETAL_PLANES_DB,not head,Fetal thorax,,1240,train,Voluson E6
Patient01242_Plane6_1_of_1.png,FETAL_PLANES_DB,not head,Fetal thorax,,1242,train,Voluson E6
Patient01245_Plane3_1_of_2.png,FETAL_PLANES_DB,head,Fetal brain,Trans-thalamic,1245,train,Voluson E6
Patient01245_Plane3_2_of_2.png,FETAL_PLANES_DB,head,Fetal brain,Trans-cerebellum,1245,train,Voluson E6
Patient01245_Plane6_1_of_1.png,FETAL_PLANES_DB,not head,Fetal thorax,,1245,train,Voluson E6
Patient01248_Plane3_1_of_1.png,FETAL_PLANES_DB,head,Fetal brain,Trans-thalamic,1248,train,Aloka
Patient01248_Plane4_1_of_5.png,FETAL_PLANES_DB,not head,Maternal cervix,,1248,train,Aloka
Patient01248_Plane4_2_of_5.png,FETAL_PLANES_DB,not head,Maternal cervix,,1248,train,Aloka
Patient01248_Plane4_3_of_5.png,FETAL_PLANES_DB,not head,Maternal cervix,,1248,train,Aloka
Patient01248_Plane4_4_of_5.png,FETAL_PLANES_DB,not head,Maternal cervix,,1248,train,Aloka
Patient01248_Plane4_5_of_5.png,FETAL_PLANES_DB,not head,Maternal cervix,,1248,train,Aloka
Patient01248_Plane5_1_of_1.png,FETAL_PLANES_DB,not head,Fetal femur,,1248,train,Aloka
Patient01248_Plane1_1_of_15.png,FETAL_PLANES_DB,not head,Other,,1248,train,Aloka
Patient01248_Plane1_2_of_15.png,FETAL_PLANES_DB,not head,Other,,1248,train,Aloka
Patient01248_Plane1_3_of_15.png,FETAL_PLANES_DB,not head,Other,,1248,train,Aloka
Patient01248_Plane1_4_of_15.png,FETAL_PLANES_DB,not head,Other,,1248,train,Aloka
Patient01248_Plane1_5_of_15.png,FETAL_PLANES_DB,not head,Other,,1248,train,Aloka
Patient01248_Plane1_6_of_15.png,FETAL_PLANES_DB,not head,Other,,1248,train,Aloka
Patient01248_Plane1_7_of_15.png,FETAL_PLANES_DB,not head,Other,,1248,train,Aloka
Patient01248_Plane1_8_of_15.png,FETAL_PLANES_DB,not head,Other,,1248,train,Aloka
Patient01248_Plane1_9_of_15.png,FETAL_PLANES_DB,not head,Other,,1248,train,Aloka
Patient01248_Plane1_10_of_15.png,FETAL_PLANES_DB,not head,Other,,1248,train,Aloka
Patient01248_Plane1_11_of_15.png,FETAL_PLANES_DB,not head,Other,,1248,train,Aloka
Patient01248_Plane1_12_of_15.png,FETAL_PLANES_DB,not head,Other,,1248,train,Aloka
Patient01248_Plane1_13_of_15.png,FETAL_PLANES_DB,not head,Other,,1248,train,Aloka
Patient01248_Plane1_14_of_15.png,FETAL_PLANES_DB,not head,Other,,1248,train,Aloka
Patient01248_Plane1_15_of_15.png,FETAL_PLANES_DB,not head,Other,,1248,train,Aloka
Patient01249_Plane2_1_of_1.png,FETAL_PLANES_DB,not head,Fetal abdomen,,1249,train,Aloka
Patient01249_Plane3_1_of_3.png,FETAL_PLANES_DB,head,Fetal brain,Other,1249,train,Aloka
Patient01249_Plane3_2_of_3.png,FETAL_PLANES_DB,head,Fetal brain,Other,1249,train,Aloka
Patient01249_Plane3_3_of_3.png,FETAL_PLANES_DB,head,Fetal brain,Other,1249,train,Aloka
Patient01249_Plane5_1_of_1.png,FETAL_PLANES_DB,not head,Fetal femur,,1249,train,Aloka
Patient01249_Plane6_1_of_1.png,FETAL_PLANES_DB,not head,Fetal thorax,,1249,train,Aloka
Patient01249_Plane1_1_of_7.png,FETAL_PLANES_DB,not head,Other,,1249,train,Aloka
Patient01249_Plane1_2_of_7.png,FETAL_PLANES_DB,not head,Other,,1249,train,Aloka
Patient01249_Plane1_3_of_7.png,FETAL_PLANES_DB,not head,Other,,1249,train,Aloka
Patient01249_Plane1_4_of_7.png,FETAL_PLANES_DB,not head,Other,,1249,train,Aloka
Patient01249_Plane1_5_of_7.png,FETAL_PLANES_DB,not head,Other,,1249,train,Aloka
Patient01249_Plane1_6_of_7.png,FETAL_PLANES_DB,not head,Other,,1249,train,Aloka
Patient01249_Plane1_7_of_7.png,FETAL_PLANES_DB,not head,Other,,1249,train,Aloka
Patient01252_Plane2_1_of_1.png,FETAL_PLANES_DB,not head,Fetal abdomen,,1252,train,Aloka
Patient01252_Plane3_1_of_2.png,FETAL_PLANES_DB,head,Fetal brain,Trans-ventricular,1252,train,Aloka
Patient01252_Plane3_2_of_2.png,FETAL_PLANES_DB,head,Fetal brain,Trans-ventricular,1252,train,Aloka
Patient01252_Plane1_1_of_17.png,FETAL_PLANES_DB,not head,Other,,1252,train,Aloka
Patient01252_Plane1_2_of_17.png,FETAL_PLANES_DB,not head,Other,,1252,train,Aloka
Patient01252_Plane1_3_of_17.png,FETAL_PLANES_DB,not head,Other,,1252,train,Aloka
Patient01252_Plane1_4_of_17.png,FETAL_PLANES_DB,not head,Other,,1252,train,Aloka
Patient01252_Plane1_5_of_17.png,FETAL_PLANES_DB,not head,Other,,1252,train,Aloka
Patient01252_Plane1_6_of_17.png,FETAL_PLANES_DB,not head,Other,,1252,train,Aloka
Patient01252_Plane1_7_of_17.png,FETAL_PLANES_DB,not head,Other,,1252,train,Aloka
Patient01252_Plane1_8_of_17.png,FETAL_PLANES_DB,not head,Other,,1252,train,Aloka
Patient01252_Plane1_9_of_17.png,FETAL_PLANES_DB,not head,Other,,1252,train,Aloka
Patient01252_Plane1_10_of_17.png,FETAL_PLANES_DB,not head,Other,,1252,train,Aloka
Patient01252_Plane1_11_of_17.png,FETAL_PLANES_DB,not head,Other,,1252,train,Aloka
Patient01252_Plane1_12_of_17.png,FETAL_PLANES_DB,not head,Other,,1252,train,Aloka
Patient01252_Plane1_13_of_17.png,FETAL_PLANES_DB,not head,Other,,1252,train,Aloka
Patient01252_Plane1_14_of_17.png,FETAL_PLANES_DB,not head,Other,,1252,train,Aloka
Patient01252_Plane1_15_of_17.png,FETAL_PLANES_DB,not head,Other,,1252,train,Aloka
Patient01252_Plane1_16_of_17.png,FETAL_PLANES_DB,not head,Other,,1252,train,Aloka
Patient01252_Plane1_17_of_17.png,FETAL_PLANES_DB,not head,Other,,1252,train,Aloka
Patient01253_Plane3_1_of_2.png,FETAL_PLANES_DB,head,Fetal brain,Trans-thalamic,1253,train,Voluson E6
Patient01253_Plane3_2_of_2.png,FETAL_PLANES_DB,head,Fetal brain,Trans-thalamic,1253,train,Voluson E6
Patient01253_Plane1_1_of_1.png,FETAL_PLANES_DB,not head,Other,,1253,train,Voluson E6
Patient01253_Plane6_1_of_1.png,FETAL_PLANES_DB,not head,Fetal thorax,,1253,train,Voluson E6
Patient01254_Plane2_1_of_1.png,FETAL_PLANES_DB,not head,Fetal abdomen,,1254,train,Voluson E6
Patient01254_Plane3_1_of_5.png,FETAL_PLANES_DB,head,Fetal brain,Trans-cerebellum,1254,train,Voluson E6
Patient01254_Plane3_2_of_5.png,FETAL_PLANES_DB,head,Fetal brain,Trans-thalamic,1254,train,Voluson E6
Patient01254_Plane3_3_of_5.png,FETAL_PLANES_DB,head,Fetal brain,Trans-thalamic,1254,train,Voluson E6
Patient01254_Plane3_4_of_5.png,FETAL_PLANES_DB,head,Fetal brain,Trans-ventricular,1254,train,Voluson E6
Patient01254_Plane3_5_of_5.png,FETAL_PLANES_DB,head,Fetal brain,Trans-cerebellum,1254,train,Voluson E6
Patient01254_Plane4_1_of_2.png,FETAL_PLANES_DB,not head,Maternal cervix,,1254,train,Voluson E6
Patient01254_Plane4_2_of_2.png,FETAL_PLANES_DB,not head,Maternal cervix,,1254,train,Voluson E6
Patient01254_Plane5_1_of_1.png,FETAL_PLANES_DB,not head,Fetal femur,,1254,train,Voluson E6
Patient01254_Plane1_1_of_1.png,FETAL_PLANES_DB,not head,Other,,1254,train,Voluson E6
Patient01254_Plane6_1_of_2.png,FETAL_PLANES_DB,not head,Fetal thorax,,1254,train,Voluson E6
Patient01254_Plane6_2_of_2.png,FETAL_PLANES_DB,not head,Fetal thorax,,1254,train,Voluson E6
Patient01255_Plane3_1_of_3.png,FETAL_PLANES_DB,head,Fetal brain,Trans-thalamic,1255,train,Voluson E6
Patient01255_Plane3_2_of_3.png,FETAL_PLANES_DB,head,Fetal brain,Trans-thalamic,1255,train,Voluson E6
Patient01255_Plane3_3_of_3.png,FETAL_PLANES_DB,head,Fetal brain,Trans-cerebellum,1255,train,Voluson E6
Patient01255_Plane6_1_of_1.png,FETAL_PLANES_DB,not head,Fetal thorax,,1255,train,Voluson E6
Patient01257_Plane2_1_of_1.png,FETAL_PLANES_DB,not head,Fetal abdomen,,1257,train,Aloka
Patient01257_Plane3_1_of_2.png,FETAL_PLANES_DB,head,Fetal brain,Trans-thalamic,1257,train,Aloka
Patient01257_Plane3_2_of_2.png,FETAL_PLANES_DB,head,Fetal brain,Trans-cerebellum,1257,train,Aloka
Patient01257_Plane4_1_of_3.png,FETAL_PLANES_DB,not head,Maternal cervix,,1257,train,Aloka
Patient01257_Plane4_2_of_3.png,FETAL_PLANES_DB,not head,Maternal cervix,,1257,train,Aloka
Patient01257_Plane4_3_of_3.png,FETAL_PLANES_DB,not head,Maternal cervix,,1257,train,Aloka
Patient01257_Plane5_1_of_1.png,FETAL_PLANES_DB,not head,Fetal femur,,1257,train,Aloka
Patient01257_Plane1_1_of_12.png,FETAL_PLANES_DB,not head,Other,,1257,train,Aloka
Patient01257_Plane1_2_of_12.png,FETAL_PLANES_DB,not head,Other,,1257,train,Aloka
Patient01257_Plane1_3_of_12.png,FETAL_PLANES_DB,not head,Other,,1257,train,Aloka
Patient01257_Plane1_4_of_12.png,FETAL_PLANES_DB,not head,Other,,1257,train,Aloka
Patient01257_Plane1_5_of_12.png,FETAL_PLANES_DB,not head,Other,,1257,train,Aloka
Patient01257_Plane1_6_of_12.png,FETAL_PLANES_DB,not head,Other,,1257,train,Aloka
Patient01257_Plane1_7_of_12.png,FETAL_PLANES_DB,not head,Other,,1257,train,Aloka
Patient01257_Plane1_8_of_12.png,FETAL_PLANES_DB,not head,Other,,1257,train,Aloka
Patient01257_Plane1_9_of_12.png,FETAL_PLANES_DB,not head,Other,,1257,train,Aloka
Patient01257_Plane1_10_of_12.png,FETAL_PLANES_DB,not head,Other,,1257,train,Aloka
Patient01257_Plane1_11_of_12.png,FETAL_PLANES_DB,not head,Other,,1257,train,Aloka
Patient01257_Plane1_12_of_12.png,FETAL_PLANES_DB,not head,Other,,1257,train,Aloka
Patient01258_Plane3_1_of_2.png,FETAL_PLANES_DB,head,Fetal brain,Trans-thalamic,1258,train,Aloka
Patient01258_Plane3_2_of_2.png,FETAL_PLANES_DB,head,Fetal brain,Trans-thalamic,1258,train,Aloka
Patient01258_Plane5_1_of_1.png,FETAL_PLANES_DB,not head,Fetal femur,,1258,train,Aloka
Patient01258_Plane1_1_of_5.png,FETAL_PLANES_DB,not head,Other,,1258,train,Aloka
Patient01258_Plane1_2_of_5.png,FETAL_PLANES_DB,not head,Other,,1258,train,Aloka
Patient01258_Plane1_3_of_5.png,FETAL_PLANES_DB,not head,Other,,1258,train,Aloka
Patient01258_Plane1_4_of_5.png,FETAL_PLANES_DB,not head,Other,,1258,train,Aloka
Patient01258_Plane1_5_of_5.png,FETAL_PLANES_DB,not head,Other,,1258,train,Aloka
Patient01259_Plane2_1_of_1.png,FETAL_PLANES_DB,not head,Fetal abdomen,,1259,train,Aloka
Patient01259_Plane3_1_of_2.png,FETAL_PLANES_DB,head,Fetal brain,Trans-thalamic,1259,train,Aloka
Patient01259_Plane3_2_of_2.png,FETAL_PLANES_DB,head,Fetal brain,Trans-thalamic,1259,train,Aloka
Patient01259_Plane4_1_of_1.png,FETAL_PLANES_DB,not head,Maternal cervix,,1259,train,Aloka
Patient01259_Plane1_1_of_7.png,FETAL_PLANES_DB,not head,Other,,1259,train,Aloka
Patient01259_Plane1_2_of_7.png,FETAL_PLANES_DB,not head,Other,,1259,train,Aloka
Patient01259_Plane1_3_of_7.png,FETAL_PLANES_DB,not head,Other,,1259,train,Aloka
Patient01259_Plane1_4_of_7.png,FETAL_PLANES_DB,not head,Other,,1259,train,Aloka
Patient01259_Plane1_5_of_7.png,FETAL_PLANES_DB,not head,Other,,1259,train,Aloka
Patient01259_Plane1_6_of_7.png,FETAL_PLANES_DB,not head,Other,,1259,train,Aloka
Patient01259_Plane1_7_of_7.png,FETAL_PLANES_DB,not head,Other,,1259,train,Aloka
Patient01260_Plane3_1_of_2.png,FETAL_PLANES_DB,head,Fetal brain,Trans-thalamic,1260,train,Aloka
Patient01260_Plane3_2_of_2.png,FETAL_PLANES_DB,head,Fetal brain,Trans-thalamic,1260,train,Aloka
Patient01260_Plane5_1_of_1.png,FETAL_PLANES_DB,not head,Fetal femur,,1260,train,Aloka
Patient01262_Plane2_1_of_1.png,FETAL_PLANES_DB,not head,Fetal abdomen,,1262,train,Voluson E6
Patient01262_Plane3_1_of_4.png,FETAL_PLANES_DB,head,Fetal brain,Trans-ventricular,1262,train,Voluson E6
Patient01262_Plane3_2_of_4.png,FETAL_PLANES_DB,head,Fetal brain,Trans-ventricular,1262,train,Voluson E6
Patient01262_Plane3_3_of_4.png,FETAL_PLANES_DB,head,Fetal brain,Trans-cerebellum,1262,train,Voluson E6
Patient01262_Plane3_4_of_4.png,FETAL_PLANES_DB,head,Fetal brain,Trans-ventricular,1262,train,Voluson E6
Patient01262_Plane4_1_of_3.png,FETAL_PLANES_DB,not head,Maternal cervix,,1262,train,Voluson E6
Patient01262_Plane4_2_of_3.png,FETAL_PLANES_DB,not head,Maternal cervix,,1262,train,Voluson E6
Patient01262_Plane4_3_of_3.png,FETAL_PLANES_DB,not head,Maternal cervix,,1262,train,Voluson E6
Patient01262_Plane5_1_of_5.png,FETAL_PLANES_DB,not head,Fetal femur,,1262,train,Voluson E6
Patient01262_Plane5_2_of_5.png,FETAL_PLANES_DB,not head,Fetal femur,,1262,train,Voluson E6
Patient01262_Plane5_3_of_5.png,FETAL_PLANES_DB,not head,Fetal femur,,1262,train,Voluson E6
Patient01262_Plane5_4_of_5.png,FETAL_PLANES_DB,not head,Fetal femur,,1262,train,Voluson E6
Patient01262_Plane5_5_of_5.png,FETAL_PLANES_DB,not head,Fetal femur,,1262,train,Voluson E6
Patient01262_Plane6_1_of_2.png,FETAL_PLANES_DB,not head,Fetal thorax,,1262,train,Voluson E6
Patient01262_Plane6_2_of_2.png,FETAL_PLANES_DB,not head,Fetal thorax,,1262,train,Voluson E6
Patient01263_Plane3_1_of_3.png,FETAL_PLANES_DB,head,Fetal brain,Trans-thalamic,1263,train,Voluson E6
Patient01263_Plane3_2_of_3.png,FETAL_PLANES_DB,head,Fetal brain,Trans-thalamic,1263,train,Voluson E6
Patient01263_Plane3_3_of_3.png,FETAL_PLANES_DB,head,Fetal brain,Trans-thalamic,1263,train,Voluson E6
Patient01265_Plane2_1_of_2.png,FETAL_PLANES_DB,not head,Fetal abdomen,,1265,train,Voluson E6
Patient01265_Plane2_2_of_2.png,FETAL_PLANES_DB,not head,Fetal abdomen,,1265,train,Voluson E6
Patient01265_Plane3_1_of_3.png,FETAL_PLANES_DB,head,Fetal brain,Trans-thalamic,1265,train,Voluson E6
Patient01265_Plane3_2_of_3.png,FETAL_PLANES_DB,head,Fetal brain,Trans-thalamic,1265,train,Voluson E6
Patient01265_Plane3_3_of_3.png,FETAL_PLANES_DB,head,Fetal brain,Trans-cerebellum,1265,train,Voluson E6
Patient01265_Plane4_1_of_2.png,FETAL_PLANES_DB,not head,Maternal cervix,,1265,train,Voluson E6
Patient01265_Plane4_2_of_2.png,FETAL_PLANES_DB,not head,Maternal cervix,,1265,train,Voluson E6
Patient01265_Plane5_1_of_2.png,FETAL_PLANES_DB,not head,Fetal femur,,1265,train,Voluson E6
Patient01265_Plane5_2_of_2.png,FETAL_PLANES_DB,not head,Fetal femur,,1265,train,Voluson E6
Patient01265_Plane6_1_of_1.png,FETAL_PLANES_DB,not head,Fetal thorax,,1265,train,Voluson E6
Patient01267_Plane2_1_of_1.png,FETAL_PLANES_DB,not head,Fetal abdomen,,1267,train,Voluson E6
Patient01267_Plane3_1_of_4.png,FETAL_PLANES_DB,head,Fetal brain,Trans-thalamic,1267,train,Voluson E6
Patient01267_Plane3_2_of_4.png,FETAL_PLANES_DB,head,Fetal brain,Trans-thalamic,1267,train,Voluson E6
Patient01267_Plane3_3_of_4.png,FETAL_PLANES_DB,head,Fetal brain,Trans-cerebellum,1267,train,Voluson E6
Patient01267_Plane3_4_of_4.png,FETAL_PLANES_DB,head,Fetal brain,Trans-ventricular,1267,train,Voluson E6
Patient01267_Plane4_1_of_3.png,FETAL_PLANES_DB,not head,Maternal cervix,,1267,train,Voluson E6
Patient01267_Plane4_2_of_3.png,FETAL_PLANES_DB,not head,Maternal cervix,,1267,train,Voluson E6
Patient01267_Plane4_3_of_3.png,FETAL_PLANES_DB,not head,Maternal cervix,,1267,train,Voluson E6
Patient01267_Plane5_1_of_2.png,FETAL_PLANES_DB,not head,Fetal femur,,1267,train,Voluson E6
Patient01267_Plane5_2_of_2.png,FETAL_PLANES_DB,not head,Fetal femur,,1267,train,Voluson E6
Patient01267_Plane6_1_of_1.png,FETAL_PLANES_DB,not head,Fetal thorax,,1267,train,Voluson E6
Patient01268_Plane3_1_of_1.png,FETAL_PLANES_DB,head,Fetal brain,Trans-thalamic,1268,train,Voluson E6
Patient01268_Plane5_1_of_1.png,FETAL_PLANES_DB,not head,Fetal femur,,1268,train,Voluson E6
Patient01268_Plane1_1_of_1.png,FETAL_PLANES_DB,not head,Other,,1268,train,Voluson E6
Patient01270_Plane5_1_of_2.png,FETAL_PLANES_DB,not head,Fetal femur,,1270,train,Voluson E6
Patient01270_Plane5_2_of_2.png,FETAL_PLANES_DB,not head,Fetal femur,,1270,train,Voluson E6
Patient01274_Plane2_1_of_1.png,FETAL_PLANES_DB,not head,Fetal abdomen,,1274,train,Voluson E6
Patient01274_Plane3_1_of_4.png,FETAL_PLANES_DB,head,Fetal brain,Trans-cerebellum,1274,train,Voluson E6
Patient01274_Plane3_2_of_4.png,FETAL_PLANES_DB,head,Fetal brain,Trans-thalamic,1274,train,Voluson E6
Patient01274_Plane3_3_of_4.png,FETAL_PLANES_DB,head,Fetal brain,Trans-ventricular,1274,train,Voluson E6
Patient01274_Plane3_4_of_4.png,FETAL_PLANES_DB,head,Fetal brain,Trans-thalamic,1274,train,Voluson E6
Patient01274_Plane4_1_of_4.png,FETAL_PLANES_DB,not head,Maternal cervix,,1274,train,Voluson E6
Patient01274_Plane4_2_of_4.png,FETAL_PLANES_DB,not head,Maternal cervix,,1274,train,Voluson E6
Patient01274_Plane4_3_of_4.png,FETAL_PLANES_DB,not head,Maternal cervix,,1274,train,Voluson E6
Patient01274_Plane4_4_of_4.png,FETAL_PLANES_DB,not head,Maternal cervix,,1274,train,Voluson E6
Patient01274_Plane5_1_of_3.png,FETAL_PLANES_DB,not head,Fetal femur,,1274,train,Voluson E6
Patient01274_Plane5_2_of_3.png,FETAL_PLANES_DB,not head,Fetal femur,,1274,train,Voluson E6
Patient01274_Plane5_3_of_3.png,FETAL_PLANES_DB,not head,Fetal femur,,1274,train,Voluson E6
Patient01276_Plane3_1_of_2.png,FETAL_PLANES_DB,head,Fetal brain,Trans-thalamic,1276,train,Voluson E6
Patient01276_Plane3_2_of_2.png,FETAL_PLANES_DB,head,Fetal brain,Trans-thalamic,1276,train,Voluson E6
Patient01277_Plane3_1_of_1.png,FETAL_PLANES_DB,head,Fetal brain,Trans-thalamic,1277,train,Voluson E6
Patient01278_Plane3_1_of_1.png,FETAL_PLANES_DB,head,Fetal brain,Trans-ventricular,1278,train,Voluson E6
Patient01278_Plane5_1_of_1.png,FETAL_PLANES_DB,not head,Fetal femur,,1278,train,Voluson E6
Patient01278_Plane1_1_of_1.png,FETAL_PLANES_DB,not head,Other,,1278,train,Voluson E6
Patient01280_Plane3_1_of_5.png,FETAL_PLANES_DB,head,Fetal brain,Trans-thalamic,1280,train,Voluson E6
Patient01280_Plane3_2_of_5.png,FETAL_PLANES_DB,head,Fetal brain,Trans-ventricular,1280,train,Voluson E6
Patient01280_Plane3_3_of_5.png,FETAL_PLANES_DB,head,Fetal brain,Other,1280,train,Voluson E6
Patient01280_Plane3_4_of_5.png,FETAL_PLANES_DB,head,Fetal brain,Trans-cerebellum,1280,train,Voluson E6
Patient01280_Plane3_5_of_5.png,FETAL_PLANES_DB,head,Fetal brain,Trans-ventricular,1280,train,Voluson E6
Patient01280_Plane4_1_of_3.png,FETAL_PLANES_DB,not head,Maternal cervix,,1280,train,Voluson E6
Patient01280_Plane4_2_of_3.png,FETAL_PLANES_DB,not head,Maternal cervix,,1280,train,Voluson E6
Patient01280_Plane4_3_of_3.png,FETAL_PLANES_DB,not head,Maternal cervix,,1280,train,Voluson E6
Patient01280_Plane5_1_of_1.png,FETAL_PLANES_DB,not head,Fetal femur,,1280,train,Voluson E6
Patient01282_Plane3_1_of_1.png,FETAL_PLANES_DB,head,Fetal brain,Trans-thalamic,1282,train,Voluson E6
Patient01282_Plane1_1_of_1.png,FETAL_PLANES_DB,not head,Other,,1282,train,Voluson E6
Patient01283_Plane6_1_of_1.png,FETAL_PLANES_DB,not head,Fetal thorax,,1283,train,Voluson E6
Patient01284_Plane3_1_of_1.png,FETAL_PLANES_DB,head,Fetal brain,Other,1284,train,Voluson E6
Patient01284_Plane6_1_of_2.png,FETAL_PLANES_DB,not head,Fetal thorax,,1284,train,Voluson E6
Patient01284_Plane6_2_of_2.png,FETAL_PLANES_DB,not head,Fetal thorax,,1284,train,Voluson E6
Patient01285_Plane3_1_of_1.png,FETAL_PLANES_DB,head,Fetal brain,Trans-thalamic,1285,train,Voluson E6
Patient01286_Plane3_1_of_5.png,FETAL_PLANES_DB,head,Fetal brain,Trans-thalamic,1286,train,Voluson E6
Patient01286_Plane3_2_of_5.png,FETAL_PLANES_DB,head,Fetal brain,Trans-thalamic,1286,train,Voluson E6
Patient01286_Plane3_3_of_5.png,FETAL_PLANES_DB,head,Fetal brain,Trans-thalamic,1286,train,Voluson E6
Patient01286_Plane3_4_of_5.png,FETAL_PLANES_DB,head,Fetal brain,Trans-ventricular,1286,train,Voluson E6
Patient01286_Plane3_5_of_5.png,FETAL_PLANES_DB,head,Fetal brain,Trans-ventricular,1286,train,Voluson E6
Patient01286_Plane4_1_of_5.png,FETAL_PLANES_DB,not head,Maternal cervix,,1286,train,Voluson E6
Patient01286_Plane4_2_of_5.png,FETAL_PLANES_DB,not head,Maternal cervix,,1286,train,Voluson E6
Patient01286_Plane4_3_of_5.png,FETAL_PLANES_DB,not head,Maternal cervix,,1286,train,Voluson E6
Patient01286_Plane4_4_of_5.png,FETAL_PLANES_DB,not head,Maternal cervix,,1286,train,Voluson E6
Patient01286_Plane4_5_of_5.png,FETAL_PLANES_DB,not head,Maternal cervix,,1286,train,Voluson E6
Patient01286_Plane5_1_of_2.png,FETAL_PLANES_DB,not head,Fetal femur,,1286,train,Voluson E6
Patient01286_Plane5_2_of_2.png,FETAL_PLANES_DB,not head,Fetal femur,,1286,train,Voluson E6
Patient01286_Plane1_1_of_1.png,FETAL_PLANES_DB,not head,Other,,1286,train,Voluson E6
Patient01287_Plane2_1_of_1.png,FETAL_PLANES_DB,not head,Fetal abdomen,,1287,train,Aloka
Patient01287_Plane3_1_of_1.png,FETAL_PLANES_DB,head,Fetal brain,Trans-cerebellum,1287,train,Aloka
Patient01287_Plane5_1_of_1.png,FETAL_PLANES_DB,not head,Fetal femur,,1287,train,Aloka
Patient01287_Plane6_1_of_1.png,FETAL_PLANES_DB,not head,Fetal thorax,,1287,train,Aloka
Patient01287_Plane1_1_of_10.png,FETAL_PLANES_DB,not head,Other,,1287,train,Aloka
Patient01287_Plane1_2_of_10.png,FETAL_PLANES_DB,not head,Other,,1287,train,Aloka
Patient01287_Plane1_3_of_10.png,FETAL_PLANES_DB,not head,Other,,1287,train,Aloka
Patient01287_Plane1_4_of_10.png,FETAL_PLANES_DB,not head,Other,,1287,train,Aloka
Patient01287_Plane1_5_of_10.png,FETAL_PLANES_DB,not head,Other,,1287,train,Aloka
Patient01287_Plane1_6_of_10.png,FETAL_PLANES_DB,not head,Other,,1287,train,Aloka
Patient01287_Plane1_7_of_10.png,FETAL_PLANES_DB,not head,Other,,1287,train,Aloka
Patient01287_Plane1_8_of_10.png,FETAL_PLANES_DB,not head,Other,,1287,train,Aloka
Patient01287_Plane1_9_of_10.png,FETAL_PLANES_DB,not head,Other,,1287,train,Aloka
Patient01287_Plane1_10_of_10.png,FETAL_PLANES_DB,not head,Other,,1287,train,Aloka
Patient01290_Plane2_1_of_1.png,FETAL_PLANES_DB,not head,Fetal abdomen,,1290,train,Aloka
Patient01290_Plane3_1_of_1.png,FETAL_PLANES_DB,head,Fetal brain,Trans-thalamic,1290,train,Aloka
Patient01290_Plane5_1_of_1.png,FETAL_PLANES_DB,not head,Fetal femur,,1290,train,Aloka
Patient01290_Plane1_1_of_4.png,FETAL_PLANES_DB,not head,Other,,1290,train,Aloka
Patient01290_Plane1_2_of_4.png,FETAL_PLANES_DB,not head,Other,,1290,train,Aloka
Patient01290_Plane1_3_of_4.png,FETAL_PLANES_DB,not head,Other,,1290,train,Aloka
Patient01290_Plane1_4_of_4.png,FETAL_PLANES_DB,not head,Other,,1290,train,Aloka
Patient01291_Plane2_1_of_1.png,FETAL_PLANES_DB,not head,Fetal abdomen,,1291,train,Voluson E6
Patient01291_Plane3_1_of_2.png,FETAL_PLANES_DB,head,Fetal brain,Trans-ventricular,1291,train,Voluson E6
Patient01291_Plane3_2_of_2.png,FETAL_PLANES_DB,head,Fetal brain,Trans-cerebellum,1291,train,Voluson E6
Patient01291_Plane6_1_of_3.png,FETAL_PLANES_DB,not head,Fetal thorax,,1291,train,Voluson E6
Patient01291_Plane6_2_of_3.png,FETAL_PLANES_DB,not head,Fetal thorax,,1291,train,Voluson E6
Patient01291_Plane6_3_of_3.png,FETAL_PLANES_DB,not head,Fetal thorax,,1291,train,Voluson E6
Patient01296_Plane3_1_of_5.png,FETAL_PLANES_DB,head,Fetal brain,Trans-cerebellum,1296,train,Voluson E6
Patient01296_Plane3_2_of_5.png,FETAL_PLANES_DB,head,Fetal brain,Trans-cerebellum,1296,train,Voluson E6
Patient01296_Plane3_3_of_5.png,FETAL_PLANES_DB,head,Fetal brain,Trans-ventricular,1296,train,Voluson E6
Patient01296_Plane3_4_of_5.png,FETAL_PLANES_DB,head,Fetal brain,Trans-ventricular,1296,train,Voluson E6
Patient01296_Plane3_5_of_5.png,FETAL_PLANES_DB,head,Fetal brain,Trans-thalamic,1296,train,Voluson E6
Patient01296_Plane1_1_of_1.png,FETAL_PLANES_DB,not head,Other,,1296,train,Voluson E6
Patient01296_Plane6_1_of_5.png,FETAL_PLANES_DB,not head,Fetal thorax,,1296,train,Voluson E6
Patient01296_Plane6_2_of_5.png,FETAL_PLANES_DB,not head,Fetal thorax,,1296,train,Voluson E6
Patient01296_Plane6_3_of_5.png,FETAL_PLANES_DB,not head,Fetal thorax,,1296,train,Voluson E6
Patient01296_Plane6_4_of_5.png,FETAL_PLANES_DB,not head,Fetal thorax,,1296,train,Voluson E6
Patient01296_Plane6_5_of_5.png,FETAL_PLANES_DB,not head,Fetal thorax,,1296,train,Voluson E6
Patient01297_Plane2_1_of_1.png,FETAL_PLANES_DB,not head,Fetal abdomen,,1297,train,Voluson E6
Patient01297_Plane3_1_of_4.png,FETAL_PLANES_DB,head,Fetal brain,Trans-thalamic,1297,train,Voluson E6
Patient01297_Plane3_2_of_4.png,FETAL_PLANES_DB,head,Fetal brain,Trans-thalamic,1297,train,Voluson E6
Patient01297_Plane3_3_of_4.png,FETAL_PLANES_DB,head,Fetal brain,Trans-thalamic,1297,train,Voluson E6
Patient01297_Plane3_4_of_4.png,FETAL_PLANES_DB,head,Fetal brain,Trans-cerebellum,1297,train,Voluson E6
Patient01297_Plane6_1_of_3.png,FETAL_PLANES_DB,not head,Fetal thorax,,1297,train,Voluson E6
Patient01297_Plane6_2_of_3.png,FETAL_PLANES_DB,not head,Fetal thorax,,1297,train,Voluson E6
Patient01297_Plane6_3_of_3.png,FETAL_PLANES_DB,not head,Fetal thorax,,1297,train,Voluson E6
Patient01299_Plane2_1_of_1.png,FETAL_PLANES_DB,not head,Fetal abdomen,,1299,train,Voluson E6
Patient01299_Plane3_1_of_4.png,FETAL_PLANES_DB,head,Fetal brain,Trans-thalamic,1299,train,Voluson E6
Patient01299_Plane3_2_of_4.png,FETAL_PLANES_DB,head,Fetal brain,Trans-cerebellum,1299,train,Voluson E6
Patient01299_Plane3_3_of_4.png,FETAL_PLANES_DB,head,Fetal brain,Trans-thalamic,1299,train,Voluson E6
Patient01299_Plane3_4_of_4.png,FETAL_PLANES_DB,head,Fetal brain,Trans-thalamic,1299,train,Voluson E6
Patient01299_Plane5_1_of_2.png,FETAL_PLANES_DB,not head,Fetal femur,,1299,train,Voluson E6
Patient01299_Plane5_2_of_2.png,FETAL_PLANES_DB,not head,Fetal femur,,1299,train,Voluson E6
Patient01299_Plane1_1_of_1.png,FETAL_PLANES_DB,not head,Other,,1299,train,Voluson E6
Patient01299_Plane6_1_of_4.png,FETAL_PLANES_DB,not head,Fetal thorax,,1299,train,Voluson E6
Patient01299_Plane6_2_of_4.png,FETAL_PLANES_DB,not head,Fetal thorax,,1299,train,Voluson E6
Patient01299_Plane6_3_of_4.png,FETAL_PLANES_DB,not head,Fetal thorax,,1299,train,Voluson E6
Patient01299_Plane6_4_of_4.png,FETAL_PLANES_DB,not head,Fetal thorax,,1299,train,Voluson E6
Patient01300_Plane3_1_of_6.png,FETAL_PLANES_DB,head,Fetal brain,Trans-ventricular,1300,train,Voluson E6
Patient01300_Plane3_2_of_6.png,FETAL_PLANES_DB,head,Fetal brain,Trans-cerebellum,1300,train,Voluson E6
Patient01300_Plane3_3_of_6.png,FETAL_PLANES_DB,head,Fetal brain,Trans-cerebellum,1300,train,Voluson E6
Patient01300_Plane3_4_of_6.png,FETAL_PLANES_DB,head,Fetal brain,Trans-thalamic,1300,train,Voluson E6
Patient01300_Plane3_5_of_6.png,FETAL_PLANES_DB,head,Fetal brain,Trans-thalamic,1300,train,Voluson E6
Patient01300_Plane3_6_of_6.png,FETAL_PLANES_DB,head,Fetal brain,Trans-ventricular,1300,train,Voluson E6
Patient01300_Plane1_1_of_1.png,FETAL_PLANES_DB,not head,Other,,1300,train,Voluson E6
Patient01300_Plane6_1_of_2.png,FETAL_PLANES_DB,not head,Fetal thorax,,1300,train,Voluson E6
Patient01300_Plane6_2_of_2.png,FETAL_PLANES_DB,not head,Fetal thorax,,1300,train,Voluson E6
Patient01301_Plane2_1_of_2.png,FETAL_PLANES_DB,not head,Fetal abdomen,,1301,train,Voluson E6
Patient01301_Plane2_2_of_2.png,FETAL_PLANES_DB,not head,Fetal abdomen,,1301,train,Voluson E6
Patient01301_Plane3_1_of_7.png,FETAL_PLANES_DB,head,Fetal brain,Other,1301,train,Voluson E6
Patient01301_Plane3_2_of_7.png,FETAL_PLANES_DB,head,Fetal brain,Trans-cerebellum,1301,train,Voluson E6
Patient01301_Plane3_3_of_7.png,FETAL_PLANES_DB,head,Fetal brain,Trans-ventricular,1301,train,Voluson E6
Patient01301_Plane3_4_of_7.png,FETAL_PLANES_DB,head,Fetal brain,Trans-ventricular,1301,train,Voluson E6
Patient01301_Plane3_5_of_7.png,FETAL_PLANES_DB,head,Fetal brain,Trans-thalamic,1301,train,Voluson E6
Patient01301_Plane3_6_of_7.png,FETAL_PLANES_DB,head,Fetal brain,Trans-thalamic,1301,train,Voluson E6
Patient01301_Plane3_7_of_7.png,FETAL_PLANES_DB,head,Fetal brain,Trans-cerebellum,1301,train,Voluson E6
Patient01301_Plane4_1_of_4.png,FETAL_PLANES_DB,not head,Maternal cervix,,1301,train,Voluson E6
Patient01301_Plane4_2_of_4.png,FETAL_PLANES_DB,not head,Maternal cervix,,1301,train,Voluson E6
Patient01301_Plane4_3_of_4.png,FETAL_PLANES_DB,not head,Maternal cervix,,1301,train,Voluson E6
Patient01301_Plane4_4_of_4.png,FETAL_PLANES_DB,not head,Maternal cervix,,1301,train,Voluson E6
Patient01301_Plane5_1_of_2.png,FETAL_PLANES_DB,not head,Fetal femur,,1301,train,Voluson E6
Patient01301_Plane5_2_of_2.png,FETAL_PLANES_DB,not head,Fetal femur,,1301,train,Voluson E6
Patient01301_Plane1_1_of_1.png,FETAL_PLANES_DB,not head,Other,,1301,train,Voluson E6
Patient01301_Plane6_1_of_5.png,FETAL_PLANES_DB,not head,Fetal thorax,,1301,train,Voluson E6
Patient01301_Plane6_2_of_5.png,FETAL_PLANES_DB,not head,Fetal thorax,,1301,train,Voluson E6
Patient01301_Plane6_3_of_5.png,FETAL_PLANES_DB,not head,Fetal thorax,,1301,train,Voluson E6
Patient01301_Plane6_4_of_5.png,FETAL_PLANES_DB,not head,Fetal thorax,,1301,train,Voluson E6
Patient01301_Plane6_5_of_5.png,FETAL_PLANES_DB,not head,Fetal thorax,,1301,train,Voluson E6
Patient01303_Plane3_1_of_3.png,FETAL_PLANES_DB,head,Fetal brain,Trans-cerebellum,1303,train,Voluson E6
Patient01303_Plane3_2_of_3.png,FETAL_PLANES_DB,head,Fetal brain,Trans-ventricular,1303,train,Voluson E6
Patient01303_Plane3_3_of_3.png,FETAL_PLANES_DB,head,Fetal brain,Trans-cerebellum,1303,train,Voluson E6
Patient01303_Plane1_1_of_1.png,FETAL_PLANES_DB,not head,Other,,1303,train,Voluson E6
Patient01303_Plane6_1_of_2.png,FETAL_PLANES_DB,not head,Fetal thorax,,1303,train,Voluson E6
Patient01303_Plane6_2_of_2.png,FETAL_PLANES_DB,not head,Fetal thorax,,1303,train,Voluson E6
Patient01304_Plane2_1_of_1.png,FETAL_PLANES_DB,not head,Fetal abdomen,,1304,train,Voluson E6
Patient01304_Plane3_1_of_6.png,FETAL_PLANES_DB,head,Fetal brain,Trans-ventricular,1304,train,Voluson E6
Patient01304_Plane3_2_of_6.png,FETAL_PLANES_DB,head,Fetal brain,Trans-ventricular,1304,train,Voluson E6
Patient01304_Plane3_3_of_6.png,FETAL_PLANES_DB,head,Fetal brain,Trans-cerebellum,1304,train,Voluson E6
Patient01304_Plane3_4_of_6.png,FETAL_PLANES_DB,head,Fetal brain,Other,1304,train,Voluson E6
Patient01304_Plane3_5_of_6.png,FETAL_PLANES_DB,head,Fetal brain,Trans-cerebellum,1304,train,Voluson E6
Patient01304_Plane3_6_of_6.png,FETAL_PLANES_DB,head,Fetal brain,Trans-cerebellum,1304,train,Voluson E6
Patient01304_Plane4_1_of_10.png,FETAL_PLANES_DB,not head,Maternal cervix,,1304,train,Voluson E6
Patient01304_Plane4_2_of_10.png,FETAL_PLANES_DB,not head,Maternal cervix,,1304,train,Voluson E6
Patient01304_Plane4_3_of_10.png,FETAL_PLANES_DB,not head,Maternal cervix,,1304,train,Voluson E6
Patient01304_Plane4_4_of_10.png,FETAL_PLANES_DB,not head,Maternal cervix,,1304,train,Voluson E6
Patient01304_Plane4_5_of_10.png,FETAL_PLANES_DB,not head,Maternal cervix,,1304,train,Voluson E6
Patient01304_Plane4_6_of_10.png,FETAL_PLANES_DB,not head,Maternal cervix,,1304,train,Voluson E6
Patient01304_Plane4_7_of_10.png,FETAL_PLANES_DB,not head,Maternal cervix,,1304,train,Voluson E6
Patient01304_Plane4_8_of_10.png,FETAL_PLANES_DB,not head,Maternal cervix,,1304,train,Voluson E6
Patient01304_Plane4_9_of_10.png,FETAL_PLANES_DB,not head,Maternal cervix,,1304,train,Voluson E6
Patient01304_Plane4_10_of_10.png,FETAL_PLANES_DB,not head,Maternal cervix,,1304,train,Voluson E6
Patient01304_Plane5_1_of_2.png,FETAL_PLANES_DB,not head,Fetal femur,,1304,train,Voluson E6
Patient01304_Plane5_2_of_2.png,FETAL_PLANES_DB,not head,Fetal femur,,1304,train,Voluson E6
Patient01304_Plane1_1_of_1.png,FETAL_PLANES_DB,not head,Other,,1304,train,Voluson E6
Patient01304_Plane6_1_of_3.png,FETAL_PLANES_DB,not head,Fetal thorax,,1304,train,Voluson E6
Patient01304_Plane6_2_of_3.png,FETAL_PLANES_DB,not head,Fetal thorax,,1304,train,Voluson E6
Patient01304_Plane6_3_of_3.png,FETAL_PLANES_DB,not head,Fetal thorax,,1304,train,Voluson E6
Patient01307_Plane3_1_of_2.png,FETAL_PLANES_DB,head,Fetal brain,Trans-thalamic,1307,train,Aloka
Patient01307_Plane3_2_of_2.png,FETAL_PLANES_DB,head,Fetal brain,Trans-ventricular,1307,train,Aloka
Patient01307_Plane5_1_of_2.png,FETAL_PLANES_DB,not head,Fetal femur,,1307,train,Aloka
Patient01307_Plane5_2_of_2.png,FETAL_PLANES_DB,not head,Fetal femur,,1307,train,Aloka
Patient01307_Plane1_1_of_25.png,FETAL_PLANES_DB,not head,Other,,1307,train,Aloka
Patient01307_Plane6_1_of_1.png,FETAL_PLANES_DB,not head,Fetal thorax,,1307,train,Aloka
Patient01307_Plane1_2_of_25.png,FETAL_PLANES_DB,not head,Other,,1307,train,Aloka
Patient01307_Plane1_3_of_25.png,FETAL_PLANES_DB,not head,Other,,1307,train,Aloka
Patient01307_Plane1_4_of_25.png,FETAL_PLANES_DB,not head,Other,,1307,train,Aloka
Patient01307_Plane1_5_of_25.png,FETAL_PLANES_DB,not head,Other,,1307,train,Aloka
Patient01307_Plane1_6_of_25.png,FETAL_PLANES_DB,not head,Other,,1307,train,Aloka
Patient01307_Plane1_7_of_25.png,FETAL_PLANES_DB,not head,Other,,1307,train,Aloka
Patient01307_Plane1_8_of_25.png,FETAL_PLANES_DB,not head,Other,,1307,train,Aloka
Patient01307_Plane1_9_of_25.png,FETAL_PLANES_DB,not head,Other,,1307,train,Aloka
Patient01307_Plane1_10_of_25.png,FETAL_PLANES_DB,not head,Other,,1307,train,Aloka
Patient01307_Plane1_11_of_25.png,FETAL_PLANES_DB,not head,Other,,1307,train,Aloka
Patient01307_Plane1_12_of_25.png,FETAL_PLANES_DB,not head,Other,,1307,train,Aloka
Patient01307_Plane1_13_of_25.png,FETAL_PLANES_DB,not head,Other,,1307,train,Aloka
Patient01307_Plane1_14_of_25.png,FETAL_PLANES_DB,not head,Other,,1307,train,Aloka
Patient01307_Plane1_15_of_25.png,FETAL_PLANES_DB,not head,Other,,1307,train,Aloka
Patient01307_Plane1_16_of_25.png,FETAL_PLANES_DB,not head,Other,,1307,train,Aloka
Patient01307_Plane1_17_of_25.png,FETAL_PLANES_DB,not head,Other,,1307,train,Aloka
Patient01307_Plane1_18_of_25.png,FETAL_PLANES_DB,not head,Other,,1307,train,Aloka
Patient01307_Plane1_19_of_25.png,FETAL_PLANES_DB,not head,Other,,1307,train,Aloka
Patient01307_Plane1_20_of_25.png,FETAL_PLANES_DB,not head,Other,,1307,train,Aloka
Patient01307_Plane1_21_of_25.png,FETAL_PLANES_DB,not head,Other,,1307,train,Aloka
Patient01307_Plane1_22_of_25.png,FETAL_PLANES_DB,not head,Other,,1307,train,Aloka
Patient01307_Plane1_23_of_25.png,FETAL_PLANES_DB,not head,Other,,1307,train,Aloka
Patient01307_Plane1_24_of_25.png,FETAL_PLANES_DB,not head,Other,,1307,train,Aloka
Patient01307_Plane1_25_of_25.png,FETAL_PLANES_DB,not head,Other,,1307,train,Aloka
Patient01308_Plane3_1_of_3.png,FETAL_PLANES_DB,head,Fetal brain,Trans-thalamic,1308,train,Aloka
Patient01308_Plane3_2_of_3.png,FETAL_PLANES_DB,head,Fetal brain,Trans-cerebellum,1308,train,Aloka
Patient01308_Plane3_3_of_3.png,FETAL_PLANES_DB,head,Fetal brain,Trans-ventricular,1308,train,Aloka
Patient01308_Plane5_1_of_1.png,FETAL_PLANES_DB,not head,Fetal femur,,1308,train,Aloka
Patient01308_Plane1_1_of_9.png,FETAL_PLANES_DB,not head,Other,,1308,train,Aloka
Patient01308_Plane1_2_of_9.png,FETAL_PLANES_DB,not head,Other,,1308,train,Aloka
Patient01308_Plane1_3_of_9.png,FETAL_PLANES_DB,not head,Other,,1308,train,Aloka
Patient01308_Plane1_4_of_9.png,FETAL_PLANES_DB,not head,Other,,1308,train,Aloka
Patient01308_Plane1_5_of_9.png,FETAL_PLANES_DB,not head,Other,,1308,train,Aloka
Patient01308_Plane1_6_of_9.png,FETAL_PLANES_DB,not head,Other,,1308,train,Aloka
Patient01308_Plane1_7_of_9.png,FETAL_PLANES_DB,not head,Other,,1308,train,Aloka
Patient01308_Plane1_8_of_9.png,FETAL_PLANES_DB,not head,Other,,1308,train,Aloka
Patient01308_Plane1_9_of_9.png,FETAL_PLANES_DB,not head,Other,,1308,train,Aloka
Patient01310_Plane2_1_of_1.png,FETAL_PLANES_DB,not head,Fetal abdomen,,1310,train,Voluson E6
Patient01310_Plane3_1_of_5.png,FETAL_PLANES_DB,head,Fetal brain,Trans-thalamic,1310,train,Voluson E6
Patient01310_Plane3_2_of_5.png,FETAL_PLANES_DB,head,Fetal brain,Trans-ventricular,1310,train,Voluson E6
Patient01310_Plane3_3_of_5.png,FETAL_PLANES_DB,head,Fetal brain,Trans-cerebellum,1310,train,Voluson E6
Patient01310_Plane3_4_of_5.png,FETAL_PLANES_DB,head,Fetal brain,Trans-thalamic,1310,train,Voluson E6
Patient01310_Plane3_5_of_5.png,FETAL_PLANES_DB,head,Fetal brain,Trans-cerebellum,1310,train,Voluson E6
Patient01310_Plane4_1_of_7.png,FETAL_PLANES_DB,not head,Maternal cervix,,1310,train,Voluson E6
Patient01310_Plane4_2_of_7.png,FETAL_PLANES_DB,not head,Maternal cervix,,1310,train,Voluson E6
Patient01310_Plane4_3_of_7.png,FETAL_PLANES_DB,not head,Maternal cervix,,1310,train,Voluson E6
Patient01310_Plane4_4_of_7.png,FETAL_PLANES_DB,not head,Maternal cervix,,1310,train,Voluson E6
Patient01310_Plane4_5_of_7.png,FETAL_PLANES_DB,not head,Maternal cervix,,1310,train,Voluson E6
Patient01310_Plane4_6_of_7.png,FETAL_PLANES_DB,not head,Maternal cervix,,1310,train,Voluson E6
Patient01310_Plane4_7_of_7.png,FETAL_PLANES_DB,not head,Maternal cervix,,1310,train,Voluson E6
Patient01310_Plane5_1_of_1.png,FETAL_PLANES_DB,not head,Fetal femur,,1310,train,Voluson E6
Patient01310_Plane1_1_of_1.png,FETAL_PLANES_DB,not head,Other,,1310,train,Voluson E6
Patient01310_Plane6_1_of_5.png,FETAL_PLANES_DB,not head,Fetal thorax,,1310,train,Voluson E6
Patient01310_Plane6_2_of_5.png,FETAL_PLANES_DB,not head,Fetal thorax,,1310,train,Voluson E6
Patient01310_Plane6_3_of_5.png,FETAL_PLANES_DB,not head,Fetal thorax,,1310,train,Voluson E6
Patient01310_Plane6_4_of_5.png,FETAL_PLANES_DB,not head,Fetal thorax,,1310,train,Voluson E6
Patient01310_Plane6_5_of_5.png,FETAL_PLANES_DB,not head,Fetal thorax,,1310,train,Voluson E6
Patient01311_Plane3_1_of_1.png,FETAL_PLANES_DB,head,Fetal brain,Trans-thalamic,1311,train,Voluson E6
Patient01311_Plane6_1_of_1.png,FETAL_PLANES_DB,not head,Fetal thorax,,1311,train,Voluson E6
Patient01314_Plane3_1_of_2.png,FETAL_PLANES_DB,head,Fetal brain,Trans-thalamic,1314,train,Voluson E6
Patient01314_Plane3_2_of_2.png,FETAL_PLANES_DB,head,Fetal brain,Trans-thalamic,1314,train,Voluson E6
Patient01314_Plane6_1_of_2.png,FETAL_PLANES_DB,not head,Fetal thorax,,1314,train,Voluson E6
Patient01314_Plane6_2_of_2.png,FETAL_PLANES_DB,not head,Fetal thorax,,1314,train,Voluson E6
Patient01316_Plane3_1_of_3.png,FETAL_PLANES_DB,head,Fetal brain,Trans-thalamic,1316,train,Voluson E6
Patient01316_Plane3_2_of_3.png,FETAL_PLANES_DB,head,Fetal brain,Other,1316,train,Voluson E6
Patient01316_Plane3_3_of_3.png,FETAL_PLANES_DB,head,Fetal brain,Trans-thalamic,1316,train,Voluson E6
Patient01316_Plane4_1_of_5.png,FETAL_PLANES_DB,not head,Maternal cervix,,1316,train,Voluson E6
Patient01316_Plane4_2_of_5.png,FETAL_PLANES_DB,not head,Maternal cervix,,1316,train,Voluson E6
Patient01316_Plane4_3_of_5.png,FETAL_PLANES_DB,not head,Maternal cervix,,1316,train,Voluson E6
Patient01316_Plane4_4_of_5.png,FETAL_PLANES_DB,not head,Maternal cervix,,1316,train,Voluson E6
Patient01316_Plane4_5_of_5.png,FETAL_PLANES_DB,not head,Maternal cervix,,1316,train,Voluson E6
Patient01316_Plane5_1_of_2.png,FETAL_PLANES_DB,not head,Fetal femur,,1316,train,Voluson E6
Patient01316_Plane5_2_of_2.png,FETAL_PLANES_DB,not head,Fetal femur,,1316,train,Voluson E6
Patient01316_Plane1_1_of_1.png,FETAL_PLANES_DB,not head,Other,,1316,train,Voluson E6
Patient01318_Plane3_1_of_3.png,FETAL_PLANES_DB,head,Fetal brain,Trans-ventricular,1318,train,Voluson E6
Patient01318_Plane3_2_of_3.png,FETAL_PLANES_DB,head,Fetal brain,Trans-cerebellum,1318,train,Voluson E6
Patient01318_Plane3_3_of_3.png,FETAL_PLANES_DB,head,Fetal brain,Trans-thalamic,1318,train,Voluson E6
Patient01318_Plane5_1_of_1.png,FETAL_PLANES_DB,not head,Fetal femur,,1318,train,Voluson E6
Patient01318_Plane6_1_of_4.png,FETAL_PLANES_DB,not head,Fetal thorax,,1318,train,Voluson E6
Patient01318_Plane6_2_of_4.png,FETAL_PLANES_DB,not head,Fetal thorax,,1318,train,Voluson E6
Patient01318_Plane6_3_of_4.png,FETAL_PLANES_DB,not head,Fetal thorax,,1318,train,Voluson E6
Patient01318_Plane6_4_of_4.png,FETAL_PLANES_DB,not head,Fetal thorax,,1318,train,Voluson E6
Patient01319_Plane5_1_of_1.png,FETAL_PLANES_DB,not head,Fetal femur,,1319,train,Voluson E6
Patient01319_Plane1_1_of_1.png,FETAL_PLANES_DB,not head,Other,,1319,train,Voluson E6
Patient01322_Plane2_1_of_1.png,FETAL_PLANES_DB,not head,Fetal abdomen,,1322,train,Voluson E6
Patient01322_Plane3_1_of_4.png,FETAL_PLANES_DB,head,Fetal brain,Trans-cerebellum,1322,train,Voluson E6
Patient01322_Plane3_2_of_4.png,FETAL_PLANES_DB,head,Fetal brain,Trans-thalamic,1322,train,Voluson E6
Patient01322_Plane3_3_of_4.png,FETAL_PLANES_DB,head,Fetal brain,Trans-thalamic,1322,train,Voluson E6
Patient01322_Plane3_4_of_4.png,FETAL_PLANES_DB,head,Fetal brain,Trans-thalamic,1322,train,Voluson E6
Patient01322_Plane4_1_of_6.png,FETAL_PLANES_DB,not head,Maternal cervix,,1322,train,Voluson E6
Patient01322_Plane4_2_of_6.png,FETAL_PLANES_DB,not head,Maternal cervix,,1322,train,Voluson E6
Patient01322_Plane4_3_of_6.png,FETAL_PLANES_DB,not head,Maternal cervix,,1322,train,Voluson E6
Patient01322_Plane4_4_of_6.png,FETAL_PLANES_DB,not head,Maternal cervix,,1322,train,Voluson E6
Patient01322_Plane4_5_of_6.png,FETAL_PLANES_DB,not head,Maternal cervix,,1322,train,Voluson E6
Patient01322_Plane4_6_of_6.png,FETAL_PLANES_DB,not head,Maternal cervix,,1322,train,Voluson E6
Patient01322_Plane5_1_of_1.png,FETAL_PLANES_DB,not head,Fetal femur,,1322,train,Voluson E6
Patient01322_Plane1_1_of_1.png,FETAL_PLANES_DB,not head,Other,,1322,train,Voluson E6
Patient01323_Plane2_1_of_1.png,FETAL_PLANES_DB,not head,Fetal abdomen,,1323,train,Voluson E6
Patient01323_Plane3_1_of_8.png,FETAL_PLANES_DB,head,Fetal brain,Trans-thalamic,1323,train,Voluson E6
Patient01323_Plane3_2_of_8.png,FETAL_PLANES_DB,head,Fetal brain,Trans-cerebellum,1323,train,Voluson E6
Patient01323_Plane3_3_of_8.png,FETAL_PLANES_DB,head,Fetal brain,Trans-thalamic,1323,train,Voluson E6
Patient01323_Plane3_4_of_8.png,FETAL_PLANES_DB,head,Fetal brain,Other,1323,train,Voluson E6
Patient01323_Plane3_5_of_8.png,FETAL_PLANES_DB,head,Fetal brain,Trans-thalamic,1323,train,Voluson E6
Patient01323_Plane3_6_of_8.png,FETAL_PLANES_DB,head,Fetal brain,Trans-ventricular,1323,train,Voluson E6
Patient01323_Plane3_7_of_8.png,FETAL_PLANES_DB,head,Fetal brain,Trans-ventricular,1323,train,Voluson E6
Patient01323_Plane3_8_of_8.png,FETAL_PLANES_DB,head,Fetal brain,Trans-cerebellum,1323,train,Voluson E6
Patient01323_Plane4_1_of_6.png,FETAL_PLANES_DB,not head,Maternal cervix,,1323,train,Voluson E6
Patient01323_Plane4_2_of_6.png,FETAL_PLANES_DB,not head,Maternal cervix,,1323,train,Voluson E6
Patient01323_Plane4_3_of_6.png,FETAL_PLANES_DB,not head,Maternal cervix,,1323,train,Voluson E6
Patient01323_Plane4_4_of_6.png,FETAL_PLANES_DB,not head,Maternal cervix,,1323,train,Voluson E6
Patient01323_Plane4_5_of_6.png,FETAL_PLANES_DB,not head,Maternal cervix,,1323,train,Voluson E6
Patient01323_Plane4_6_of_6.png,FETAL_PLANES_DB,not head,Maternal cervix,,1323,train,Voluson E6
Patient01323_Plane5_1_of_2.png,FETAL_PLANES_DB,not head,Fetal femur,,1323,train,Voluson E6
Patient01323_Plane5_2_of_2.png,FETAL_PLANES_DB,not head,Fetal femur,,1323,train,Voluson E6
Patient01323_Plane1_1_of_1.png,FETAL_PLANES_DB,not head,Other,,1323,train,Voluson E6
Patient01323_Plane6_1_of_1.png,FETAL_PLANES_DB,not head,Fetal thorax,,1323,train,Voluson E6
Patient01324_Plane5_1_of_3.png,FETAL_PLANES_DB,not head,Fetal femur,,1324,train,Voluson E6
Patient01324_Plane5_2_of_3.png,FETAL_PLANES_DB,not head,Fetal femur,,1324,train,Voluson E6
Patient01324_Plane5_3_of_3.png,FETAL_PLANES_DB,not head,Fetal femur,,1324,train,Voluson E6
Patient01324_Plane1_1_of_1.png,FETAL_PLANES_DB,not head,Other,,1324,train,Voluson E6
Patient01324_Plane6_1_of_6.png,FETAL_PLANES_DB,not head,Fetal thorax,,1324,train,Voluson E6
Patient01324_Plane6_2_of_6.png,FETAL_PLANES_DB,not head,Fetal thorax,,1324,train,Voluson E6
Patient01324_Plane6_3_of_6.png,FETAL_PLANES_DB,not head,Fetal thorax,,1324,train,Voluson E6
Patient01324_Plane6_4_of_6.png,FETAL_PLANES_DB,not head,Fetal thorax,,1324,train,Voluson E6
Patient01324_Plane6_5_of_6.png,FETAL_PLANES_DB,not head,Fetal thorax,,1324,train,Voluson E6
Patient01324_Plane6_6_of_6.png,FETAL_PLANES_DB,not head,Fetal thorax,,1324,train,Voluson E6
Patient01326_Plane5_1_of_1.png,FETAL_PLANES_DB,not head,Fetal femur,,1326,train,Voluson E6
Patient01326_Plane1_1_of_1.png,FETAL_PLANES_DB,not head,Other,,1326,train,Voluson E6
Patient01329_Plane2_1_of_1.png,FETAL_PLANES_DB,not head,Fetal abdomen,,1329,train,Aloka
Patient01329_Plane3_1_of_1.png,FETAL_PLANES_DB,head,Fetal brain,Trans-thalamic,1329,train,Aloka
Patient01329_Plane5_1_of_2.png,FETAL_PLANES_DB,not head,Fetal femur,,1329,train,Aloka
Patient01329_Plane5_2_of_2.png,FETAL_PLANES_DB,not head,Fetal femur,,1329,train,Aloka
Patient01329_Plane1_1_of_9.png,FETAL_PLANES_DB,not head,Other,,1329,train,Aloka
Patient01329_Plane1_2_of_9.png,FETAL_PLANES_DB,not head,Other,,1329,train,Aloka
Patient01329_Plane1_3_of_9.png,FETAL_PLANES_DB,not head,Other,,1329,train,Aloka
Patient01329_Plane1_4_of_9.png,FETAL_PLANES_DB,not head,Other,,1329,train,Aloka
Patient01329_Plane1_5_of_9.png,FETAL_PLANES_DB,not head,Other,,1329,train,Aloka
Patient01329_Plane1_6_of_9.png,FETAL_PLANES_DB,not head,Other,,1329,train,Aloka
Patient01329_Plane1_7_of_9.png,FETAL_PLANES_DB,not head,Other,,1329,train,Aloka
Patient01329_Plane1_8_of_9.png,FETAL_PLANES_DB,not head,Other,,1329,train,Aloka
Patient01329_Plane1_9_of_9.png,FETAL_PLANES_DB,not head,Other,,1329,train,Aloka
Patient01331_Plane2_1_of_1.png,FETAL_PLANES_DB,not head,Fetal abdomen,,1331,train,Aloka
Patient01331_Plane3_1_of_3.png,FETAL_PLANES_DB,head,Fetal brain,Trans-ventricular,1331,train,Aloka
Patient01331_Plane3_2_of_3.png,FETAL_PLANES_DB,head,Fetal brain,Trans-cerebellum,1331,train,Aloka
Patient01331_Plane3_3_of_3.png,FETAL_PLANES_DB,head,Fetal brain,Trans-thalamic,1331,train,Aloka
Patient01331_Plane5_1_of_1.png,FETAL_PLANES_DB,not head,Fetal femur,,1331,train,Aloka
Patient01331_Plane6_1_of_2.png,FETAL_PLANES_DB,not head,Fetal thorax,,1331,train,Aloka
Patient01331_Plane6_2_of_2.png,FETAL_PLANES_DB,not head,Fetal thorax,,1331,train,Aloka
Patient01331_Plane1_1_of_4.png,FETAL_PLANES_DB,not head,Other,,1331,train,Aloka
Patient01331_Plane1_2_of_4.png,FETAL_PLANES_DB,not head,Other,,1331,train,Aloka
Patient01331_Plane1_3_of_4.png,FETAL_PLANES_DB,not head,Other,,1331,train,Aloka
Patient01331_Plane1_4_of_4.png,FETAL_PLANES_DB,not head,Other,,1331,train,Aloka
Patient01332_Plane2_1_of_1.png,FETAL_PLANES_DB,not head,Fetal abdomen,,1332,train,Aloka
Patient01332_Plane3_1_of_4.png,FETAL_PLANES_DB,head,Fetal brain,Trans-ventricular,1332,train,Aloka
Patient01332_Plane3_2_of_4.png,FETAL_PLANES_DB,head,Fetal brain,Trans-cerebellum,1332,train,Aloka
Patient01332_Plane3_3_of_4.png,FETAL_PLANES_DB,head,Fetal brain,Trans-thalamic,1332,train,Aloka
Patient01332_Plane3_4_of_4.png,FETAL_PLANES_DB,head,Fetal brain,Trans-thalamic,1332,train,Aloka
Patient01332_Plane1_1_of_12.png,FETAL_PLANES_DB,not head,Other,,1332,train,Aloka
Patient01332_Plane6_1_of_3.png,FETAL_PLANES_DB,not head,Fetal thorax,,1332,train,Aloka
Patient01332_Plane6_2_of_3.png,FETAL_PLANES_DB,not head,Fetal thorax,,1332,train,Aloka
Patient01332_Plane6_3_of_3.png,FETAL_PLANES_DB,not head,Fetal thorax,,1332,train,Aloka
Patient01332_Plane1_2_of_12.png,FETAL_PLANES_DB,not head,Other,,1332,train,Aloka
Patient01332_Plane1_3_of_12.png,FETAL_PLANES_DB,not head,Other,,1332,train,Aloka
Patient01332_Plane1_4_of_12.png,FETAL_PLANES_DB,not head,Other,,1332,train,Aloka
Patient01332_Plane1_5_of_12.png,FETAL_PLANES_DB,not head,Other,,1332,train,Aloka
Patient01332_Plane1_6_of_12.png,FETAL_PLANES_DB,not head,Other,,1332,train,Aloka
Patient01332_Plane1_7_of_12.png,FETAL_PLANES_DB,not head,Other,,1332,train,Aloka
Patient01332_Plane1_8_of_12.png,FETAL_PLANES_DB,not head,Other,,1332,train,Aloka
Patient01332_Plane1_9_of_12.png,FETAL_PLANES_DB,not head,Other,,1332,train,Aloka
Patient01332_Plane1_10_of_12.png,FETAL_PLANES_DB,not head,Other,,1332,train,Aloka
Patient01332_Plane1_11_of_12.png,FETAL_PLANES_DB,not head,Other,,1332,train,Aloka
Patient01332_Plane1_12_of_12.png,FETAL_PLANES_DB,not head,Other,,1332,train,Aloka
Patient01333_Plane3_1_of_2.png,FETAL_PLANES_DB,head,Fetal brain,Trans-cerebellum,1333,train,Voluson E6
Patient01333_Plane3_2_of_2.png,FETAL_PLANES_DB,head,Fetal brain,Trans-thalamic,1333,train,Voluson E6
Patient01333_Plane6_1_of_1.png,FETAL_PLANES_DB,not head,Fetal thorax,,1333,train,Voluson E6
Patient01334_Plane6_1_of_1.png,FETAL_PLANES_DB,not head,Fetal thorax,,1334,train,Voluson E6
Patient01335_Plane3_1_of_1.png,FETAL_PLANES_DB,head,Fetal brain,Trans-cerebellum,1335,train,Voluson E6
Patient01335_Plane6_1_of_1.png,FETAL_PLANES_DB,not head,Fetal thorax,,1335,train,Voluson E6
Patient01336_Plane3_1_of_2.png,FETAL_PLANES_DB,head,Fetal brain,Trans-thalamic,1336,train,Voluson E6
Patient01336_Plane3_2_of_2.png,FETAL_PLANES_DB,head,Fetal brain,Trans-thalamic,1336,train,Voluson E6
Patient01336_Plane6_1_of_4.png,FETAL_PLANES_DB,not head,Fetal thorax,,1336,train,Voluson E6
Patient01336_Plane6_2_of_4.png,FETAL_PLANES_DB,not head,Fetal thorax,,1336,train,Voluson E6
Patient01336_Plane6_3_of_4.png,FETAL_PLANES_DB,not head,Fetal thorax,,1336,train,Voluson E6
Patient01336_Plane6_4_of_4.png,FETAL_PLANES_DB,not head,Fetal thorax,,1336,train,Voluson E6
Patient01339_Plane6_1_of_1.png,FETAL_PLANES_DB,not head,Fetal thorax,,1339,train,Voluson E6
Patient01340_Plane3_1_of_3.png,FETAL_PLANES_DB,head,Fetal brain,Trans-thalamic,1340,train,Voluson E6
Patient01340_Plane3_2_of_3.png,FETAL_PLANES_DB,head,Fetal brain,Trans-thalamic,1340,train,Voluson E6
Patient01340_Plane3_3_of_3.png,FETAL_PLANES_DB,head,Fetal brain,Trans-ventricular,1340,train,Voluson E6
Patient01340_Plane5_1_of_2.png,FETAL_PLANES_DB,not head,Fetal femur,,1340,train,Voluson E6
Patient01340_Plane5_2_of_2.png,FETAL_PLANES_DB,not head,Fetal femur,,1340,train,Voluson E6
Patient01340_Plane1_1_of_1.png,FETAL_PLANES_DB,not head,Other,,1340,train,Voluson E6
Patient01340_Plane6_1_of_1.png,FETAL_PLANES_DB,not head,Fetal thorax,,1340,train,Voluson E6
Patient01342_Plane3_1_of_1.png,FETAL_PLANES_DB,head,Fetal brain,Trans-thalamic,1342,train,Voluson E6
Patient01342_Plane5_1_of_2.png,FETAL_PLANES_DB,not head,Fetal femur,,1342,train,Voluson E6
Patient01342_Plane5_2_of_2.png,FETAL_PLANES_DB,not head,Fetal femur,,1342,train,Voluson E6
Patient01342_Plane1_1_of_1.png,FETAL_PLANES_DB,not head,Other,,1342,train,Voluson E6
Patient01343_Plane3_1_of_2.png,FETAL_PLANES_DB,head,Fetal brain,Trans-ventricular,1343,train,Voluson E6
Patient01343_Plane3_2_of_2.png,FETAL_PLANES_DB,head,Fetal brain,Trans-thalamic,1343,train,Voluson E6
Patient01343_Plane6_1_of_3.png,FETAL_PLANES_DB,not head,Fetal thorax,,1343,train,Voluson E6
Patient01343_Plane6_2_of_3.png,FETAL_PLANES_DB,not head,Fetal thorax,,1343,train,Voluson E6
Patient01343_Plane6_3_of_3.png,FETAL_PLANES_DB,not head,Fetal thorax,,1343,train,Voluson E6
Patient01345_Plane3_1_of_5.png,FETAL_PLANES_DB,head,Fetal brain,Trans-thalamic,1345,train,Voluson E6
Patient01345_Plane3_2_of_5.png,FETAL_PLANES_DB,head,Fetal brain,Trans-thalamic,1345,train,Voluson E6
Patient01345_Plane3_3_of_5.png,FETAL_PLANES_DB,head,Fetal brain,Trans-thalamic,1345,train,Voluson E6
Patient01345_Plane3_4_of_5.png,FETAL_PLANES_DB,head,Fetal brain,Trans-ventricular,1345,train,Voluson E6
Patient01345_Plane3_5_of_5.png,FETAL_PLANES_DB,head,Fetal brain,Trans-cerebellum,1345,train,Voluson E6
Patient01345_Plane5_1_of_1.png,FETAL_PLANES_DB,not head,Fetal femur,,1345,train,Voluson E6
Patient01345_Plane1_1_of_1.png,FETAL_PLANES_DB,not head,Other,,1345,train,Voluson E6
Patient01346_Plane2_1_of_1.png,FETAL_PLANES_DB,not head,Fetal abdomen,,1346,train,Aloka
Patient01346_Plane3_1_of_3.png,FETAL_PLANES_DB,head,Fetal brain,Trans-thalamic,1346,train,Aloka
Patient01346_Plane3_2_of_3.png,FETAL_PLANES_DB,head,Fetal brain,Trans-thalamic,1346,train,Aloka
Patient01346_Plane3_3_of_3.png,FETAL_PLANES_DB,head,Fetal brain,Other,1346,train,Aloka
Patient01346_Plane5_1_of_1.png,FETAL_PLANES_DB,not head,Fetal femur,,1346,train,Aloka
Patient01346_Plane6_1_of_1.png,FETAL_PLANES_DB,not head,Fetal thorax,,1346,train,Aloka
Patient01346_Plane1_1_of_3.png,FETAL_PLANES_DB,not head,Other,,1346,train,Aloka
Patient01346_Plane1_2_of_3.png,FETAL_PLANES_DB,not head,Other,,1346,train,Aloka
Patient01346_Plane1_3_of_3.png,FETAL_PLANES_DB,not head,Other,,1346,train,Aloka
Patient01347_Plane2_1_of_1.png,FETAL_PLANES_DB,not head,Fetal abdomen,,1347,train,Aloka
Patient01347_Plane3_1_of_4.png,FETAL_PLANES_DB,head,Fetal brain,Trans-thalamic,1347,train,Aloka
Patient01347_Plane3_2_of_4.png,FETAL_PLANES_DB,head,Fetal brain,Trans-ventricular,1347,train,Aloka
Patient01347_Plane3_3_of_4.png,FETAL_PLANES_DB,head,Fetal brain,Trans-cerebellum,1347,train,Aloka
Patient01347_Plane3_4_of_4.png,FETAL_PLANES_DB,head,Fetal brain,Trans-thalamic,1347,train,Aloka
Patient01347_Plane5_1_of_2.png,FETAL_PLANES_DB,not head,Fetal femur,,1347,train,Aloka
Patient01347_Plane5_2_of_2.png,FETAL_PLANES_DB,not head,Fetal femur,,1347,train,Aloka
Patient01347_Plane1_1_of_24.png,FETAL_PLANES_DB,not head,Other,,1347,train,Aloka
Patient01347_Plane6_1_of_1.png,FETAL_PLANES_DB,not head,Fetal thorax,,1347,train,Aloka
Patient01347_Plane1_2_of_24.png,FETAL_PLANES_DB,not head,Other,,1347,train,Aloka
Patient01347_Plane1_3_of_24.png,FETAL_PLANES_DB,not head,Other,,1347,train,Aloka
Patient01347_Plane1_4_of_24.png,FETAL_PLANES_DB,not head,Other,,1347,train,Aloka
Patient01347_Plane1_5_of_24.png,FETAL_PLANES_DB,not head,Other,,1347,train,Aloka
Patient01347_Plane1_6_of_24.png,FETAL_PLANES_DB,not head,Other,,1347,train,Aloka
Patient01347_Plane1_7_of_24.png,FETAL_PLANES_DB,not head,Other,,1347,train,Aloka
Patient01347_Plane1_8_of_24.png,FETAL_PLANES_DB,not head,Other,,1347,train,Aloka
Patient01347_Plane1_9_of_24.png,FETAL_PLANES_DB,not head,Other,,1347,train,Aloka
Patient01347_Plane1_10_of_24.png,FETAL_PLANES_DB,not head,Other,,1347,train,Aloka
Patient01347_Plane1_11_of_24.png,FETAL_PLANES_DB,not head,Other,,1347,train,Aloka
Patient01347_Plane1_12_of_24.png,FETAL_PLANES_DB,not head,Other,,1347,train,Aloka
Patient01347_Plane1_13_of_24.png,FETAL_PLANES_DB,not head,Other,,1347,train,Aloka
Patient01347_Plane1_14_of_24.png,FETAL_PLANES_DB,not head,Other,,1347,train,Aloka
Patient01347_Plane1_15_of_24.png,FETAL_PLANES_DB,not head,Other,,1347,train,Aloka
Patient01347_Plane1_16_of_24.png,FETAL_PLANES_DB,not head,Other,,1347,train,Aloka
Patient01347_Plane1_17_of_24.png,FETAL_PLANES_DB,not head,Other,,1347,train,Aloka
Patient01347_Plane1_18_of_24.png,FETAL_PLANES_DB,not head,Other,,1347,train,Aloka
Patient01347_Plane1_19_of_24.png,FETAL_PLANES_DB,not head,Other,,1347,train,Aloka
Patient01347_Plane1_20_of_24.png,FETAL_PLANES_DB,not head,Other,,1347,train,Aloka
Patient01347_Plane1_21_of_24.png,FETAL_PLANES_DB,not head,Other,,1347,train,Aloka
Patient01347_Plane1_22_of_24.png,FETAL_PLANES_DB,not head,Other,,1347,train,Aloka
Patient01347_Plane1_23_of_24.png,FETAL_PLANES_DB,not head,Other,,1347,train,Aloka
Patient01347_Plane1_24_of_24.png,FETAL_PLANES_DB,not head,Other,,1347,train,Aloka
Patient01350_Plane2_1_of_1.png,FETAL_PLANES_DB,not head,Fetal abdomen,,1350,train,Voluson E6
Patient01350_Plane3_1_of_1.png,FETAL_PLANES_DB,head,Fetal brain,Trans-cerebellum,1350,train,Voluson E6
Patient01350_Plane6_1_of_7.png,FETAL_PLANES_DB,not head,Fetal thorax,,1350,train,Voluson E6
Patient01350_Plane6_2_of_7.png,FETAL_PLANES_DB,not head,Fetal thorax,,1350,train,Voluson E6
Patient01350_Plane6_3_of_7.png,FETAL_PLANES_DB,not head,Fetal thorax,,1350,train,Voluson E6
Patient01350_Plane6_4_of_7.png,FETAL_PLANES_DB,not head,Fetal thorax,,1350,train,Voluson E6
Patient01350_Plane6_5_of_7.png,FETAL_PLANES_DB,not head,Fetal thorax,,1350,train,Voluson E6
Patient01350_Plane6_6_of_7.png,FETAL_PLANES_DB,not head,Fetal thorax,,1350,train,Voluson E6
Patient01350_Plane6_7_of_7.png,FETAL_PLANES_DB,not head,Fetal thorax,,1350,train,Voluson E6
Patient01351_Plane2_1_of_1.png,FETAL_PLANES_DB,not head,Fetal abdomen,,1351,train,Voluson E6
Patient01351_Plane3_1_of_3.png,FETAL_PLANES_DB,head,Fetal brain,Trans-thalamic,1351,train,Voluson E6
Patient01351_Plane3_2_of_3.png,FETAL_PLANES_DB,head,Fetal brain,Trans-cerebellum,1351,train,Voluson E6
Patient01351_Plane3_3_of_3.png,FETAL_PLANES_DB,head,Fetal brain,Trans-ventricular,1351,train,Voluson E6
Patient01351_Plane1_1_of_1.png,FETAL_PLANES_DB,not head,Other,,1351,train,Voluson E6
Patient01351_Plane6_1_of_3.png,FETAL_PLANES_DB,not head,Fetal thorax,,1351,train,Voluson E6
Patient01351_Plane6_2_of_3.png,FETAL_PLANES_DB,not head,Fetal thorax,,1351,train,Voluson E6
Patient01351_Plane6_3_of_3.png,FETAL_PLANES_DB,not head,Fetal thorax,,1351,train,Voluson E6
Patient01352_Plane3_1_of_2.png,FETAL_PLANES_DB,head,Fetal brain,Trans-thalamic,1352,train,Voluson E6
Patient01352_Plane3_2_of_2.png,FETAL_PLANES_DB,head,Fetal brain,Trans-thalamic,1352,train,Voluson E6
Patient01352_Plane4_1_of_4.png,FETAL_PLANES_DB,not head,Maternal cervix,,1352,train,Voluson E6
Patient01352_Plane4_2_of_4.png,FETAL_PLANES_DB,not head,Maternal cervix,,1352,train,Voluson E6
Patient01352_Plane4_3_of_4.png,FETAL_PLANES_DB,not head,Maternal cervix,,1352,train,Voluson E6
Patient01352_Plane4_4_of_4.png,FETAL_PLANES_DB,not head,Maternal cervix,,1352,train,Voluson E6
Patient01352_Plane5_1_of_2.png,FETAL_PLANES_DB,not head,Fetal femur,,1352,train,Voluson E6
Patient01352_Plane5_2_of_2.png,FETAL_PLANES_DB,not head,Fetal femur,,1352,train,Voluson E6
Patient01352_Plane1_1_of_1.png,FETAL_PLANES_DB,not head,Other,,1352,train,Voluson E6
Patient01355_Plane1_1_of_1.png,FETAL_PLANES_DB,not head,Other,,1355,train,Voluson E6
Patient01355_Plane6_1_of_1.png,FETAL_PLANES_DB,not head,Fetal thorax,,1355,train,Voluson E6
Patient01356_Plane1_1_of_1.png,FETAL_PLANES_DB,not head,Other,,1356,train,Voluson E6
Patient01356_Plane6_1_of_4.png,FETAL_PLANES_DB,not head,Fetal thorax,,1356,train,Voluson E6
Patient01356_Plane6_2_of_4.png,FETAL_PLANES_DB,not head,Fetal thorax,,1356,train,Voluson E6
Patient01356_Plane6_3_of_4.png,FETAL_PLANES_DB,not head,Fetal thorax,,1356,train,Voluson E6
Patient01356_Plane6_4_of_4.png,FETAL_PLANES_DB,not head,Fetal thorax,,1356,train,Voluson E6
Patient01359_Plane3_1_of_3.png,FETAL_PLANES_DB,head,Fetal brain,Trans-thalamic,1359,train,Voluson E6
Patient01359_Plane3_2_of_3.png,FETAL_PLANES_DB,head,Fetal brain,Trans-thalamic,1359,train,Voluson E6
Patient01359_Plane3_3_of_3.png,FETAL_PLANES_DB,head,Fetal brain,Trans-thalamic,1359,train,Voluson E6
Patient01359_Plane6_1_of_2.png,FETAL_PLANES_DB,not head,Fetal thorax,,1359,train,Voluson E6
Patient01359_Plane6_2_of_2.png,FETAL_PLANES_DB,not head,Fetal thorax,,1359,train,Voluson E6
Patient01360_Plane3_1_of_2.png,FETAL_PLANES_DB,head,Fetal brain,Trans-thalamic,1360,train,Voluson E6
Patient01360_Plane3_2_of_2.png,FETAL_PLANES_DB,head,Fetal brain,Other,1360,train,Voluson E6
Patient01360_Plane1_1_of_1.png,FETAL_PLANES_DB,not head,Other,,1360,train,Voluson E6
Patient01360_Plane6_1_of_7.png,FETAL_PLANES_DB,not head,Fetal thorax,,1360,train,Voluson E6
Patient01360_Plane6_2_of_7.png,FETAL_PLANES_DB,not head,Fetal thorax,,1360,train,Voluson E6
Patient01360_Plane6_3_of_7.png,FETAL_PLANES_DB,not head,Fetal thorax,,1360,train,Voluson E6
Patient01360_Plane6_4_of_7.png,FETAL_PLANES_DB,not head,Fetal thorax,,1360,train,Voluson E6
Patient01360_Plane6_5_of_7.png,FETAL_PLANES_DB,not head,Fetal thorax,,1360,train,Voluson E6
Patient01360_Plane6_6_of_7.png,FETAL_PLANES_DB,not head,Fetal thorax,,1360,train,Voluson E6
Patient01360_Plane6_7_of_7.png,FETAL_PLANES_DB,not head,Fetal thorax,,1360,train,Voluson E6
Patient01361_Plane3_1_of_2.png,FETAL_PLANES_DB,head,Fetal brain,Trans-thalamic,1361,train,Voluson E6
Patient01361_Plane3_2_of_2.png,FETAL_PLANES_DB,head,Fetal brain,Trans-thalamic,1361,train,Voluson E6
Patient01361_Plane5_1_of_1.png,FETAL_PLANES_DB,not head,Fetal femur,,1361,train,Voluson E6
Patient01361_Plane1_1_of_1.png,FETAL_PLANES_DB,not head,Other,,1361,train,Voluson E6
Patient01362_Plane3_1_of_1.png,FETAL_PLANES_DB,head,Fetal brain,Trans-ventricular,1362,train,Voluson E6
Patient01362_Plane5_1_of_2.png,FETAL_PLANES_DB,not head,Fetal femur,,1362,train,Voluson E6
Patient01362_Plane5_2_of_2.png,FETAL_PLANES_DB,not head,Fetal femur,,1362,train,Voluson E6
Patient01362_Plane1_1_of_1.png,FETAL_PLANES_DB,not head,Other,,1362,train,Voluson E6
Patient01362_Plane6_1_of_4.png,FETAL_PLANES_DB,not head,Fetal thorax,,1362,train,Voluson E6
Patient01362_Plane6_2_of_4.png,FETAL_PLANES_DB,not head,Fetal thorax,,1362,train,Voluson E6
Patient01362_Plane6_3_of_4.png,FETAL_PLANES_DB,not head,Fetal thorax,,1362,train,Voluson E6
Patient01362_Plane6_4_of_4.png,FETAL_PLANES_DB,not head,Fetal thorax,,1362,train,Voluson E6
Patient01363_Plane2_1_of_3.png,FETAL_PLANES_DB,not head,Fetal abdomen,,1363,train,Voluson E6
Patient01363_Plane2_2_of_3.png,FETAL_PLANES_DB,not head,Fetal abdomen,,1363,train,Voluson E6
Patient01363_Plane2_3_of_3.png,FETAL_PLANES_DB,not head,Fetal abdomen,,1363,train,Voluson E6
Patient01363_Plane3_1_of_7.png,FETAL_PLANES_DB,head,Fetal brain,Trans-thalamic,1363,train,Voluson E6
Patient01363_Plane3_2_of_7.png,FETAL_PLANES_DB,head,Fetal brain,Trans-ventricular,1363,train,Voluson E6
Patient01363_Plane3_3_of_7.png,FETAL_PLANES_DB,head,Fetal brain,Trans-cerebellum,1363,train,Voluson E6
Patient01363_Plane3_4_of_7.png,FETAL_PLANES_DB,head,Fetal brain,Trans-cerebellum,1363,train,Voluson E6
Patient01363_Plane3_5_of_7.png,FETAL_PLANES_DB,head,Fetal brain,Trans-thalamic,1363,train,Voluson E6
Patient01363_Plane3_6_of_7.png,FETAL_PLANES_DB,head,Fetal brain,Trans-thalamic,1363,train,Voluson E6
Patient01363_Plane3_7_of_7.png,FETAL_PLANES_DB,head,Fetal brain,Trans-ventricular,1363,train,Voluson E6
Patient01363_Plane5_1_of_1.png,FETAL_PLANES_DB,not head,Fetal femur,,1363,train,Voluson E6
Patient01363_Plane1_1_of_1.png,FETAL_PLANES_DB,not head,Other,,1363,train,Voluson E6
Patient01365_Plane2_1_of_1.png,FETAL_PLANES_DB,not head,Fetal abdomen,,1365,train,Aloka
Patient01365_Plane3_1_of_1.png,FETAL_PLANES_DB,head,Fetal brain,Trans-thalamic,1365,train,Aloka
Patient01365_Plane5_1_of_2.png,FETAL_PLANES_DB,not head,Fetal femur,,1365,train,Aloka
Patient01365_Plane5_2_of_2.png,FETAL_PLANES_DB,not head,Fetal femur,,1365,train,Aloka
Patient01365_Plane1_1_of_17.png,FETAL_PLANES_DB,not head,Other,,1365,train,Aloka
Patient01365_Plane6_1_of_1.png,FETAL_PLANES_DB,not head,Fetal thorax,,1365,train,Aloka
Patient01365_Plane1_2_of_17.png,FETAL_PLANES_DB,not head,Other,,1365,train,Aloka
Patient01365_Plane1_3_of_17.png,FETAL_PLANES_DB,not head,Other,,1365,train,Aloka
Patient01365_Plane1_4_of_17.png,FETAL_PLANES_DB,not head,Other,,1365,train,Aloka
Patient01365_Plane1_5_of_17.png,FETAL_PLANES_DB,not head,Other,,1365,train,Aloka
Patient01365_Plane1_6_of_17.png,FETAL_PLANES_DB,not head,Other,,1365,train,Aloka
Patient01365_Plane1_7_of_17.png,FETAL_PLANES_DB,not head,Other,,1365,train,Aloka
Patient01365_Plane1_8_of_17.png,FETAL_PLANES_DB,not head,Other,,1365,train,Aloka
Patient01365_Plane1_9_of_17.png,FETAL_PLANES_DB,not head,Other,,1365,train,Aloka
Patient01365_Plane1_10_of_17.png,FETAL_PLANES_DB,not head,Other,,1365,train,Aloka
Patient01365_Plane1_11_of_17.png,FETAL_PLANES_DB,not head,Other,,1365,train,Aloka
Patient01365_Plane1_12_of_17.png,FETAL_PLANES_DB,not head,Other,,1365,train,Aloka
Patient01365_Plane1_13_of_17.png,FETAL_PLANES_DB,not head,Other,,1365,train,Aloka
Patient01365_Plane1_14_of_17.png,FETAL_PLANES_DB,not head,Other,,1365,train,Aloka
Patient01365_Plane1_15_of_17.png,FETAL_PLANES_DB,not head,Other,,1365,train,Aloka
Patient01365_Plane1_16_of_17.png,FETAL_PLANES_DB,not head,Other,,1365,train,Aloka
Patient01365_Plane1_17_of_17.png,FETAL_PLANES_DB,not head,Other,,1365,train,Aloka
Patient01368_Plane3_1_of_1.png,FETAL_PLANES_DB,head,Fetal brain,Trans-thalamic,1368,train,Voluson E6
Patient01368_Plane5_1_of_1.png,FETAL_PLANES_DB,not head,Fetal femur,,1368,train,Voluson E6
Patient01368_Plane1_1_of_1.png,FETAL_PLANES_DB,not head,Other,,1368,train,Voluson E6
Patient01369_Plane5_1_of_1.png,FETAL_PLANES_DB,not head,Fetal femur,,1369,train,Voluson E6
Patient01369_Plane1_1_of_1.png,FETAL_PLANES_DB,not head,Other,,1369,train,Voluson E6
Patient01369_Plane6_1_of_1.png,FETAL_PLANES_DB,not head,Fetal thorax,,1369,train,Voluson E6
Patient01370_Plane3_1_of_1.png,FETAL_PLANES_DB,head,Fetal brain,Trans-ventricular,1370,train,Voluson E6
Patient01370_Plane5_1_of_1.png,FETAL_PLANES_DB,not head,Fetal femur,,1370,train,Voluson E6
Patient01370_Plane1_1_of_1.png,FETAL_PLANES_DB,not head,Other,,1370,train,Voluson E6
Patient01370_Plane6_1_of_5.png,FETAL_PLANES_DB,not head,Fetal thorax,,1370,train,Voluson E6
Patient01370_Plane6_2_of_5.png,FETAL_PLANES_DB,not head,Fetal thorax,,1370,train,Voluson E6
Patient01370_Plane6_3_of_5.png,FETAL_PLANES_DB,not head,Fetal thorax,,1370,train,Voluson E6
Patient01370_Plane6_4_of_5.png,FETAL_PLANES_DB,not head,Fetal thorax,,1370,train,Voluson E6
Patient01370_Plane6_5_of_5.png,FETAL_PLANES_DB,not head,Fetal thorax,,1370,train,Voluson E6
Patient01371_Plane3_1_of_1.png,FETAL_PLANES_DB,head,Fetal brain,Other,1371,train,Voluson E6
Patient01371_Plane5_1_of_1.png,FETAL_PLANES_DB,not head,Fetal femur,,1371,train,Voluson E6
Patient01372_Plane3_1_of_8.png,FETAL_PLANES_DB,head,Fetal brain,Trans-cerebellum,1372,train,Voluson E6
Patient01372_Plane3_2_of_8.png,FETAL_PLANES_DB,head,Fetal brain,Trans-ventricular,1372,train,Voluson E6
Patient01372_Plane3_3_of_8.png,FETAL_PLANES_DB,head,Fetal brain,Trans-thalamic,1372,train,Voluson E6
Patient01372_Plane3_4_of_8.png,FETAL_PLANES_DB,head,Fetal brain,Trans-ventricular,1372,train,Voluson E6
Patient01372_Plane3_5_of_8.png,FETAL_PLANES_DB,head,Fetal brain,Trans-cerebellum,1372,train,Voluson E6
Patient01372_Plane3_6_of_8.png,FETAL_PLANES_DB,head,Fetal brain,Trans-thalamic,1372,train,Voluson E6
Patient01372_Plane3_7_of_8.png,FETAL_PLANES_DB,head,Fetal brain,Trans-ventricular,1372,train,Voluson E6
Patient01372_Plane3_8_of_8.png,FETAL_PLANES_DB,head,Fetal brain,Trans-cerebellum,1372,train,Voluson E6
Patient01372_Plane5_1_of_4.png,FETAL_PLANES_DB,not head,Fetal femur,,1372,train,Voluson E6
Patient01372_Plane5_2_of_4.png,FETAL_PLANES_DB,not head,Fetal femur,,1372,train,Voluson E6
Patient01372_Plane5_3_of_4.png,FETAL_PLANES_DB,not head,Fetal femur,,1372,train,Voluson E6
Patient01372_Plane5_4_of_4.png,FETAL_PLANES_DB,not head,Fetal femur,,1372,train,Voluson E6
Patient01372_Plane1_1_of_1.png,FETAL_PLANES_DB,not head,Other,,1372,train,Voluson E6
Patient01372_Plane6_1_of_2.png,FETAL_PLANES_DB,not head,Fetal thorax,,1372,train,Voluson E6
Patient01372_Plane6_2_of_2.png,FETAL_PLANES_DB,not head,Fetal thorax,,1372,train,Voluson E6
Patient01373_Plane2_1_of_1.png,FETAL_PLANES_DB,not head,Fetal abdomen,,1373,train,Aloka
Patient01373_Plane3_1_of_2.png,FETAL_PLANES_DB,head,Fetal brain,Trans-thalamic,1373,train,Aloka
Patient01373_Plane3_2_of_2.png,FETAL_PLANES_DB,head,Fetal brain,Trans-cerebellum,1373,train,Aloka
Patient01373_Plane5_1_of_1.png,FETAL_PLANES_DB,not head,Fetal femur,,1373,train,Aloka
Patient01373_Plane1_1_of_9.png,FETAL_PLANES_DB,not head,Other,,1373,train,Aloka
Patient01373_Plane1_2_of_9.png,FETAL_PLANES_DB,not head,Other,,1373,train,Aloka
Patient01373_Plane1_3_of_9.png,FETAL_PLANES_DB,not head,Other,,1373,train,Aloka
Patient01373_Plane1_4_of_9.png,FETAL_PLANES_DB,not head,Other,,1373,train,Aloka
Patient01373_Plane1_5_of_9.png,FETAL_PLANES_DB,not head,Other,,1373,train,Aloka
Patient01373_Plane1_6_of_9.png,FETAL_PLANES_DB,not head,Other,,1373,train,Aloka
Patient01373_Plane1_7_of_9.png,FETAL_PLANES_DB,not head,Other,,1373,train,Aloka
Patient01373_Plane1_8_of_9.png,FETAL_PLANES_DB,not head,Other,,1373,train,Aloka
Patient01373_Plane1_9_of_9.png,FETAL_PLANES_DB,not head,Other,,1373,train,Aloka
Patient01374_Plane2_1_of_1.png,FETAL_PLANES_DB,not head,Fetal abdomen,,1374,train,Aloka
Patient01374_Plane3_1_of_2.png,FETAL_PLANES_DB,head,Fetal brain,Trans-ventricular,1374,train,Aloka
Patient01374_Plane3_2_of_2.png,FETAL_PLANES_DB,head,Fetal brain,Trans-cerebellum,1374,train,Aloka
Patient01374_Plane5_1_of_1.png,FETAL_PLANES_DB,not head,Fetal femur,,1374,train,Aloka
Patient01374_Plane1_1_of_12.png,FETAL_PLANES_DB,not head,Other,,1374,train,Aloka
Patient01374_Plane6_1_of_1.png,FETAL_PLANES_DB,not head,Fetal thorax,,1374,train,Aloka
Patient01374_Plane1_2_of_12.png,FETAL_PLANES_DB,not head,Other,,1374,train,Aloka
Patient01374_Plane1_3_of_12.png,FETAL_PLANES_DB,not head,Other,,1374,train,Aloka
Patient01374_Plane1_4_of_12.png,FETAL_PLANES_DB,not head,Other,,1374,train,Aloka
Patient01374_Plane1_5_of_12.png,FETAL_PLANES_DB,not head,Other,,1374,train,Aloka
Patient01374_Plane1_6_of_12.png,FETAL_PLANES_DB,not head,Other,,1374,train,Aloka
Patient01374_Plane1_7_of_12.png,FETAL_PLANES_DB,not head,Other,,1374,train,Aloka
Patient01374_Plane1_8_of_12.png,FETAL_PLANES_DB,not head,Other,,1374,train,Aloka
Patient01374_Plane1_9_of_12.png,FETAL_PLANES_DB,not head,Other,,1374,train,Aloka
Patient01374_Plane1_10_of_12.png,FETAL_PLANES_DB,not head,Other,,1374,train,Aloka
Patient01374_Plane1_11_of_12.png,FETAL_PLANES_DB,not head,Other,,1374,train,Aloka
Patient01374_Plane1_12_of_12.png,FETAL_PLANES_DB,not head,Other,,1374,train,Aloka
Patient01375_Plane2_1_of_1.png,FETAL_PLANES_DB,not head,Fetal abdomen,,1375,train,Voluson E6
Patient01375_Plane3_1_of_1.png,FETAL_PLANES_DB,head,Fetal brain,Trans-cerebellum,1375,train,Voluson E6
Patient01375_Plane5_1_of_2.png,FETAL_PLANES_DB,not head,Fetal femur,,1375,train,Voluson E6
Patient01375_Plane5_2_of_2.png,FETAL_PLANES_DB,not head,Fetal femur,,1375,train,Voluson E6
Patient01375_Plane1_1_of_1.png,FETAL_PLANES_DB,not head,Other,,1375,train,Voluson E6
Patient01376_Plane3_1_of_2.png,FETAL_PLANES_DB,head,Fetal brain,Trans-thalamic,1376,train,Voluson E6
Patient01376_Plane3_2_of_2.png,FETAL_PLANES_DB,head,Fetal brain,Trans-thalamic,1376,train,Voluson E6
Patient01376_Plane6_1_of_1.png,FETAL_PLANES_DB,not head,Fetal thorax,,1376,train,Voluson E6
Patient01377_Plane2_1_of_1.png,FETAL_PLANES_DB,not head,Fetal abdomen,,1377,train,Voluson E6
Patient01377_Plane3_1_of_2.png,FETAL_PLANES_DB,head,Fetal brain,Trans-thalamic,1377,train,Voluson E6
Patient01377_Plane3_2_of_2.png,FETAL_PLANES_DB,head,Fetal brain,Trans-cerebellum,1377,train,Voluson E6
Patient01377_Plane4_1_of_3.png,FETAL_PLANES_DB,not head,Maternal cervix,,1377,train,Voluson E6
Patient01377_Plane4_2_of_3.png,FETAL_PLANES_DB,not head,Maternal cervix,,1377,train,Voluson E6
Patient01377_Plane4_3_of_3.png,FETAL_PLANES_DB,not head,Maternal cervix,,1377,train,Voluson E6
Patient01377_Plane5_1_of_1.png,FETAL_PLANES_DB,not head,Fetal femur,,1377,train,Voluson E6
Patient01377_Plane1_1_of_1.png,FETAL_PLANES_DB,not head,Other,,1377,train,Voluson E6
Patient01377_Plane6_1_of_3.png,FETAL_PLANES_DB,not head,Fetal thorax,,1377,train,Voluson E6
Patient01377_Plane6_2_of_3.png,FETAL_PLANES_DB,not head,Fetal thorax,,1377,train,Voluson E6
Patient01377_Plane6_3_of_3.png,FETAL_PLANES_DB,not head,Fetal thorax,,1377,train,Voluson E6
Patient01378_Plane3_1_of_2.png,FETAL_PLANES_DB,head,Fetal brain,Trans-thalamic,1378,train,Voluson E6
Patient01378_Plane3_2_of_2.png,FETAL_PLANES_DB,head,Fetal brain,Trans-thalamic,1378,train,Voluson E6
Patient01378_Plane6_1_of_1.png,FETAL_PLANES_DB,not head,Fetal thorax,,1378,train,Voluson E6
Patient01379_Plane3_1_of_2.png,FETAL_PLANES_DB,head,Fetal brain,Trans-thalamic,1379,train,Voluson E6
Patient01379_Plane3_2_of_2.png,FETAL_PLANES_DB,head,Fetal brain,Trans-ventricular,1379,train,Voluson E6
Patient01382_Plane3_1_of_1.png,FETAL_PLANES_DB,head,Fetal brain,Trans-thalamic,1382,train,Voluson E6
Patient01383_Plane5_1_of_1.png,FETAL_PLANES_DB,not head,Fetal femur,,1383,train,Voluson E6
Patient01384_Plane3_1_of_3.png,FETAL_PLANES_DB,head,Fetal brain,Trans-thalamic,1384,train,Voluson E6
Patient01384_Plane3_2_of_3.png,FETAL_PLANES_DB,head,Fetal brain,Trans-ventricular,1384,train,Voluson E6
Patient01384_Plane3_3_of_3.png,FETAL_PLANES_DB,head,Fetal brain,Trans-ventricular,1384,train,Voluson E6
Patient01384_Plane5_1_of_1.png,FETAL_PLANES_DB,not head,Fetal femur,,1384,train,Voluson E6
Patient01385_Plane3_1_of_2.png,FETAL_PLANES_DB,head,Fetal brain,Trans-cerebellum,1385,train,Voluson E6
Patient01385_Plane3_2_of_2.png,FETAL_PLANES_DB,head,Fetal brain,Trans-thalamic,1385,train,Voluson E6
Patient01385_Plane1_1_of_1.png,FETAL_PLANES_DB,not head,Other,,1385,train,Voluson E6
Patient01385_Plane6_1_of_3.png,FETAL_PLANES_DB,not head,Fetal thorax,,1385,train,Voluson E6
Patient01385_Plane6_2_of_3.png,FETAL_PLANES_DB,not head,Fetal thorax,,1385,train,Voluson E6
Patient01385_Plane6_3_of_3.png,FETAL_PLANES_DB,not head,Fetal thorax,,1385,train,Voluson E6
Patient01388_Plane3_1_of_3.png,FETAL_PLANES_DB,head,Fetal brain,Trans-thalamic,1388,train,Voluson E6
Patient01388_Plane3_2_of_3.png,FETAL_PLANES_DB,head,Fetal brain,Trans-thalamic,1388,train,Voluson E6
Patient01388_Plane3_3_of_3.png,FETAL_PLANES_DB,head,Fetal brain,Trans-cerebellum,1388,train,Voluson E6
Patient01388_Plane6_1_of_5.png,FETAL_PLANES_DB,not head,Fetal thorax,,1388,train,Voluson E6
Patient01388_Plane6_2_of_5.png,FETAL_PLANES_DB,not head,Fetal thorax,,1388,train,Voluson E6
Patient01388_Plane6_3_of_5.png,FETAL_PLANES_DB,not head,Fetal thorax,,1388,train,Voluson E6
Patient01388_Plane6_4_of_5.png,FETAL_PLANES_DB,not head,Fetal thorax,,1388,train,Voluson E6
Patient01388_Plane6_5_of_5.png,FETAL_PLANES_DB,not head,Fetal thorax,,1388,train,Voluson E6
Patient01391_Plane2_1_of_1.png,FETAL_PLANES_DB,not head,Fetal abdomen,,1391,train,Voluson S10
Patient01391_Plane3_1_of_3.png,FETAL_PLANES_DB,head,Fetal brain,Other,1391,train,Voluson S10
Patient01391_Plane3_2_of_3.png,FETAL_PLANES_DB,head,Fetal brain,Other,1391,train,Voluson S10
Patient01391_Plane3_3_of_3.png,FETAL_PLANES_DB,head,Fetal brain,Trans-thalamic,1391,train,Voluson S10
Patient01391_Plane5_1_of_1.png,FETAL_PLANES_DB,not head,Fetal femur,,1391,train,Voluson S10
Patient01391_Plane1_1_of_26.png,FETAL_PLANES_DB,not head,Other,,1391,train,Voluson S10
Patient01391_Plane6_1_of_2.png,FETAL_PLANES_DB,not head,Fetal thorax,,1391,train,Voluson S10
Patient01391_Plane6_2_of_2.png,FETAL_PLANES_DB,not head,Fetal thorax,,1391,train,Voluson S10
Patient01391_Plane1_2_of_26.png,FETAL_PLANES_DB,not head,Other,,1391,train,Voluson S10
Patient01391_Plane1_3_of_26.png,FETAL_PLANES_DB,not head,Other,,1391,train,Voluson S10
Patient01391_Plane1_4_of_26.png,FETAL_PLANES_DB,not head,Other,,1391,train,Voluson S10
Patient01391_Plane1_5_of_26.png,FETAL_PLANES_DB,not head,Other,,1391,train,Voluson S10
Patient01391_Plane1_6_of_26.png,FETAL_PLANES_DB,not head,Other,,1391,train,Voluson S10
Patient01391_Plane1_7_of_26.png,FETAL_PLANES_DB,not head,Other,,1391,train,Voluson S10
Patient01391_Plane1_8_of_26.png,FETAL_PLANES_DB,not head,Other,,1391,train,Voluson S10
Patient01391_Plane1_9_of_26.png,FETAL_PLANES_DB,not head,Other,,1391,train,Voluson S10
Patient01391_Plane1_10_of_26.png,FETAL_PLANES_DB,not head,Other,,1391,train,Voluson S10
Patient01391_Plane1_11_of_26.png,FETAL_PLANES_DB,not head,Other,,1391,train,Voluson S10
Patient01391_Plane1_12_of_26.png,FETAL_PLANES_DB,not head,Other,,1391,train,Voluson S10
Patient01391_Plane1_13_of_26.png,FETAL_PLANES_DB,not head,Other,,1391,train,Voluson S10
Patient01391_Plane1_14_of_26.png,FETAL_PLANES_DB,not head,Other,,1391,train,Voluson S10
Patient01391_Plane1_15_of_26.png,FETAL_PLANES_DB,not head,Other,,1391,train,Voluson S10
Patient01391_Plane1_16_of_26.png,FETAL_PLANES_DB,not head,Other,,1391,train,Voluson S10
Patient01391_Plane1_17_of_26.png,FETAL_PLANES_DB,not head,Other,,1391,train,Voluson S10
Patient01391_Plane1_18_of_26.png,FETAL_PLANES_DB,not head,Other,,1391,train,Voluson S10
Patient01391_Plane1_19_of_26.png,FETAL_PLANES_DB,not head,Other,,1391,train,Voluson S10
Patient01391_Plane1_20_of_26.png,FETAL_PLANES_DB,not head,Other,,1391,train,Voluson S10
Patient01391_Plane1_21_of_26.png,FETAL_PLANES_DB,not head,Other,,1391,train,Voluson S10
Patient01391_Plane1_22_of_26.png,FETAL_PLANES_DB,not head,Other,,1391,train,Voluson S10
Patient01391_Plane1_23_of_26.png,FETAL_PLANES_DB,not head,Other,,1391,train,Voluson S10
Patient01391_Plane1_24_of_26.png,FETAL_PLANES_DB,not head,Other,,1391,train,Voluson S10
Patient01391_Plane1_25_of_26.png,FETAL_PLANES_DB,not head,Other,,1391,train,Voluson S10
Patient01391_Plane1_26_of_26.png,FETAL_PLANES_DB,not head,Other,,1391,train,Voluson S10
Patient01392_Plane3_1_of_2.png,FETAL_PLANES_DB,head,Fetal brain,Trans-cerebellum,1392,train,Voluson E6
Patient01392_Plane3_2_of_2.png,FETAL_PLANES_DB,head,Fetal brain,Trans-thalamic,1392,train,Voluson E6
Patient01392_Plane5_1_of_1.png,FETAL_PLANES_DB,not head,Fetal femur,,1392,train,Voluson E6
Patient01392_Plane6_1_of_1.png,FETAL_PLANES_DB,not head,Fetal thorax,,1392,train,Voluson E6
Patient01393_Plane2_1_of_1.png,FETAL_PLANES_DB,not head,Fetal abdomen,,1393,train,Voluson E6
Patient01393_Plane3_1_of_2.png,FETAL_PLANES_DB,head,Fetal brain,Trans-thalamic,1393,train,Voluson E6
Patient01393_Plane3_2_of_2.png,FETAL_PLANES_DB,head,Fetal brain,Trans-thalamic,1393,train,Voluson E6
Patient01393_Plane5_1_of_1.png,FETAL_PLANES_DB,not head,Fetal femur,,1393,train,Voluson E6
Patient01396_Plane3_1_of_1.png,FETAL_PLANES_DB,head,Fetal brain,Trans-thalamic,1396,train,Voluson S10
Patient01396_Plane5_1_of_1.png,FETAL_PLANES_DB,not head,Fetal femur,,1396,train,Voluson S10
Patient01396_Plane1_1_of_2.png,FETAL_PLANES_DB,not head,Other,,1396,train,Voluson S10
Patient01396_Plane1_2_of_2.png,FETAL_PLANES_DB,not head,Other,,1396,train,Voluson S10
Patient01397_Plane2_1_of_1.png,FETAL_PLANES_DB,not head,Fetal abdomen,,1397,train,Voluson S10
Patient01397_Plane3_1_of_3.png,FETAL_PLANES_DB,head,Fetal brain,Trans-cerebellum,1397,train,Voluson S10
Patient01397_Plane3_2_of_3.png,FETAL_PLANES_DB,head,Fetal brain,Trans-thalamic,1397,train,Voluson S10
Patient01397_Plane3_3_of_3.png,FETAL_PLANES_DB,head,Fetal brain,Trans-thalamic,1397,train,Voluson S10
Patient01397_Plane5_1_of_1.png,FETAL_PLANES_DB,not head,Fetal femur,,1397,train,Voluson S10
Patient01397_Plane1_1_of_9.png,FETAL_PLANES_DB,not head,Other,,1397,train,Voluson S10
Patient01397_Plane1_2_of_9.png,FETAL_PLANES_DB,not head,Other,,1397,train,Voluson S10
Patient01397_Plane1_3_of_9.png,FETAL_PLANES_DB,not head,Other,,1397,train,Voluson S10
Patient01397_Plane1_4_of_9.png,FETAL_PLANES_DB,not head,Other,,1397,train,Voluson S10
Patient01397_Plane1_5_of_9.png,FETAL_PLANES_DB,not head,Other,,1397,train,Voluson S10
Patient01397_Plane1_6_of_9.png,FETAL_PLANES_DB,not head,Other,,1397,train,Voluson S10
Patient01397_Plane1_7_of_9.png,FETAL_PLANES_DB,not head,Other,,1397,train,Voluson S10
Patient01397_Plane1_8_of_9.png,FETAL_PLANES_DB,not head,Other,,1397,train,Voluson S10
Patient01397_Plane1_9_of_9.png,FETAL_PLANES_DB,not head,Other,,1397,train,Voluson S10
Patient01398_Plane2_1_of_2.png,FETAL_PLANES_DB,not head,Fetal abdomen,,1398,train,Voluson S10
Patient01398_Plane2_2_of_2.png,FETAL_PLANES_DB,not head,Fetal abdomen,,1398,train,Voluson S10
Patient01398_Plane5_1_of_2.png,FETAL_PLANES_DB,not head,Fetal femur,,1398,train,Voluson S10
Patient01398_Plane5_2_of_2.png,FETAL_PLANES_DB,not head,Fetal femur,,1398,train,Voluson S10
Patient01398_Plane6_1_of_1.png,FETAL_PLANES_DB,not head,Fetal thorax,,1398,train,Voluson S10
Patient01398_Plane1_1_of_10.png,FETAL_PLANES_DB,not head,Other,,1398,train,Voluson S10
Patient01398_Plane1_2_of_10.png,FETAL_PLANES_DB,not head,Other,,1398,train,Voluson S10
Patient01398_Plane1_3_of_10.png,FETAL_PLANES_DB,not head,Other,,1398,train,Voluson S10
Patient01398_Plane1_4_of_10.png,FETAL_PLANES_DB,not head,Other,,1398,train,Voluson S10
Patient01398_Plane1_5_of_10.png,FETAL_PLANES_DB,not head,Other,,1398,train,Voluson S10
Patient01398_Plane1_6_of_10.png,FETAL_PLANES_DB,not head,Other,,1398,train,Voluson S10
Patient01398_Plane1_7_of_10.png,FETAL_PLANES_DB,not head,Other,,1398,train,Voluson S10
Patient01398_Plane1_8_of_10.png,FETAL_PLANES_DB,not head,Other,,1398,train,Voluson S10
Patient01398_Plane1_9_of_10.png,FETAL_PLANES_DB,not head,Other,,1398,train,Voluson S10
Patient01398_Plane1_10_of_10.png,FETAL_PLANES_DB,not head,Other,,1398,train,Voluson S10
Patient01400_Plane2_1_of_1.png,FETAL_PLANES_DB,not head,Fetal abdomen,,1400,train,Voluson E6
Patient01400_Plane3_1_of_3.png,FETAL_PLANES_DB,head,Fetal brain,Trans-thalamic,1400,train,Voluson E6
Patient01400_Plane3_2_of_3.png,FETAL_PLANES_DB,head,Fetal brain,Trans-ventricular,1400,train,Voluson E6
Patient01400_Plane3_3_of_3.png,FETAL_PLANES_DB,head,Fetal brain,Trans-cerebellum,1400,train,Voluson E6
Patient01400_Plane1_1_of_1.png,FETAL_PLANES_DB,not head,Other,,1400,train,Voluson E6
Patient01404_Plane3_1_of_2.png,FETAL_PLANES_DB,head,Fetal brain,Trans-thalamic,1404,train,Voluson S10
Patient01404_Plane3_2_of_2.png,FETAL_PLANES_DB,head,Fetal brain,Trans-cerebellum,1404,train,Voluson S10
Patient01404_Plane1_1_of_5.png,FETAL_PLANES_DB,not head,Other,,1404,train,Voluson S10
Patient01404_Plane1_2_of_5.png,FETAL_PLANES_DB,not head,Other,,1404,train,Voluson S10
Patient01404_Plane1_3_of_5.png,FETAL_PLANES_DB,not head,Other,,1404,train,Voluson S10
Patient01404_Plane1_4_of_5.png,FETAL_PLANES_DB,not head,Other,,1404,train,Voluson S10
Patient01404_Plane1_5_of_5.png,FETAL_PLANES_DB,not head,Other,,1404,train,Voluson S10
Patient01407_Plane2_1_of_1.png,FETAL_PLANES_DB,not head,Fetal abdomen,,1407,train,Voluson E6
Patient01407_Plane3_1_of_2.png,FETAL_PLANES_DB,head,Fetal brain,Trans-cerebellum,1407,train,Voluson E6
Patient01407_Plane3_2_of_2.png,FETAL_PLANES_DB,head,Fetal brain,Trans-thalamic,1407,train,Voluson E6
Patient01407_Plane5_1_of_2.png,FETAL_PLANES_DB,not head,Fetal femur,,1407,train,Voluson E6
Patient01407_Plane5_2_of_2.png,FETAL_PLANES_DB,not head,Fetal femur,,1407,train,Voluson E6
Patient01411_Plane3_1_of_3.png,FETAL_PLANES_DB,head,Fetal brain,Trans-thalamic,1411,train,Voluson E6
Patient01411_Plane3_2_of_3.png,FETAL_PLANES_DB,head,Fetal brain,Trans-thalamic,1411,train,Voluson E6
Patient01411_Plane3_3_of_3.png,FETAL_PLANES_DB,head,Fetal brain,Trans-thalamic,1411,train,Voluson E6
Patient01411_Plane6_1_of_2.png,FETAL_PLANES_DB,not head,Fetal thorax,,1411,train,Voluson E6
Patient01411_Plane6_2_of_2.png,FETAL_PLANES_DB,not head,Fetal thorax,,1411,train,Voluson E6
Patient01412_Plane5_1_of_2.png,FETAL_PLANES_DB,not head,Fetal femur,,1412,train,Voluson E6
Patient01412_Plane5_2_of_2.png,FETAL_PLANES_DB,not head,Fetal femur,,1412,train,Voluson E6
Patient01413_Plane3_1_of_4.png,FETAL_PLANES_DB,head,Fetal brain,Trans-thalamic,1413,train,Voluson E6
Patient01413_Plane3_2_of_4.png,FETAL_PLANES_DB,head,Fetal brain,Trans-cerebellum,1413,train,Voluson E6
Patient01413_Plane3_3_of_4.png,FETAL_PLANES_DB,head,Fetal brain,Trans-cerebellum,1413,train,Voluson E6
Patient01413_Plane3_4_of_4.png,FETAL_PLANES_DB,head,Fetal brain,Trans-ventricular,1413,train,Voluson E6
Patient01413_Plane1_1_of_1.png,FETAL_PLANES_DB,not head,Other,,1413,train,Voluson E6
Patient01413_Plane6_1_of_2.png,FETAL_PLANES_DB,not head,Fetal thorax,,1413,train,Voluson E6
Patient01413_Plane6_2_of_2.png,FETAL_PLANES_DB,not head,Fetal thorax,,1413,train,Voluson E6
Patient01414_Plane3_1_of_2.png,FETAL_PLANES_DB,head,Fetal brain,Trans-thalamic,1414,train,Voluson E6
Patient01414_Plane3_2_of_2.png,FETAL_PLANES_DB,head,Fetal brain,Trans-thalamic,1414,train,Voluson E6
Patient01414_Plane6_1_of_2.png,FETAL_PLANES_DB,not head,Fetal thorax,,1414,train,Voluson E6
Patient01414_Plane6_2_of_2.png,FETAL_PLANES_DB,not head,Fetal thorax,,1414,train,Voluson E6
Patient01416_Plane5_1_of_1.png,FETAL_PLANES_DB,not head,Fetal femur,,1416,train,Voluson E6
Patient01417_Plane3_1_of_1.png,FETAL_PLANES_DB,head,Fetal brain,Other,1417,train,Voluson E6
Patient01417_Plane5_1_of_2.png,FETAL_PLANES_DB,not head,Fetal femur,,1417,train,Voluson E6
Patient01417_Plane5_2_of_2.png,FETAL_PLANES_DB,not head,Fetal femur,,1417,train,Voluson E6
Patient01417_Plane1_1_of_1.png,FETAL_PLANES_DB,not head,Other,,1417,train,Voluson E6
Patient01418_Plane3_1_of_1.png,FETAL_PLANES_DB,head,Fetal brain,Trans-thalamic,1418,train,Voluson E6
Patient01418_Plane1_1_of_1.png,FETAL_PLANES_DB,not head,Other,,1418,train,Voluson E6
Patient01419_Plane3_1_of_4.png,FETAL_PLANES_DB,head,Fetal brain,Trans-thalamic,1419,train,Voluson E6
Patient01419_Plane3_2_of_4.png,FETAL_PLANES_DB,head,Fetal brain,Trans-thalamic,1419,train,Voluson E6
Patient01419_Plane3_3_of_4.png,FETAL_PLANES_DB,head,Fetal brain,Other,1419,train,Voluson E6
Patient01419_Plane3_4_of_4.png,FETAL_PLANES_DB,head,Fetal brain,Trans-thalamic,1419,train,Voluson E6
Patient01419_Plane6_1_of_2.png,FETAL_PLANES_DB,not head,Fetal thorax,,1419,train,Voluson E6
Patient01419_Plane6_2_of_2.png,FETAL_PLANES_DB,not head,Fetal thorax,,1419,train,Voluson E6
Patient01421_Plane3_1_of_2.png,FETAL_PLANES_DB,head,Fetal brain,Trans-ventricular,1421,train,Voluson E6
Patient01421_Plane3_2_of_2.png,FETAL_PLANES_DB,head,Fetal brain,Trans-cerebellum,1421,train,Voluson E6
Patient01422_Plane2_1_of_1.png,FETAL_PLANES_DB,not head,Fetal abdomen,,1422,train,Aloka
Patient01422_Plane3_1_of_2.png,FETAL_PLANES_DB,head,Fetal brain,Trans-thalamic,1422,train,Aloka
Patient01422_Plane3_2_of_2.png,FETAL_PLANES_DB,head,Fetal brain,Trans-ventricular,1422,train,Aloka
Patient01422_Plane5_1_of_2.png,FETAL_PLANES_DB,not head,Fetal femur,,1422,train,Aloka
Patient01422_Plane5_2_of_2.png,FETAL_PLANES_DB,not head,Fetal femur,,1422,train,Aloka
Patient01422_Plane1_1_of_19.png,FETAL_PLANES_DB,not head,Other,,1422,train,Aloka
Patient01422_Plane6_1_of_2.png,FETAL_PLANES_DB,not head,Fetal thorax,,1422,train,Aloka
Patient01422_Plane6_2_of_2.png,FETAL_PLANES_DB,not head,Fetal thorax,,1422,train,Aloka
Patient01422_Plane1_2_of_19.png,FETAL_PLANES_DB,not head,Other,,1422,train,Aloka
Patient01422_Plane1_3_of_19.png,FETAL_PLANES_DB,not head,Other,,1422,train,Aloka
Patient01422_Plane1_4_of_19.png,FETAL_PLANES_DB,not head,Other,,1422,train,Aloka
Patient01422_Plane1_5_of_19.png,FETAL_PLANES_DB,not head,Other,,1422,train,Aloka
Patient01422_Plane1_6_of_19.png,FETAL_PLANES_DB,not head,Other,,1422,train,Aloka
Patient01422_Plane1_7_of_19.png,FETAL_PLANES_DB,not head,Other,,1422,train,Aloka
Patient01422_Plane1_8_of_19.png,FETAL_PLANES_DB,not head,Other,,1422,train,Aloka
Patient01422_Plane1_9_of_19.png,FETAL_PLANES_DB,not head,Other,,1422,train,Aloka
Patient01422_Plane1_10_of_19.png,FETAL_PLANES_DB,not head,Other,,1422,train,Aloka
Patient01422_Plane1_11_of_19.png,FETAL_PLANES_DB,not head,Other,,1422,train,Aloka
Patient01422_Plane1_12_of_19.png,FETAL_PLANES_DB,not head,Other,,1422,train,Aloka
Patient01422_Plane1_13_of_19.png,FETAL_PLANES_DB,not head,Other,,1422,train,Aloka
Patient01422_Plane1_14_of_19.png,FETAL_PLANES_DB,not head,Other,,1422,train,Aloka
Patient01422_Plane1_15_of_19.png,FETAL_PLANES_DB,not head,Other,,1422,train,Aloka
Patient01422_Plane1_16_of_19.png,FETAL_PLANES_DB,not head,Other,,1422,train,Aloka
Patient01422_Plane1_17_of_19.png,FETAL_PLANES_DB,not head,Other,,1422,train,Aloka
Patient01422_Plane1_18_of_19.png,FETAL_PLANES_DB,not head,Other,,1422,train,Aloka
Patient01422_Plane1_19_of_19.png,FETAL_PLANES_DB,not head,Other,,1422,train,Aloka
Patient01423_Plane3_1_of_1.png,FETAL_PLANES_DB,head,Fetal brain,Trans-ventricular,1423,train,Aloka
Patient01423_Plane5_1_of_1.png,FETAL_PLANES_DB,not head,Fetal femur,,1423,train,Aloka
Patient01423_Plane6_1_of_2.png,FETAL_PLANES_DB,not head,Fetal thorax,,1423,train,Aloka
Patient01423_Plane6_2_of_2.png,FETAL_PLANES_DB,not head,Fetal thorax,,1423,train,Aloka
Patient01423_Plane1_1_of_2.png,FETAL_PLANES_DB,not head,Other,,1423,train,Aloka
Patient01423_Plane1_2_of_2.png,FETAL_PLANES_DB,not head,Other,,1423,train,Aloka
Patient01425_Plane2_1_of_1.png,FETAL_PLANES_DB,not head,Fetal abdomen,,1425,train,Aloka
Patient01425_Plane3_1_of_2.png,FETAL_PLANES_DB,head,Fetal brain,Trans-thalamic,1425,train,Aloka
Patient01425_Plane3_2_of_2.png,FETAL_PLANES_DB,head,Fetal brain,Trans-thalamic,1425,train,Aloka
Patient01425_Plane5_1_of_1.png,FETAL_PLANES_DB,not head,Fetal femur,,1425,train,Aloka
Patient01425_Plane1_1_of_7.png,FETAL_PLANES_DB,not head,Other,,1425,train,Aloka
Patient01425_Plane1_2_of_7.png,FETAL_PLANES_DB,not head,Other,,1425,train,Aloka
Patient01425_Plane1_3_of_7.png,FETAL_PLANES_DB,not head,Other,,1425,train,Aloka
Patient01425_Plane1_4_of_7.png,FETAL_PLANES_DB,not head,Other,,1425,train,Aloka
Patient01425_Plane1_5_of_7.png,FETAL_PLANES_DB,not head,Other,,1425,train,Aloka
Patient01425_Plane1_6_of_7.png,FETAL_PLANES_DB,not head,Other,,1425,train,Aloka
Patient01425_Plane1_7_of_7.png,FETAL_PLANES_DB,not head,Other,,1425,train,Aloka
Patient01427_Plane2_1_of_1.png,FETAL_PLANES_DB,not head,Fetal abdomen,,1427,train,Voluson E6
Patient01427_Plane3_1_of_4.png,FETAL_PLANES_DB,head,Fetal brain,Trans-cerebellum,1427,train,Voluson E6
Patient01427_Plane3_2_of_4.png,FETAL_PLANES_DB,head,Fetal brain,Trans-cerebellum,1427,train,Voluson E6
Patient01427_Plane3_3_of_4.png,FETAL_PLANES_DB,head,Fetal brain,Trans-ventricular,1427,train,Voluson E6
Patient01427_Plane3_4_of_4.png,FETAL_PLANES_DB,head,Fetal brain,Trans-cerebellum,1427,train,Voluson E6
Patient01427_Plane5_1_of_1.png,FETAL_PLANES_DB,not head,Fetal femur,,1427,train,Voluson E6
Patient01427_Plane1_1_of_1.png,FETAL_PLANES_DB,not head,Other,,1427,train,Voluson E6
Patient01427_Plane6_1_of_3.png,FETAL_PLANES_DB,not head,Fetal thorax,,1427,train,Voluson E6
Patient01427_Plane6_2_of_3.png,FETAL_PLANES_DB,not head,Fetal thorax,,1427,train,Voluson E6
Patient01427_Plane6_3_of_3.png,FETAL_PLANES_DB,not head,Fetal thorax,,1427,train,Voluson E6
Patient01428_Plane3_1_of_3.png,FETAL_PLANES_DB,head,Fetal brain,Trans-cerebellum,1428,train,Voluson E6
Patient01428_Plane3_2_of_3.png,FETAL_PLANES_DB,head,Fetal brain,Trans-cerebellum,1428,train,Voluson E6
Patient01428_Plane3_3_of_3.png,FETAL_PLANES_DB,head,Fetal brain,Trans-thalamic,1428,train,Voluson E6
Patient01428_Plane4_1_of_6.png,FETAL_PLANES_DB,not head,Maternal cervix,,1428,train,Voluson E6
Patient01428_Plane4_2_of_6.png,FETAL_PLANES_DB,not head,Maternal cervix,,1428,train,Voluson E6
Patient01428_Plane4_3_of_6.png,FETAL_PLANES_DB,not head,Maternal cervix,,1428,train,Voluson E6
Patient01428_Plane4_4_of_6.png,FETAL_PLANES_DB,not head,Maternal cervix,,1428,train,Voluson E6
Patient01428_Plane4_5_of_6.png,FETAL_PLANES_DB,not head,Maternal cervix,,1428,train,Voluson E6
Patient01428_Plane4_6_of_6.png,FETAL_PLANES_DB,not head,Maternal cervix,,1428,train,Voluson E6
Patient01428_Plane6_1_of_8.png,FETAL_PLANES_DB,not head,Fetal thorax,,1428,train,Voluson E6
Patient01428_Plane6_2_of_8.png,FETAL_PLANES_DB,not head,Fetal thorax,,1428,train,Voluson E6
Patient01428_Plane6_3_of_8.png,FETAL_PLANES_DB,not head,Fetal thorax,,1428,train,Voluson E6
Patient01428_Plane6_4_of_8.png,FETAL_PLANES_DB,not head,Fetal thorax,,1428,train,Voluson E6
Patient01428_Plane6_5_of_8.png,FETAL_PLANES_DB,not head,Fetal thorax,,1428,train,Voluson E6
Patient01428_Plane6_6_of_8.png,FETAL_PLANES_DB,not head,Fetal thorax,,1428,train,Voluson E6
Patient01428_Plane6_7_of_8.png,FETAL_PLANES_DB,not head,Fetal thorax,,1428,train,Voluson E6
Patient01428_Plane6_8_of_8.png,FETAL_PLANES_DB,not head,Fetal thorax,,1428,train,Voluson E6
Patient01429_Plane3_1_of_2.png,FETAL_PLANES_DB,head,Fetal brain,Trans-ventricular,1429,train,Voluson E6
Patient01429_Plane3_2_of_2.png,FETAL_PLANES_DB,head,Fetal brain,Trans-thalamic,1429,train,Voluson E6
Patient01429_Plane1_1_of_1.png,FETAL_PLANES_DB,not head,Other,,1429,train,Voluson E6
Patient01429_Plane6_1_of_5.png,FETAL_PLANES_DB,not head,Fetal thorax,,1429,train,Voluson E6
Patient01429_Plane6_2_of_5.png,FETAL_PLANES_DB,not head,Fetal thorax,,1429,train,Voluson E6
Patient01429_Plane6_3_of_5.png,FETAL_PLANES_DB,not head,Fetal thorax,,1429,train,Voluson E6
Patient01429_Plane6_4_of_5.png,FETAL_PLANES_DB,not head,Fetal thorax,,1429,train,Voluson E6
Patient01429_Plane6_5_of_5.png,FETAL_PLANES_DB,not head,Fetal thorax,,1429,train,Voluson E6
Patient01434_Plane2_1_of_1.png,FETAL_PLANES_DB,not head,Fetal abdomen,,1434,train,Voluson E6
Patient01434_Plane3_1_of_6.png,FETAL_PLANES_DB,head,Fetal brain,Trans-thalamic,1434,train,Voluson E6
Patient01434_Plane3_2_of_6.png,FETAL_PLANES_DB,head,Fetal brain,Trans-ventricular,1434,train,Voluson E6
Patient01434_Plane3_3_of_6.png,FETAL_PLANES_DB,head,Fetal brain,Trans-ventricular,1434,train,Voluson E6
Patient01434_Plane3_4_of_6.png,FETAL_PLANES_DB,head,Fetal brain,Trans-cerebellum,1434,train,Voluson E6
Patient01434_Plane3_5_of_6.png,FETAL_PLANES_DB,head,Fetal brain,Trans-thalamic,1434,train,Voluson E6
Patient01434_Plane3_6_of_6.png,FETAL_PLANES_DB,head,Fetal brain,Trans-thalamic,1434,train,Voluson E6
Patient01434_Plane1_1_of_1.png,FETAL_PLANES_DB,not head,Other,,1434,train,Voluson E6
Patient01437_Plane3_1_of_1.png,FETAL_PLANES_DB,head,Fetal brain,Trans-thalamic,1437,train,Voluson S10
Patient01437_Plane1_1_of_3.png,FETAL_PLANES_DB,not head,Other,,1437,train,Voluson S10
Patient01437_Plane1_2_of_3.png,FETAL_PLANES_DB,not head,Other,,1437,train,Voluson S10
Patient01437_Plane1_3_of_3.png,FETAL_PLANES_DB,not head,Other,,1437,train,Voluson S10
Patient01438_Plane2_1_of_1.png,FETAL_PLANES_DB,not head,Fetal abdomen,,1438,train,Voluson S10
Patient01438_Plane3_1_of_3.png,FETAL_PLANES_DB,head,Fetal brain,Trans-thalamic,1438,train,Voluson S10
Patient01438_Plane3_2_of_3.png,FETAL_PLANES_DB,head,Fetal brain,Trans-cerebellum,1438,train,Voluson S10
Patient01438_Plane3_3_of_3.png,FETAL_PLANES_DB,head,Fetal brain,Trans-ventricular,1438,train,Voluson S10
Patient01438_Plane1_1_of_15.png,FETAL_PLANES_DB,not head,Other,,1438,train,Voluson S10
Patient01438_Plane1_2_of_15.png,FETAL_PLANES_DB,not head,Other,,1438,train,Voluson S10
Patient01438_Plane1_3_of_15.png,FETAL_PLANES_DB,not head,Other,,1438,train,Voluson S10
Patient01438_Plane1_4_of_15.png,FETAL_PLANES_DB,not head,Other,,1438,train,Voluson S10
Patient01438_Plane1_5_of_15.png,FETAL_PLANES_DB,not head,Other,,1438,train,Voluson S10
Patient01438_Plane1_6_of_15.png,FETAL_PLANES_DB,not head,Other,,1438,train,Voluson S10
Patient01438_Plane1_7_of_15.png,FETAL_PLANES_DB,not head,Other,,1438,train,Voluson S10
Patient01438_Plane1_8_of_15.png,FETAL_PLANES_DB,not head,Other,,1438,train,Voluson S10
Patient01438_Plane1_9_of_15.png,FETAL_PLANES_DB,not head,Other,,1438,train,Voluson S10
Patient01438_Plane1_10_of_15.png,FETAL_PLANES_DB,not head,Other,,1438,train,Voluson S10
Patient01438_Plane1_11_of_15.png,FETAL_PLANES_DB,not head,Other,,1438,train,Voluson S10
Patient01438_Plane1_12_of_15.png,FETAL_PLANES_DB,not head,Other,,1438,train,Voluson S10
Patient01438_Plane1_13_of_15.png,FETAL_PLANES_DB,not head,Other,,1438,train,Voluson S10
Patient01438_Plane1_14_of_15.png,FETAL_PLANES_DB,not head,Other,,1438,train,Voluson S10
Patient01438_Plane1_15_of_15.png,FETAL_PLANES_DB,not head,Other,,1438,train,Voluson S10
Patient01439_Plane3_1_of_1.png,FETAL_PLANES_DB,head,Fetal brain,Trans-thalamic,1439,train,Voluson E6
Patient01439_Plane5_1_of_1.png,FETAL_PLANES_DB,not head,Fetal femur,,1439,train,Voluson E6
Patient01442_Plane2_1_of_1.png,FETAL_PLANES_DB,not head,Fetal abdomen,,1442,train,Voluson S10
Patient01442_Plane3_1_of_3.png,FETAL_PLANES_DB,head,Fetal brain,Trans-thalamic,1442,train,Voluson S10
Patient01442_Plane3_2_of_3.png,FETAL_PLANES_DB,head,Fetal brain,Trans-cerebellum,1442,train,Voluson S10
Patient01442_Plane3_3_of_3.png,FETAL_PLANES_DB,head,Fetal brain,Trans-thalamic,1442,train,Voluson S10
Patient01442_Plane5_1_of_1.png,FETAL_PLANES_DB,not head,Fetal femur,,1442,train,Voluson S10
Patient01442_Plane1_1_of_22.png,FETAL_PLANES_DB,not head,Other,,1442,train,Voluson S10
Patient01442_Plane6_1_of_1.png,FETAL_PLANES_DB,not head,Fetal thorax,,1442,train,Voluson S10
Patient01442_Plane1_2_of_22.png,FETAL_PLANES_DB,not head,Other,,1442,train,Voluson S10
Patient01442_Plane1_3_of_22.png,FETAL_PLANES_DB,not head,Other,,1442,train,Voluson S10
Patient01442_Plane1_4_of_22.png,FETAL_PLANES_DB,not head,Other,,1442,train,Voluson S10
Patient01442_Plane1_5_of_22.png,FETAL_PLANES_DB,not head,Other,,1442,train,Voluson S10
Patient01442_Plane1_6_of_22.png,FETAL_PLANES_DB,not head,Other,,1442,train,Voluson S10
Patient01442_Plane1_7_of_22.png,FETAL_PLANES_DB,not head,Other,,1442,train,Voluson S10
Patient01442_Plane1_8_of_22.png,FETAL_PLANES_DB,not head,Other,,1442,train,Voluson S10
Patient01442_Plane1_9_of_22.png,FETAL_PLANES_DB,not head,Other,,1442,train,Voluson S10
Patient01442_Plane1_10_of_22.png,FETAL_PLANES_DB,not head,Other,,1442,train,Voluson S10
Patient01442_Plane1_11_of_22.png,FETAL_PLANES_DB,not head,Other,,1442,train,Voluson S10
Patient01442_Plane1_12_of_22.png,FETAL_PLANES_DB,not head,Other,,1442,train,Voluson S10
Patient01442_Plane1_13_of_22.png,FETAL_PLANES_DB,not head,Other,,1442,train,Voluson S10
Patient01442_Plane1_14_of_22.png,FETAL_PLANES_DB,not head,Other,,1442,train,Voluson S10
Patient01442_Plane1_15_of_22.png,FETAL_PLANES_DB,not head,Other,,1442,train,Voluson S10
Patient01442_Plane1_16_of_22.png,FETAL_PLANES_DB,not head,Other,,1442,train,Voluson S10
Patient01442_Plane1_17_of_22.png,FETAL_PLANES_DB,not head,Other,,1442,train,Voluson S10
Patient01442_Plane1_18_of_22.png,FETAL_PLANES_DB,not head,Other,,1442,train,Voluson S10
Patient01442_Plane1_19_of_22.png,FETAL_PLANES_DB,not head,Other,,1442,train,Voluson S10
Patient01442_Plane1_20_of_22.png,FETAL_PLANES_DB,not head,Other,,1442,train,Voluson S10
Patient01442_Plane1_21_of_22.png,FETAL_PLANES_DB,not head,Other,,1442,train,Voluson S10
Patient01442_Plane1_22_of_22.png,FETAL_PLANES_DB,not head,Other,,1442,train,Voluson S10
Patient01443_Plane2_1_of_1.png,FETAL_PLANES_DB,not head,Fetal abdomen,,1443,train,Voluson S10
Patient01443_Plane3_1_of_2.png,FETAL_PLANES_DB,head,Fetal brain,Trans-thalamic,1443,train,Voluson S10
Patient01443_Plane3_2_of_2.png,FETAL_PLANES_DB,head,Fetal brain,Trans-cerebellum,1443,train,Voluson S10
Patient01443_Plane6_1_of_1.png,FETAL_PLANES_DB,not head,Fetal thorax,,1443,train,Voluson S10
Patient01443_Plane1_1_of_1.png,FETAL_PLANES_DB,not head,Other,,1443,train,Voluson S10
Patient01446_Plane2_1_of_1.png,FETAL_PLANES_DB,not head,Fetal abdomen,,1446,train,Aloka
Patient01446_Plane3_1_of_3.png,FETAL_PLANES_DB,head,Fetal brain,Trans-thalamic,1446,train,Aloka
Patient01446_Plane3_2_of_3.png,FETAL_PLANES_DB,head,Fetal brain,Trans-ventricular,1446,train,Aloka
Patient01446_Plane3_3_of_3.png,FETAL_PLANES_DB,head,Fetal brain,Trans-cerebellum,1446,train,Aloka
Patient01446_Plane5_1_of_1.png,FETAL_PLANES_DB,not head,Fetal femur,,1446,train,Aloka
Patient01446_Plane6_1_of_3.png,FETAL_PLANES_DB,not head,Fetal thorax,,1446,train,Aloka
Patient01446_Plane6_2_of_3.png,FETAL_PLANES_DB,not head,Fetal thorax,,1446,train,Aloka
Patient01446_Plane6_3_of_3.png,FETAL_PLANES_DB,not head,Fetal thorax,,1446,train,Aloka
Patient01446_Plane1_1_of_29.png,FETAL_PLANES_DB,not head,Other,,1446,train,Aloka
Patient01446_Plane1_2_of_29.png,FETAL_PLANES_DB,not head,Other,,1446,train,Aloka
Patient01446_Plane1_3_of_29.png,FETAL_PLANES_DB,not head,Other,,1446,train,Aloka
Patient01446_Plane1_4_of_29.png,FETAL_PLANES_DB,not head,Other,,1446,train,Aloka
Patient01446_Plane1_5_of_29.png,FETAL_PLANES_DB,not head,Other,,1446,train,Aloka
Patient01446_Plane1_6_of_29.png,FETAL_PLANES_DB,not head,Other,,1446,train,Aloka
Patient01446_Plane1_7_of_29.png,FETAL_PLANES_DB,not head,Other,,1446,train,Aloka
Patient01446_Plane1_8_of_29.png,FETAL_PLANES_DB,not head,Other,,1446,train,Aloka
Patient01446_Plane1_9_of_29.png,FETAL_PLANES_DB,not head,Other,,1446,train,Aloka
Patient01446_Plane1_10_of_29.png,FETAL_PLANES_DB,not head,Other,,1446,train,Aloka
Patient01446_Plane1_11_of_29.png,FETAL_PLANES_DB,not head,Other,,1446,train,Aloka
Patient01446_Plane1_12_of_29.png,FETAL_PLANES_DB,not head,Other,,1446,train,Aloka
Patient01446_Plane1_13_of_29.png,FETAL_PLANES_DB,not head,Other,,1446,train,Aloka
Patient01446_Plane1_14_of_29.png,FETAL_PLANES_DB,not head,Other,,1446,train,Aloka
Patient01446_Plane1_15_of_29.png,FETAL_PLANES_DB,not head,Other,,1446,train,Aloka
Patient01446_Plane1_16_of_29.png,FETAL_PLANES_DB,not head,Other,,1446,train,Aloka
Patient01446_Plane1_17_of_29.png,FETAL_PLANES_DB,not head,Other,,1446,train,Aloka
Patient01446_Plane1_18_of_29.png,FETAL_PLANES_DB,not head,Other,,1446,train,Aloka
Patient01446_Plane1_19_of_29.png,FETAL_PLANES_DB,not head,Other,,1446,train,Aloka
Patient01446_Plane1_20_of_29.png,FETAL_PLANES_DB,not head,Other,,1446,train,Aloka
Patient01446_Plane1_21_of_29.png,FETAL_PLANES_DB,not head,Other,,1446,train,Aloka
Patient01446_Plane1_22_of_29.png,FETAL_PLANES_DB,not head,Other,,1446,train,Aloka
Patient01446_Plane1_23_of_29.png,FETAL_PLANES_DB,not head,Other,,1446,train,Aloka
Patient01446_Plane1_24_of_29.png,FETAL_PLANES_DB,not head,Other,,1446,train,Aloka
Patient01446_Plane1_25_of_29.png,FETAL_PLANES_DB,not head,Other,,1446,train,Aloka
Patient01446_Plane1_26_of_29.png,FETAL_PLANES_DB,not head,Other,,1446,train,Aloka
Patient01446_Plane1_27_of_29.png,FETAL_PLANES_DB,not head,Other,,1446,train,Aloka
Patient01446_Plane1_28_of_29.png,FETAL_PLANES_DB,not head,Other,,1446,train,Aloka
Patient01446_Plane1_29_of_29.png,FETAL_PLANES_DB,not head,Other,,1446,train,Aloka
Patient01447_Plane3_1_of_1.png,FETAL_PLANES_DB,head,Fetal brain,Trans-cerebellum,1447,train,Voluson E6
Patient01447_Plane5_1_of_1.png,FETAL_PLANES_DB,not head,Fetal femur,,1447,train,Voluson E6
Patient01447_Plane1_1_of_1.png,FETAL_PLANES_DB,not head,Other,,1447,train,Voluson E6
Patient01448_Plane3_1_of_3.png,FETAL_PLANES_DB,head,Fetal brain,Trans-thalamic,1448,train,Aloka
Patient01448_Plane3_2_of_3.png,FETAL_PLANES_DB,head,Fetal brain,Trans-ventricular,1448,train,Aloka
Patient01448_Plane3_3_of_3.png,FETAL_PLANES_DB,head,Fetal brain,Trans-thalamic,1448,train,Aloka
Patient01448_Plane5_1_of_1.png,FETAL_PLANES_DB,not head,Fetal femur,,1448,train,Aloka
Patient01448_Plane1_1_of_13.png,FETAL_PLANES_DB,not head,Other,,1448,train,Aloka
Patient01448_Plane1_2_of_13.png,FETAL_PLANES_DB,not head,Other,,1448,train,Aloka
Patient01448_Plane1_3_of_13.png,FETAL_PLANES_DB,not head,Other,,1448,train,Aloka
Patient01448_Plane1_4_of_13.png,FETAL_PLANES_DB,not head,Other,,1448,train,Aloka
Patient01448_Plane1_5_of_13.png,FETAL_PLANES_DB,not head,Other,,1448,train,Aloka
Patient01448_Plane1_6_of_13.png,FETAL_PLANES_DB,not head,Other,,1448,train,Aloka
Patient01448_Plane1_7_of_13.png,FETAL_PLANES_DB,not head,Other,,1448,train,Aloka
Patient01448_Plane1_8_of_13.png,FETAL_PLANES_DB,not head,Other,,1448,train,Aloka
Patient01448_Plane1_9_of_13.png,FETAL_PLANES_DB,not head,Other,,1448,train,Aloka
Patient01448_Plane1_10_of_13.png,FETAL_PLANES_DB,not head,Other,,1448,train,Aloka
Patient01448_Plane1_11_of_13.png,FETAL_PLANES_DB,not head,Other,,1448,train,Aloka
Patient01448_Plane1_12_of_13.png,FETAL_PLANES_DB,not head,Other,,1448,train,Aloka
Patient01448_Plane1_13_of_13.png,FETAL_PLANES_DB,not head,Other,,1448,train,Aloka
Patient01449_Plane2_1_of_1.png,FETAL_PLANES_DB,not head,Fetal abdomen,,1449,train,Aloka
Patient01449_Plane3_1_of_2.png,FETAL_PLANES_DB,head,Fetal brain,Trans-thalamic,1449,train,Aloka
Patient01449_Plane3_2_of_2.png,FETAL_PLANES_DB,head,Fetal brain,Trans-cerebellum,1449,train,Aloka
Patient01449_Plane5_1_of_1.png,FETAL_PLANES_DB,not head,Fetal femur,,1449,train,Aloka
Patient01449_Plane6_1_of_1.png,FETAL_PLANES_DB,not head,Fetal thorax,,1449,train,Aloka
Patient01449_Plane1_1_of_7.png,FETAL_PLANES_DB,not head,Other,,1449,train,Aloka
Patient01449_Plane1_2_of_7.png,FETAL_PLANES_DB,not head,Other,,1449,train,Aloka
Patient01449_Plane1_3_of_7.png,FETAL_PLANES_DB,not head,Other,,1449,train,Aloka
Patient01449_Plane1_4_of_7.png,FETAL_PLANES_DB,not head,Other,,1449,train,Aloka
Patient01449_Plane1_5_of_7.png,FETAL_PLANES_DB,not head,Other,,1449,train,Aloka
Patient01449_Plane1_6_of_7.png,FETAL_PLANES_DB,not head,Other,,1449,train,Aloka
Patient01449_Plane1_7_of_7.png,FETAL_PLANES_DB,not head,Other,,1449,train,Aloka
Patient01452_Plane3_1_of_2.png,FETAL_PLANES_DB,head,Fetal brain,Trans-thalamic,1452,train,Aloka
Patient01452_Plane3_2_of_2.png,FETAL_PLANES_DB,head,Fetal brain,Trans-thalamic,1452,train,Aloka
Patient01452_Plane5_1_of_1.png,FETAL_PLANES_DB,not head,Fetal femur,,1452,train,Aloka
Patient01452_Plane1_1_of_9.png,FETAL_PLANES_DB,not head,Other,,1452,train,Aloka
Patient01452_Plane1_2_of_9.png,FETAL_PLANES_DB,not head,Other,,1452,train,Aloka
Patient01452_Plane1_3_of_9.png,FETAL_PLANES_DB,not head,Other,,1452,train,Aloka
Patient01452_Plane1_4_of_9.png,FETAL_PLANES_DB,not head,Other,,1452,train,Aloka
Patient01452_Plane1_5_of_9.png,FETAL_PLANES_DB,not head,Other,,1452,train,Aloka
Patient01452_Plane1_6_of_9.png,FETAL_PLANES_DB,not head,Other,,1452,train,Aloka
Patient01452_Plane1_7_of_9.png,FETAL_PLANES_DB,not head,Other,,1452,train,Aloka
Patient01452_Plane1_8_of_9.png,FETAL_PLANES_DB,not head,Other,,1452,train,Aloka
Patient01452_Plane1_9_of_9.png,FETAL_PLANES_DB,not head,Other,,1452,train,Aloka
Patient01453_Plane3_1_of_4.png,FETAL_PLANES_DB,head,Fetal brain,Trans-ventricular,1453,train,Voluson E6
Patient01453_Plane3_2_of_4.png,FETAL_PLANES_DB,head,Fetal brain,Trans-ventricular,1453,train,Voluson E6
Patient01453_Plane3_3_of_4.png,FETAL_PLANES_DB,head,Fetal brain,Trans-cerebellum,1453,train,Voluson E6
Patient01453_Plane3_4_of_4.png,FETAL_PLANES_DB,head,Fetal brain,Trans-ventricular,1453,train,Voluson E6
Patient01453_Plane1_1_of_1.png,FETAL_PLANES_DB,not head,Other,,1453,train,Voluson E6
Patient01453_Plane6_1_of_1.png,FETAL_PLANES_DB,not head,Fetal thorax,,1453,train,Voluson E6
Patient01454_Plane2_1_of_2.png,FETAL_PLANES_DB,not head,Fetal abdomen,,1454,train,Voluson S10
Patient01454_Plane2_2_of_2.png,FETAL_PLANES_DB,not head,Fetal abdomen,,1454,train,Voluson S10
Patient01454_Plane3_1_of_2.png,FETAL_PLANES_DB,head,Fetal brain,Trans-cerebellum,1454,train,Voluson S10
Patient01454_Plane3_2_of_2.png,FETAL_PLANES_DB,head,Fetal brain,Trans-ventricular,1454,train,Voluson S10
Patient01454_Plane1_1_of_6.png,FETAL_PLANES_DB,not head,Other,,1454,train,Voluson S10
Patient01454_Plane1_2_of_6.png,FETAL_PLANES_DB,not head,Other,,1454,train,Voluson S10
Patient01454_Plane1_3_of_6.png,FETAL_PLANES_DB,not head,Other,,1454,train,Voluson S10
Patient01454_Plane1_4_of_6.png,FETAL_PLANES_DB,not head,Other,,1454,train,Voluson S10
Patient01454_Plane1_5_of_6.png,FETAL_PLANES_DB,not head,Other,,1454,train,Voluson S10
Patient01454_Plane1_6_of_6.png,FETAL_PLANES_DB,not head,Other,,1454,train,Voluson S10
Patient01456_Plane2_1_of_1.png,FETAL_PLANES_DB,not head,Fetal abdomen,,1456,train,Voluson S10
Patient01456_Plane3_1_of_3.png,FETAL_PLANES_DB,head,Fetal brain,Trans-thalamic,1456,train,Voluson S10
Patient01456_Plane3_2_of_3.png,FETAL_PLANES_DB,head,Fetal brain,Trans-cerebellum,1456,train,Voluson S10
Patient01456_Plane3_3_of_3.png,FETAL_PLANES_DB,head,Fetal brain,Trans-thalamic,1456,train,Voluson S10
Patient01456_Plane5_1_of_1.png,FETAL_PLANES_DB,not head,Fetal femur,,1456,train,Voluson S10
Patient01456_Plane6_1_of_1.png,FETAL_PLANES_DB,not head,Fetal thorax,,1456,train,Voluson S10
Patient01456_Plane1_1_of_3.png,FETAL_PLANES_DB,not head,Other,,1456,train,Voluson S10
Patient01456_Plane1_2_of_3.png,FETAL_PLANES_DB,not head,Other,,1456,train,Voluson S10
Patient01456_Plane1_3_of_3.png,FETAL_PLANES_DB,not head,Other,,1456,train,Voluson S10
Patient01460_Plane3_1_of_2.png,FETAL_PLANES_DB,head,Fetal brain,Trans-thalamic,1460,train,Voluson E6
Patient01460_Plane3_2_of_2.png,FETAL_PLANES_DB,head,Fetal brain,Trans-thalamic,1460,train,Voluson E6
Patient01462_Plane2_1_of_1.png,FETAL_PLANES_DB,not head,Fetal abdomen,,1462,train,Voluson E6
Patient01462_Plane3_1_of_4.png,FETAL_PLANES_DB,head,Fetal brain,Trans-ventricular,1462,train,Voluson E6
Patient01462_Plane3_2_of_4.png,FETAL_PLANES_DB,head,Fetal brain,Trans-cerebellum,1462,train,Voluson E6
Patient01462_Plane3_3_of_4.png,FETAL_PLANES_DB,head,Fetal brain,Trans-ventricular,1462,train,Voluson E6
Patient01462_Plane3_4_of_4.png,FETAL_PLANES_DB,head,Fetal brain,Trans-ventricular,1462,train,Voluson E6
Patient01462_Plane1_1_of_1.png,FETAL_PLANES_DB,not head,Other,,1462,train,Voluson E6
Patient01462_Plane6_1_of_2.png,FETAL_PLANES_DB,not head,Fetal thorax,,1462,train,Voluson E6
Patient01462_Plane6_2_of_2.png,FETAL_PLANES_DB,not head,Fetal thorax,,1462,train,Voluson E6
Patient01463_Plane3_1_of_3.png,FETAL_PLANES_DB,head,Fetal brain,Trans-thalamic,1463,train,Voluson E6
Patient01463_Plane3_2_of_3.png,FETAL_PLANES_DB,head,Fetal brain,Trans-thalamic,1463,train,Voluson E6
Patient01463_Plane3_3_of_3.png,FETAL_PLANES_DB,head,Fetal brain,Trans-thalamic,1463,train,Voluson E6
Patient01463_Plane1_1_of_1.png,FETAL_PLANES_DB,not head,Other,,1463,train,Voluson E6
Patient01463_Plane6_1_of_5.png,FETAL_PLANES_DB,not head,Fetal thorax,,1463,train,Voluson E6
Patient01463_Plane6_2_of_5.png,FETAL_PLANES_DB,not head,Fetal thorax,,1463,train,Voluson E6
Patient01463_Plane6_3_of_5.png,FETAL_PLANES_DB,not head,Fetal thorax,,1463,train,Voluson E6
Patient01463_Plane6_4_of_5.png,FETAL_PLANES_DB,not head,Fetal thorax,,1463,train,Voluson E6
Patient01463_Plane6_5_of_5.png,FETAL_PLANES_DB,not head,Fetal thorax,,1463,train,Voluson E6
Patient01464_Plane2_1_of_1.png,FETAL_PLANES_DB,not head,Fetal abdomen,,1464,train,Voluson E6
Patient01464_Plane3_1_of_2.png,FETAL_PLANES_DB,head,Fetal brain,Trans-cerebellum,1464,train,Voluson E6
Patient01464_Plane3_2_of_2.png,FETAL_PLANES_DB,head,Fetal brain,Trans-thalamic,1464,train,Voluson E6
Patient01464_Plane4_1_of_3.png,FETAL_PLANES_DB,not head,Maternal cervix,,1464,train,Voluson E6
Patient01464_Plane4_2_of_3.png,FETAL_PLANES_DB,not head,Maternal cervix,,1464,train,Voluson E6
Patient01464_Plane4_3_of_3.png,FETAL_PLANES_DB,not head,Maternal cervix,,1464,train,Voluson E6
Patient01464_Plane5_1_of_1.png,FETAL_PLANES_DB,not head,Fetal femur,,1464,train,Voluson E6
Patient01465_Plane3_1_of_1.png,FETAL_PLANES_DB,head,Fetal brain,Trans-thalamic,1465,train,Voluson E6
Patient01468_Plane2_1_of_1.png,FETAL_PLANES_DB,not head,Fetal abdomen,,1468,train,Voluson E6
Patient01468_Plane3_1_of_4.png,FETAL_PLANES_DB,head,Fetal brain,Trans-ventricular,1468,train,Voluson E6
Patient01468_Plane3_2_of_4.png,FETAL_PLANES_DB,head,Fetal brain,Trans-cerebellum,1468,train,Voluson E6
Patient01468_Plane3_3_of_4.png,FETAL_PLANES_DB,head,Fetal brain,Trans-ventricular,1468,train,Voluson E6
Patient01468_Plane3_4_of_4.png,FETAL_PLANES_DB,head,Fetal brain,Trans-cerebellum,1468,train,Voluson E6
Patient01468_Plane5_1_of_1.png,FETAL_PLANES_DB,not head,Fetal femur,,1468,train,Voluson E6
Patient01468_Plane1_1_of_1.png,FETAL_PLANES_DB,not head,Other,,1468,train,Voluson E6
Patient01470_Plane2_1_of_1.png,FETAL_PLANES_DB,not head,Fetal abdomen,,1470,train,Voluson S10
Patient01470_Plane3_1_of_2.png,FETAL_PLANES_DB,head,Fetal brain,Trans-cerebellum,1470,train,Voluson S10
Patient01470_Plane3_2_of_2.png,FETAL_PLANES_DB,head,Fetal brain,Trans-thalamic,1470,train,Voluson S10
Patient01470_Plane5_1_of_1.png,FETAL_PLANES_DB,not head,Fetal femur,,1470,train,Voluson S10
Patient01470_Plane1_1_of_4.png,FETAL_PLANES_DB,not head,Other,,1470,train,Voluson S10
Patient01470_Plane1_2_of_4.png,FETAL_PLANES_DB,not head,Other,,1470,train,Voluson S10
Patient01470_Plane1_3_of_4.png,FETAL_PLANES_DB,not head,Other,,1470,train,Voluson S10
Patient01470_Plane1_4_of_4.png,FETAL_PLANES_DB,not head,Other,,1470,train,Voluson S10
Patient01471_Plane3_1_of_2.png,FETAL_PLANES_DB,head,Fetal brain,Trans-thalamic,1471,train,Voluson E6
Patient01471_Plane3_2_of_2.png,FETAL_PLANES_DB,head,Fetal brain,Trans-thalamic,1471,train,Voluson E6
Patient01471_Plane5_1_of_2.png,FETAL_PLANES_DB,not head,Fetal femur,,1471,train,Voluson E6
Patient01471_Plane5_2_of_2.png,FETAL_PLANES_DB,not head,Fetal femur,,1471,train,Voluson E6
Patient01471_Plane6_1_of_2.png,FETAL_PLANES_DB,not head,Fetal thorax,,1471,train,Voluson E6
Patient01471_Plane6_2_of_2.png,FETAL_PLANES_DB,not head,Fetal thorax,,1471,train,Voluson E6
Patient01472_Plane2_1_of_2.png,FETAL_PLANES_DB,not head,Fetal abdomen,,1472,train,Voluson S10
Patient01472_Plane2_2_of_2.png,FETAL_PLANES_DB,not head,Fetal abdomen,,1472,train,Voluson S10
Patient01472_Plane3_1_of_4.png,FETAL_PLANES_DB,head,Fetal brain,Trans-thalamic,1472,train,Voluson S10
Patient01472_Plane3_2_of_4.png,FETAL_PLANES_DB,head,Fetal brain,Trans-cerebellum,1472,train,Voluson S10
Patient01472_Plane3_3_of_4.png,FETAL_PLANES_DB,head,Fetal brain,Other,1472,train,Voluson S10
Patient01472_Plane3_4_of_4.png,FETAL_PLANES_DB,head,Fetal brain,Trans-ventricular,1472,train,Voluson S10
Patient01472_Plane1_1_of_11.png,FETAL_PLANES_DB,not head,Other,,1472,train,Voluson S10
Patient01472_Plane1_2_of_11.png,FETAL_PLANES_DB,not head,Other,,1472,train,Voluson S10
Patient01472_Plane1_3_of_11.png,FETAL_PLANES_DB,not head,Other,,1472,train,Voluson S10
Patient01472_Plane1_4_of_11.png,FETAL_PLANES_DB,not head,Other,,1472,train,Voluson S10
Patient01472_Plane1_5_of_11.png,FETAL_PLANES_DB,not head,Other,,1472,train,Voluson S10
Patient01472_Plane1_6_of_11.png,FETAL_PLANES_DB,not head,Other,,1472,train,Voluson S10
Patient01472_Plane1_7_of_11.png,FETAL_PLANES_DB,not head,Other,,1472,train,Voluson S10
Patient01472_Plane1_8_of_11.png,FETAL_PLANES_DB,not head,Other,,1472,train,Voluson S10
Patient01472_Plane1_9_of_11.png,FETAL_PLANES_DB,not head,Other,,1472,train,Voluson S10
Patient01472_Plane1_10_of_11.png,FETAL_PLANES_DB,not head,Other,,1472,train,Voluson S10
Patient01472_Plane1_11_of_11.png,FETAL_PLANES_DB,not head,Other,,1472,train,Voluson S10
Patient01477_Plane2_1_of_1.png,FETAL_PLANES_DB,not head,Fetal abdomen,,1477,train,Voluson E6
Patient01477_Plane3_1_of_5.png,FETAL_PLANES_DB,head,Fetal brain,Trans-ventricular,1477,train,Voluson E6
Patient01477_Plane3_2_of_5.png,FETAL_PLANES_DB,head,Fetal brain,Trans-ventricular,1477,train,Voluson E6
Patient01477_Plane3_3_of_5.png,FETAL_PLANES_DB,head,Fetal brain,Trans-cerebellum,1477,train,Voluson E6
Patient01477_Plane3_4_of_5.png,FETAL_PLANES_DB,head,Fetal brain,Trans-thalamic,1477,train,Voluson E6
Patient01477_Plane3_5_of_5.png,FETAL_PLANES_DB,head,Fetal brain,Trans-ventricular,1477,train,Voluson E6
Patient01477_Plane5_1_of_2.png,FETAL_PLANES_DB,not head,Fetal femur,,1477,train,Voluson E6
Patient01477_Plane5_2_of_2.png,FETAL_PLANES_DB,not head,Fetal femur,,1477,train,Voluson E6
Patient01478_Plane3_1_of_12.png,FETAL_PLANES_DB,head,Fetal brain,Trans-thalamic,1478,train,Voluson E6
Patient01478_Plane3_2_of_12.png,FETAL_PLANES_DB,head,Fetal brain,Trans-cerebellum,1478,train,Voluson E6
Patient01478_Plane3_3_of_12.png,FETAL_PLANES_DB,head,Fetal brain,Trans-ventricular,1478,train,Voluson E6
Patient01478_Plane3_4_of_12.png,FETAL_PLANES_DB,head,Fetal brain,Trans-thalamic,1478,train,Voluson E6
Patient01478_Plane3_5_of_12.png,FETAL_PLANES_DB,head,Fetal brain,Trans-cerebellum,1478,train,Voluson E6
Patient01478_Plane3_6_of_12.png,FETAL_PLANES_DB,head,Fetal brain,Trans-ventricular,1478,train,Voluson E6
Patient01478_Plane3_7_of_12.png,FETAL_PLANES_DB,head,Fetal brain,Trans-thalamic,1478,train,Voluson E6
Patient01478_Plane3_8_of_12.png,FETAL_PLANES_DB,head,Fetal brain,Trans-thalamic,1478,train,Voluson E6
Patient01478_Plane3_9_of_12.png,FETAL_PLANES_DB,head,Fetal brain,Trans-ventricular,1478,train,Voluson E6
Patient01478_Plane3_10_of_12.png,FETAL_PLANES_DB,head,Fetal brain,Trans-cerebellum,1478,train,Voluson E6
Patient01478_Plane3_11_of_12.png,FETAL_PLANES_DB,head,Fetal brain,Trans-thalamic,1478,train,Voluson E6
Patient01478_Plane3_12_of_12.png,FETAL_PLANES_DB,head,Fetal brain,Trans-cerebellum,1478,train,Voluson E6
Patient01478_Plane5_1_of_1.png,FETAL_PLANES_DB,not head,Fetal femur,,1478,train,Voluson E6
Patient01479_Plane2_1_of_1.png,FETAL_PLANES_DB,not head,Fetal abdomen,,1479,train,Voluson S10
Patient01479_Plane3_1_of_1.png,FETAL_PLANES_DB,head,Fetal brain,Trans-cerebellum,1479,train,Voluson S10
Patient01479_Plane4_1_of_2.png,FETAL_PLANES_DB,not head,Maternal cervix,,1479,train,Voluson S10
Patient01479_Plane4_2_of_2.png,FETAL_PLANES_DB,not head,Maternal cervix,,1479,train,Voluson S10
Patient01479_Plane1_1_of_9.png,FETAL_PLANES_DB,not head,Other,,1479,train,Voluson S10
Patient01479_Plane1_2_of_9.png,FETAL_PLANES_DB,not head,Other,,1479,train,Voluson S10
Patient01479_Plane1_3_of_9.png,FETAL_PLANES_DB,not head,Other,,1479,train,Voluson S10
Patient01479_Plane1_4_of_9.png,FETAL_PLANES_DB,not head,Other,,1479,train,Voluson S10
Patient01479_Plane1_5_of_9.png,FETAL_PLANES_DB,not head,Other,,1479,train,Voluson S10
Patient01479_Plane1_6_of_9.png,FETAL_PLANES_DB,not head,Other,,1479,train,Voluson S10
Patient01479_Plane1_7_of_9.png,FETAL_PLANES_DB,not head,Other,,1479,train,Voluson S10
Patient01479_Plane1_8_of_9.png,FETAL_PLANES_DB,not head,Other,,1479,train,Voluson S10
Patient01479_Plane1_9_of_9.png,FETAL_PLANES_DB,not head,Other,,1479,train,Voluson S10
Patient01480_Plane2_1_of_1.png,FETAL_PLANES_DB,not head,Fetal abdomen,,1480,train,Voluson E6
Patient01480_Plane3_1_of_6.png,FETAL_PLANES_DB,head,Fetal brain,Trans-thalamic,1480,train,Voluson E6
Patient01480_Plane3_2_of_6.png,FETAL_PLANES_DB,head,Fetal brain,Trans-ventricular,1480,train,Voluson E6
Patient01480_Plane3_3_of_6.png,FETAL_PLANES_DB,head,Fetal brain,Trans-thalamic,1480,train,Voluson E6
Patient01480_Plane3_4_of_6.png,FETAL_PLANES_DB,head,Fetal brain,Trans-cerebellum,1480,train,Voluson E6
Patient01480_Plane3_5_of_6.png,FETAL_PLANES_DB,head,Fetal brain,Trans-thalamic,1480,train,Voluson E6
Patient01480_Plane3_6_of_6.png,FETAL_PLANES_DB,head,Fetal brain,Trans-cerebellum,1480,train,Voluson E6
Patient01480_Plane5_1_of_1.png,FETAL_PLANES_DB,not head,Fetal femur,,1480,train,Voluson E6
Patient01480_Plane6_1_of_1.png,FETAL_PLANES_DB,not head,Fetal thorax,,1480,train,Voluson E6
Patient01481_Plane2_1_of_2.png,FETAL_PLANES_DB,not head,Fetal abdomen,,1481,train,Aloka
Patient01481_Plane2_2_of_2.png,FETAL_PLANES_DB,not head,Fetal abdomen,,1481,train,Aloka
Patient01481_Plane3_1_of_4.png,FETAL_PLANES_DB,head,Fetal brain,Trans-thalamic,1481,train,Aloka
Patient01481_Plane3_2_of_4.png,FETAL_PLANES_DB,head,Fetal brain,Trans-thalamic,1481,train,Aloka
Patient01481_Plane3_3_of_4.png,FETAL_PLANES_DB,head,Fetal brain,Trans-cerebellum,1481,train,Aloka
Patient01481_Plane3_4_of_4.png,FETAL_PLANES_DB,head,Fetal brain,Trans-ventricular,1481,train,Aloka
Patient01481_Plane5_1_of_1.png,FETAL_PLANES_DB,not head,Fetal femur,,1481,train,Aloka
Patient01481_Plane1_1_of_35.png,FETAL_PLANES_DB,not head,Other,,1481,train,Aloka
Patient01481_Plane6_1_of_3.png,FETAL_PLANES_DB,not head,Fetal thorax,,1481,train,Aloka
Patient01481_Plane6_2_of_3.png,FETAL_PLANES_DB,not head,Fetal thorax,,1481,train,Aloka
Patient01481_Plane6_3_of_3.png,FETAL_PLANES_DB,not head,Fetal thorax,,1481,train,Aloka
Patient01481_Plane1_2_of_35.png,FETAL_PLANES_DB,not head,Other,,1481,train,Aloka
Patient01481_Plane1_3_of_35.png,FETAL_PLANES_DB,not head,Other,,1481,train,Aloka
Patient01481_Plane1_4_of_35.png,FETAL_PLANES_DB,not head,Other,,1481,train,Aloka
Patient01481_Plane1_5_of_35.png,FETAL_PLANES_DB,not head,Other,,1481,train,Aloka
Patient01481_Plane1_6_of_35.png,FETAL_PLANES_DB,not head,Other,,1481,train,Aloka
Patient01481_Plane1_7_of_35.png,FETAL_PLANES_DB,not head,Other,,1481,train,Aloka
Patient01481_Plane1_8_of_35.png,FETAL_PLANES_DB,not head,Other,,1481,train,Aloka
Patient01481_Plane1_9_of_35.png,FETAL_PLANES_DB,not head,Other,,1481,train,Aloka
Patient01481_Plane1_10_of_35.png,FETAL_PLANES_DB,not head,Other,,1481,train,Aloka
Patient01481_Plane1_11_of_35.png,FETAL_PLANES_DB,not head,Other,,1481,train,Aloka
Patient01481_Plane1_12_of_35.png,FETAL_PLANES_DB,not head,Other,,1481,train,Aloka
Patient01481_Plane1_13_of_35.png,FETAL_PLANES_DB,not head,Other,,1481,train,Aloka
Patient01481_Plane1_14_of_35.png,FETAL_PLANES_DB,not head,Other,,1481,train,Aloka
Patient01481_Plane1_15_of_35.png,FETAL_PLANES_DB,not head,Other,,1481,train,Aloka
Patient01481_Plane1_16_of_35.png,FETAL_PLANES_DB,not head,Other,,1481,train,Aloka
Patient01481_Plane1_17_of_35.png,FETAL_PLANES_DB,not head,Other,,1481,train,Aloka
Patient01481_Plane1_18_of_35.png,FETAL_PLANES_DB,not head,Other,,1481,train,Aloka
Patient01481_Plane1_19_of_35.png,FETAL_PLANES_DB,not head,Other,,1481,train,Aloka
Patient01481_Plane1_20_of_35.png,FETAL_PLANES_DB,not head,Other,,1481,train,Aloka
Patient01481_Plane1_21_of_35.png,FETAL_PLANES_DB,not head,Other,,1481,train,Aloka
Patient01481_Plane1_22_of_35.png,FETAL_PLANES_DB,not head,Other,,1481,train,Aloka
Patient01481_Plane1_23_of_35.png,FETAL_PLANES_DB,not head,Other,,1481,train,Aloka
Patient01481_Plane1_24_of_35.png,FETAL_PLANES_DB,not head,Other,,1481,train,Aloka
Patient01481_Plane1_25_of_35.png,FETAL_PLANES_DB,not head,Other,,1481,train,Aloka
Patient01481_Plane1_26_of_35.png,FETAL_PLANES_DB,not head,Other,,1481,train,Aloka
Patient01481_Plane1_27_of_35.png,FETAL_PLANES_DB,not head,Other,,1481,train,Aloka
Patient01481_Plane1_28_of_35.png,FETAL_PLANES_DB,not head,Other,,1481,train,Aloka
Patient01481_Plane1_29_of_35.png,FETAL_PLANES_DB,not head,Other,,1481,train,Aloka
Patient01481_Plane1_30_of_35.png,FETAL_PLANES_DB,not head,Other,,1481,train,Aloka
Patient01481_Plane1_31_of_35.png,FETAL_PLANES_DB,not head,Other,,1481,train,Aloka
Patient01481_Plane1_32_of_35.png,FETAL_PLANES_DB,not head,Other,,1481,train,Aloka
Patient01481_Plane1_33_of_35.png,FETAL_PLANES_DB,not head,Other,,1481,train,Aloka
Patient01481_Plane1_34_of_35.png,FETAL_PLANES_DB,not head,Other,,1481,train,Aloka
Patient01481_Plane1_35_of_35.png,FETAL_PLANES_DB,not head,Other,,1481,train,Aloka
Patient01482_Plane3_1_of_2.png,FETAL_PLANES_DB,head,Fetal brain,Trans-thalamic,1482,train,Voluson E6
Patient01482_Plane3_2_of_2.png,FETAL_PLANES_DB,head,Fetal brain,Trans-thalamic,1482,train,Voluson E6
Patient01482_Plane6_1_of_1.png,FETAL_PLANES_DB,not head,Fetal thorax,,1482,train,Voluson E6
Patient01485_Plane2_1_of_1.png,FETAL_PLANES_DB,not head,Fetal abdomen,,1485,train,Aloka
Patient01485_Plane3_1_of_4.png,FETAL_PLANES_DB,head,Fetal brain,Trans-cerebellum,1485,train,Aloka
Patient01485_Plane3_2_of_4.png,FETAL_PLANES_DB,head,Fetal brain,Trans-cerebellum,1485,train,Aloka
Patient01485_Plane3_3_of_4.png,FETAL_PLANES_DB,head,Fetal brain,Trans-cerebellum,1485,train,Aloka
Patient01485_Plane3_4_of_4.png,FETAL_PLANES_DB,head,Fetal brain,Trans-thalamic,1485,train,Aloka
Patient01485_Plane5_1_of_1.png,FETAL_PLANES_DB,not head,Fetal femur,,1485,train,Aloka
Patient01485_Plane6_1_of_2.png,FETAL_PLANES_DB,not head,Fetal thorax,,1485,train,Aloka
Patient01485_Plane6_2_of_2.png,FETAL_PLANES_DB,not head,Fetal thorax,,1485,train,Aloka
Patient01485_Plane1_1_of_18.png,FETAL_PLANES_DB,not head,Other,,1485,train,Aloka
Patient01485_Plane1_2_of_18.png,FETAL_PLANES_DB,not head,Other,,1485,train,Aloka
Patient01485_Plane1_3_of_18.png,FETAL_PLANES_DB,not head,Other,,1485,train,Aloka
Patient01485_Plane1_4_of_18.png,FETAL_PLANES_DB,not head,Other,,1485,train,Aloka
Patient01485_Plane1_5_of_18.png,FETAL_PLANES_DB,not head,Other,,1485,train,Aloka
Patient01485_Plane1_6_of_18.png,FETAL_PLANES_DB,not head,Other,,1485,train,Aloka
Patient01485_Plane1_7_of_18.png,FETAL_PLANES_DB,not head,Other,,1485,train,Aloka
Patient01485_Plane1_8_of_18.png,FETAL_PLANES_DB,not head,Other,,1485,train,Aloka
Patient01485_Plane1_9_of_18.png,FETAL_PLANES_DB,not head,Other,,1485,train,Aloka
Patient01485_Plane1_10_of_18.png,FETAL_PLANES_DB,not head,Other,,1485,train,Aloka
Patient01485_Plane1_11_of_18.png,FETAL_PLANES_DB,not head,Other,,1485,train,Aloka
Patient01485_Plane1_12_of_18.png,FETAL_PLANES_DB,not head,Other,,1485,train,Aloka
Patient01485_Plane1_13_of_18.png,FETAL_PLANES_DB,not head,Other,,1485,train,Aloka
Patient01485_Plane1_14_of_18.png,FETAL_PLANES_DB,not head,Other,,1485,train,Aloka
Patient01485_Plane1_15_of_18.png,FETAL_PLANES_DB,not head,Other,,1485,train,Aloka
Patient01485_Plane1_16_of_18.png,FETAL_PLANES_DB,not head,Other,,1485,train,Aloka
Patient01485_Plane1_17_of_18.png,FETAL_PLANES_DB,not head,Other,,1485,train,Aloka
Patient01485_Plane1_18_of_18.png,FETAL_PLANES_DB,not head,Other,,1485,train,Aloka
Patient01488_Plane2_1_of_1.png,FETAL_PLANES_DB,not head,Fetal abdomen,,1488,train,Voluson E6
Patient01488_Plane3_1_of_3.png,FETAL_PLANES_DB,head,Fetal brain,Trans-thalamic,1488,train,Voluson E6
Patient01488_Plane3_2_of_3.png,FETAL_PLANES_DB,head,Fetal brain,Trans-ventricular,1488,train,Voluson E6
Patient01488_Plane3_3_of_3.png,FETAL_PLANES_DB,head,Fetal brain,Trans-thalamic,1488,train,Voluson E6
Patient01488_Plane5_1_of_2.png,FETAL_PLANES_DB,not head,Fetal femur,,1488,train,Voluson E6
Patient01488_Plane5_2_of_2.png,FETAL_PLANES_DB,not head,Fetal femur,,1488,train,Voluson E6
Patient01489_Plane3_1_of_2.png,FETAL_PLANES_DB,head,Fetal brain,Trans-cerebellum,1489,train,Voluson S10
Patient01489_Plane3_2_of_2.png,FETAL_PLANES_DB,head,Fetal brain,Trans-ventricular,1489,train,Voluson S10
Patient01489_Plane6_1_of_1.png,FETAL_PLANES_DB,not head,Fetal thorax,,1489,train,Voluson S10
Patient01489_Plane1_1_of_3.png,FETAL_PLANES_DB,not head,Other,,1489,train,Voluson S10
Patient01489_Plane1_2_of_3.png,FETAL_PLANES_DB,not head,Other,,1489,train,Voluson S10
Patient01489_Plane1_3_of_3.png,FETAL_PLANES_DB,not head,Other,,1489,train,Voluson S10
Patient01490_Plane3_1_of_2.png,FETAL_PLANES_DB,head,Fetal brain,Trans-thalamic,1490,train,Voluson E6
Patient01490_Plane3_2_of_2.png,FETAL_PLANES_DB,head,Fetal brain,Trans-thalamic,1490,train,Voluson E6
Patient01492_Plane3_1_of_1.png,FETAL_PLANES_DB,head,Fetal brain,Trans-thalamic,1492,train,Voluson E6
Patient01492_Plane6_1_of_1.png,FETAL_PLANES_DB,not head,Fetal thorax,,1492,train,Voluson E6
Patient01494_Plane3_1_of_4.png,FETAL_PLANES_DB,head,Fetal brain,Trans-thalamic,1494,train,Voluson E6
Patient01494_Plane3_2_of_4.png,FETAL_PLANES_DB,head,Fetal brain,Trans-ventricular,1494,train,Voluson E6
Patient01494_Plane3_3_of_4.png,FETAL_PLANES_DB,head,Fetal brain,Trans-cerebellum,1494,train,Voluson E6
Patient01494_Plane3_4_of_4.png,FETAL_PLANES_DB,head,Fetal brain,Trans-thalamic,1494,train,Voluson E6
Patient01496_Plane2_1_of_2.png,FETAL_PLANES_DB,not head,Fetal abdomen,,1496,train,Voluson S10
Patient01496_Plane2_2_of_2.png,FETAL_PLANES_DB,not head,Fetal abdomen,,1496,train,Voluson S10
Patient01496_Plane3_1_of_2.png,FETAL_PLANES_DB,head,Fetal brain,Trans-thalamic,1496,train,Voluson S10
Patient01496_Plane3_2_of_2.png,FETAL_PLANES_DB,head,Fetal brain,Trans-ventricular,1496,train,Voluson S10
Patient01496_Plane5_1_of_1.png,FETAL_PLANES_DB,not head,Fetal femur,,1496,train,Voluson S10
Patient01496_Plane6_1_of_1.png,FETAL_PLANES_DB,not head,Fetal thorax,,1496,train,Voluson S10
Patient01496_Plane1_1_of_7.png,FETAL_PLANES_DB,not head,Other,,1496,train,Voluson S10
Patient01496_Plane1_2_of_7.png,FETAL_PLANES_DB,not head,Other,,1496,train,Voluson S10
Patient01496_Plane1_3_of_7.png,FETAL_PLANES_DB,not head,Other,,1496,train,Voluson S10
Patient01496_Plane1_4_of_7.png,FETAL_PLANES_DB,not head,Other,,1496,train,Voluson S10
Patient01496_Plane1_5_of_7.png,FETAL_PLANES_DB,not head,Other,,1496,train,Voluson S10
Patient01496_Plane1_6_of_7.png,FETAL_PLANES_DB,not head,Other,,1496,train,Voluson S10
Patient01496_Plane1_7_of_7.png,FETAL_PLANES_DB,not head,Other,,1496,train,Voluson S10
Patient01497_Plane2_1_of_1.png,FETAL_PLANES_DB,not head,Fetal abdomen,,1497,train,Voluson S10
Patient01497_Plane3_1_of_3.png,FETAL_PLANES_DB,head,Fetal brain,Trans-thalamic,1497,train,Voluson S10
Patient01497_Plane3_2_of_3.png,FETAL_PLANES_DB,head,Fetal brain,Trans-cerebellum,1497,train,Voluson S10
Patient01497_Plane3_3_of_3.png,FETAL_PLANES_DB,head,Fetal brain,Trans-thalamic,1497,train,Voluson S10
Patient01497_Plane5_1_of_1.png,FETAL_PLANES_DB,not head,Fetal femur,,1497,train,Voluson S10
Patient01497_Plane1_1_of_7.png,FETAL_PLANES_DB,not head,Other,,1497,train,Voluson S10
Patient01497_Plane1_2_of_7.png,FETAL_PLANES_DB,not head,Other,,1497,train,Voluson S10
Patient01497_Plane1_3_of_7.png,FETAL_PLANES_DB,not head,Other,,1497,train,Voluson S10
Patient01497_Plane1_4_of_7.png,FETAL_PLANES_DB,not head,Other,,1497,train,Voluson S10
Patient01497_Plane1_5_of_7.png,FETAL_PLANES_DB,not head,Other,,1497,train,Voluson S10
Patient01497_Plane1_6_of_7.png,FETAL_PLANES_DB,not head,Other,,1497,train,Voluson S10
Patient01497_Plane1_7_of_7.png,FETAL_PLANES_DB,not head,Other,,1497,train,Voluson S10
Patient01500_Plane2_1_of_1.png,FETAL_PLANES_DB,not head,Fetal abdomen,,1500,train,Voluson S10
Patient01500_Plane3_1_of_1.png,FETAL_PLANES_DB,head,Fetal brain,Trans-thalamic,1500,train,Voluson S10
Patient01500_Plane5_1_of_1.png,FETAL_PLANES_DB,not head,Fetal femur,,1500,train,Voluson S10
Patient01500_Plane6_1_of_1.png,FETAL_PLANES_DB,not head,Fetal thorax,,1500,train,Voluson S10
Patient01500_Plane1_1_of_9.png,FETAL_PLANES_DB,not head,Other,,1500,train,Voluson S10
Patient01500_Plane1_2_of_9.png,FETAL_PLANES_DB,not head,Other,,1500,train,Voluson S10
Patient01500_Plane1_3_of_9.png,FETAL_PLANES_DB,not head,Other,,1500,train,Voluson S10
Patient01500_Plane1_4_of_9.png,FETAL_PLANES_DB,not head,Other,,1500,train,Voluson S10
Patient01500_Plane1_5_of_9.png,FETAL_PLANES_DB,not head,Other,,1500,train,Voluson S10
Patient01500_Plane1_6_of_9.png,FETAL_PLANES_DB,not head,Other,,1500,train,Voluson S10
Patient01500_Plane1_7_of_9.png,FETAL_PLANES_DB,not head,Other,,1500,train,Voluson S10
Patient01500_Plane1_8_of_9.png,FETAL_PLANES_DB,not head,Other,,1500,train,Voluson S10
Patient01500_Plane1_9_of_9.png,FETAL_PLANES_DB,not head,Other,,1500,train,Voluson S10
Patient01502_Plane5_1_of_1.png,FETAL_PLANES_DB,not head,Fetal femur,,1502,train,Voluson E6
Patient01504_Plane2_1_of_1.png,FETAL_PLANES_DB,not head,Fetal abdomen,,1504,train,Voluson E6
Patient01504_Plane3_1_of_1.png,FETAL_PLANES_DB,head,Fetal brain,Trans-ventricular,1504,train,Voluson E6
Patient01505_Plane2_1_of_1.png,FETAL_PLANES_DB,not head,Fetal abdomen,,1505,train,Voluson S10
Patient01505_Plane3_1_of_3.png,FETAL_PLANES_DB,head,Fetal brain,Trans-thalamic,1505,train,Voluson S10
Patient01505_Plane3_2_of_3.png,FETAL_PLANES_DB,head,Fetal brain,Trans-cerebellum,1505,train,Voluson S10
Patient01505_Plane3_3_of_3.png,FETAL_PLANES_DB,head,Fetal brain,Trans-ventricular,1505,train,Voluson S10
Patient01505_Plane4_1_of_1.png,FETAL_PLANES_DB,not head,Maternal cervix,,1505,train,Voluson S10
Patient01505_Plane5_1_of_1.png,FETAL_PLANES_DB,not head,Fetal femur,,1505,train,Voluson S10
Patient01505_Plane1_1_of_24.png,FETAL_PLANES_DB,not head,Other,,1505,train,Voluson S10
Patient01505_Plane1_2_of_24.png,FETAL_PLANES_DB,not head,Other,,1505,train,Voluson S10
Patient01505_Plane1_3_of_24.png,FETAL_PLANES_DB,not head,Other,,1505,train,Voluson S10
Patient01505_Plane1_4_of_24.png,FETAL_PLANES_DB,not head,Other,,1505,train,Voluson S10
Patient01505_Plane1_5_of_24.png,FETAL_PLANES_DB,not head,Other,,1505,train,Voluson S10
Patient01505_Plane1_6_of_24.png,FETAL_PLANES_DB,not head,Other,,1505,train,Voluson S10
Patient01505_Plane1_7_of_24.png,FETAL_PLANES_DB,not head,Other,,1505,train,Voluson S10
Patient01505_Plane1_8_of_24.png,FETAL_PLANES_DB,not head,Other,,1505,train,Voluson S10
Patient01505_Plane1_9_of_24.png,FETAL_PLANES_DB,not head,Other,,1505,train,Voluson S10
Patient01505_Plane1_10_of_24.png,FETAL_PLANES_DB,not head,Other,,1505,train,Voluson S10
Patient01505_Plane1_11_of_24.png,FETAL_PLANES_DB,not head,Other,,1505,train,Voluson S10
Patient01505_Plane1_12_of_24.png,FETAL_PLANES_DB,not head,Other,,1505,train,Voluson S10
Patient01505_Plane1_13_of_24.png,FETAL_PLANES_DB,not head,Other,,1505,train,Voluson S10
Patient01505_Plane1_14_of_24.png,FETAL_PLANES_DB,not head,Other,,1505,train,Voluson S10
Patient01505_Plane1_15_of_24.png,FETAL_PLANES_DB,not head,Other,,1505,train,Voluson S10
Patient01505_Plane1_16_of_24.png,FETAL_PLANES_DB,not head,Other,,1505,train,Voluson S10
Patient01505_Plane1_17_of_24.png,FETAL_PLANES_DB,not head,Other,,1505,train,Voluson S10
Patient01505_Plane1_18_of_24.png,FETAL_PLANES_DB,not head,Other,,1505,train,Voluson S10
Patient01505_Plane1_19_of_24.png,FETAL_PLANES_DB,not head,Other,,1505,train,Voluson S10
Patient01505_Plane1_20_of_24.png,FETAL_PLANES_DB,not head,Other,,1505,train,Voluson S10
Patient01505_Plane1_21_of_24.png,FETAL_PLANES_DB,not head,Other,,1505,train,Voluson S10
Patient01505_Plane1_22_of_24.png,FETAL_PLANES_DB,not head,Other,,1505,train,Voluson S10
Patient01505_Plane1_23_of_24.png,FETAL_PLANES_DB,not head,Other,,1505,train,Voluson S10
Patient01505_Plane1_24_of_24.png,FETAL_PLANES_DB,not head,Other,,1505,train,Voluson S10
Patient01506_Plane2_1_of_1.png,FETAL_PLANES_DB,not head,Fetal abdomen,,1506,train,Voluson E6
Patient01506_Plane3_1_of_2.png,FETAL_PLANES_DB,head,Fetal brain,Trans-ventricular,1506,train,Voluson E6
Patient01506_Plane3_2_of_2.png,FETAL_PLANES_DB,head,Fetal brain,Trans-cerebellum,1506,train,Voluson E6
Patient01506_Plane5_1_of_1.png,FETAL_PLANES_DB,not head,Fetal femur,,1506,train,Voluson E6
Patient01507_Plane2_1_of_1.png,FETAL_PLANES_DB,not head,Fetal abdomen,,1507,train,Voluson S10
Patient01507_Plane3_1_of_2.png,FETAL_PLANES_DB,head,Fetal brain,Trans-thalamic,1507,train,Voluson S10
Patient01507_Plane3_2_of_2.png,FETAL_PLANES_DB,head,Fetal brain,Trans-ventricular,1507,train,Voluson S10
Patient01507_Plane5_1_of_1.png,FETAL_PLANES_DB,not head,Fetal femur,,1507,train,Voluson S10
Patient01507_Plane1_1_of_3.png,FETAL_PLANES_DB,not head,Other,,1507,train,Voluson S10
Patient01507_Plane1_2_of_3.png,FETAL_PLANES_DB,not head,Other,,1507,train,Voluson S10
Patient01507_Plane1_3_of_3.png,FETAL_PLANES_DB,not head,Other,,1507,train,Voluson S10
Patient01509_Plane2_1_of_1.png,FETAL_PLANES_DB,not head,Fetal abdomen,,1509,train,Voluson S10
Patient01509_Plane3_1_of_2.png,FETAL_PLANES_DB,head,Fetal brain,Trans-thalamic,1509,train,Voluson S10
Patient01509_Plane3_2_of_2.png,FETAL_PLANES_DB,head,Fetal brain,Trans-ventricular,1509,train,Voluson S10
Patient01509_Plane4_1_of_2.png,FETAL_PLANES_DB,not head,Maternal cervix,,1509,train,Voluson S10
Patient01509_Plane4_2_of_2.png,FETAL_PLANES_DB,not head,Maternal cervix,,1509,train,Voluson S10
Patient01509_Plane1_1_of_13.png,FETAL_PLANES_DB,not head,Other,,1509,train,Voluson S10
Patient01509_Plane1_2_of_13.png,FETAL_PLANES_DB,not head,Other,,1509,train,Voluson S10
Patient01509_Plane1_3_of_13.png,FETAL_PLANES_DB,not head,Other,,1509,train,Voluson S10
Patient01509_Plane1_4_of_13.png,FETAL_PLANES_DB,not head,Other,,1509,train,Voluson S10
Patient01509_Plane1_5_of_13.png,FETAL_PLANES_DB,not head,Other,,1509,train,Voluson S10
Patient01509_Plane1_6_of_13.png,FETAL_PLANES_DB,not head,Other,,1509,train,Voluson S10
Patient01509_Plane1_7_of_13.png,FETAL_PLANES_DB,not head,Other,,1509,train,Voluson S10
Patient01509_Plane1_8_of_13.png,FETAL_PLANES_DB,not head,Other,,1509,train,Voluson S10
Patient01509_Plane1_9_of_13.png,FETAL_PLANES_DB,not head,Other,,1509,train,Voluson S10
Patient01509_Plane1_10_of_13.png,FETAL_PLANES_DB,not head,Other,,1509,train,Voluson S10
Patient01509_Plane1_11_of_13.png,FETAL_PLANES_DB,not head,Other,,1509,train,Voluson S10
Patient01509_Plane1_12_of_13.png,FETAL_PLANES_DB,not head,Other,,1509,train,Voluson S10
Patient01509_Plane1_13_of_13.png,FETAL_PLANES_DB,not head,Other,,1509,train,Voluson S10
Patient01510_Plane2_1_of_1.png,FETAL_PLANES_DB,not head,Fetal abdomen,,1510,train,Aloka
Patient01510_Plane3_1_of_4.png,FETAL_PLANES_DB,head,Fetal brain,Trans-thalamic,1510,train,Aloka
Patient01510_Plane3_2_of_4.png,FETAL_PLANES_DB,head,Fetal brain,Trans-ventricular,1510,train,Aloka
Patient01510_Plane3_3_of_4.png,FETAL_PLANES_DB,head,Fetal brain,Other,1510,train,Aloka
Patient01510_Plane3_4_of_4.png,FETAL_PLANES_DB,head,Fetal brain,Trans-ventricular,1510,train,Aloka
Patient01510_Plane5_1_of_1.png,FETAL_PLANES_DB,not head,Fetal femur,,1510,train,Aloka
Patient01510_Plane1_1_of_12.png,FETAL_PLANES_DB,not head,Other,,1510,train,Aloka
Patient01510_Plane1_2_of_12.png,FETAL_PLANES_DB,not head,Other,,1510,train,Aloka
Patient01510_Plane1_3_of_12.png,FETAL_PLANES_DB,not head,Other,,1510,train,Aloka
Patient01510_Plane1_4_of_12.png,FETAL_PLANES_DB,not head,Other,,1510,train,Aloka
Patient01510_Plane1_5_of_12.png,FETAL_PLANES_DB,not head,Other,,1510,train,Aloka
Patient01510_Plane1_6_of_12.png,FETAL_PLANES_DB,not head,Other,,1510,train,Aloka
Patient01510_Plane1_7_of_12.png,FETAL_PLANES_DB,not head,Other,,1510,train,Aloka
Patient01510_Plane1_8_of_12.png,FETAL_PLANES_DB,not head,Other,,1510,train,Aloka
Patient01510_Plane1_9_of_12.png,FETAL_PLANES_DB,not head,Other,,1510,train,Aloka
Patient01510_Plane1_10_of_12.png,FETAL_PLANES_DB,not head,Other,,1510,train,Aloka
Patient01510_Plane1_11_of_12.png,FETAL_PLANES_DB,not head,Other,,1510,train,Aloka
Patient01510_Plane1_12_of_12.png,FETAL_PLANES_DB,not head,Other,,1510,train,Aloka
Patient01512_Plane2_1_of_1.png,FETAL_PLANES_DB,not head,Fetal abdomen,,1512,train,Aloka
Patient01512_Plane3_1_of_2.png,FETAL_PLANES_DB,head,Fetal brain,Trans-thalamic,1512,train,Aloka
Patient01512_Plane3_2_of_2.png,FETAL_PLANES_DB,head,Fetal brain,Trans-thalamic,1512,train,Aloka
Patient01512_Plane5_1_of_1.png,FETAL_PLANES_DB,not head,Fetal femur,,1512,train,Aloka
Patient01512_Plane6_1_of_2.png,FETAL_PLANES_DB,not head,Fetal thorax,,1512,train,Aloka
Patient01512_Plane6_2_of_2.png,FETAL_PLANES_DB,not head,Fetal thorax,,1512,train,Aloka
Patient01512_Plane1_1_of_8.png,FETAL_PLANES_DB,not head,Other,,1512,train,Aloka
Patient01512_Plane1_2_of_8.png,FETAL_PLANES_DB,not head,Other,,1512,train,Aloka
Patient01512_Plane1_3_of_8.png,FETAL_PLANES_DB,not head,Other,,1512,train,Aloka
Patient01512_Plane1_4_of_8.png,FETAL_PLANES_DB,not head,Other,,1512,train,Aloka
Patient01512_Plane1_5_of_8.png,FETAL_PLANES_DB,not head,Other,,1512,train,Aloka
Patient01512_Plane1_6_of_8.png,FETAL_PLANES_DB,not head,Other,,1512,train,Aloka
Patient01512_Plane1_7_of_8.png,FETAL_PLANES_DB,not head,Other,,1512,train,Aloka
Patient01512_Plane1_8_of_8.png,FETAL_PLANES_DB,not head,Other,,1512,train,Aloka
Patient01516_Plane2_1_of_1.png,FETAL_PLANES_DB,not head,Fetal abdomen,,1516,train,Voluson E6
Patient01516_Plane3_1_of_3.png,FETAL_PLANES_DB,head,Fetal brain,Trans-ventricular,1516,train,Voluson E6
Patient01516_Plane3_2_of_3.png,FETAL_PLANES_DB,head,Fetal brain,Trans-cerebellum,1516,train,Voluson E6
Patient01516_Plane3_3_of_3.png,FETAL_PLANES_DB,head,Fetal brain,Trans-thalamic,1516,train,Voluson E6
Patient01516_Plane5_1_of_3.png,FETAL_PLANES_DB,not head,Fetal femur,,1516,train,Voluson E6
Patient01516_Plane5_2_of_3.png,FETAL_PLANES_DB,not head,Fetal femur,,1516,train,Voluson E6
Patient01516_Plane5_3_of_3.png,FETAL_PLANES_DB,not head,Fetal femur,,1516,train,Voluson E6
Patient01516_Plane1_1_of_1.png,FETAL_PLANES_DB,not head,Other,,1516,train,Voluson E6
Patient01517_Plane2_1_of_1.png,FETAL_PLANES_DB,not head,Fetal abdomen,,1517,train,Voluson S10
Patient01517_Plane3_1_of_2.png,FETAL_PLANES_DB,head,Fetal brain,Trans-thalamic,1517,train,Voluson S10
Patient01517_Plane3_2_of_2.png,FETAL_PLANES_DB,head,Fetal brain,Trans-ventricular,1517,train,Voluson S10
Patient01517_Plane4_1_of_1.png,FETAL_PLANES_DB,not head,Maternal cervix,,1517,train,Voluson S10
Patient01517_Plane5_1_of_1.png,FETAL_PLANES_DB,not head,Fetal femur,,1517,train,Voluson S10
Patient01517_Plane1_1_of_20.png,FETAL_PLANES_DB,not head,Other,,1517,train,Voluson S10
Patient01517_Plane1_2_of_20.png,FETAL_PLANES_DB,not head,Other,,1517,train,Voluson S10
Patient01517_Plane1_3_of_20.png,FETAL_PLANES_DB,not head,Other,,1517,train,Voluson S10
Patient01517_Plane1_4_of_20.png,FETAL_PLANES_DB,not head,Other,,1517,train,Voluson S10
Patient01517_Plane1_5_of_20.png,FETAL_PLANES_DB,not head,Other,,1517,train,Voluson S10
Patient01517_Plane1_6_of_20.png,FETAL_PLANES_DB,not head,Other,,1517,train,Voluson S10
Patient01517_Plane1_7_of_20.png,FETAL_PLANES_DB,not head,Other,,1517,train,Voluson S10
Patient01517_Plane1_8_of_20.png,FETAL_PLANES_DB,not head,Other,,1517,train,Voluson S10
Patient01517_Plane1_9_of_20.png,FETAL_PLANES_DB,not head,Other,,1517,train,Voluson S10
Patient01517_Plane1_10_of_20.png,FETAL_PLANES_DB,not head,Other,,1517,train,Voluson S10
Patient01517_Plane1_11_of_20.png,FETAL_PLANES_DB,not head,Other,,1517,train,Voluson S10
Patient01517_Plane1_12_of_20.png,FETAL_PLANES_DB,not head,Other,,1517,train,Voluson S10
Patient01517_Plane1_13_of_20.png,FETAL_PLANES_DB,not head,Other,,1517,train,Voluson S10
Patient01517_Plane1_14_of_20.png,FETAL_PLANES_DB,not head,Other,,1517,train,Voluson S10
Patient01517_Plane1_15_of_20.png,FETAL_PLANES_DB,not head,Other,,1517,train,Voluson S10
Patient01517_Plane1_16_of_20.png,FETAL_PLANES_DB,not head,Other,,1517,train,Voluson S10
Patient01517_Plane1_17_of_20.png,FETAL_PLANES_DB,not head,Other,,1517,train,Voluson S10
Patient01517_Plane1_18_of_20.png,FETAL_PLANES_DB,not head,Other,,1517,train,Voluson S10
Patient01517_Plane1_19_of_20.png,FETAL_PLANES_DB,not head,Other,,1517,train,Voluson S10
Patient01517_Plane1_20_of_20.png,FETAL_PLANES_DB,not head,Other,,1517,train,Voluson S10
Patient01519_Plane3_1_of_1.png,FETAL_PLANES_DB,head,Fetal brain,Trans-cerebellum,1519,train,Voluson E6
Patient01520_Plane2_1_of_1.png,FETAL_PLANES_DB,not head,Fetal abdomen,,1520,train,Voluson E6
Patient01520_Plane3_1_of_2.png,FETAL_PLANES_DB,head,Fetal brain,Trans-thalamic,1520,train,Voluson E6
Patient01520_Plane3_2_of_2.png,FETAL_PLANES_DB,head,Fetal brain,Trans-thalamic,1520,train,Voluson E6
Patient01521_Plane3_1_of_2.png,FETAL_PLANES_DB,head,Fetal brain,Trans-cerebellum,1521,train,Voluson E6
Patient01521_Plane3_2_of_2.png,FETAL_PLANES_DB,head,Fetal brain,Trans-cerebellum,1521,train,Voluson E6
Patient01521_Plane5_1_of_1.png,FETAL_PLANES_DB,not head,Fetal femur,,1521,train,Voluson E6
Patient01521_Plane1_1_of_1.png,FETAL_PLANES_DB,not head,Other,,1521,train,Voluson E6
Patient01521_Plane6_1_of_2.png,FETAL_PLANES_DB,not head,Fetal thorax,,1521,train,Voluson E6
Patient01521_Plane6_2_of_2.png,FETAL_PLANES_DB,not head,Fetal thorax,,1521,train,Voluson E6
Patient01522_Plane2_1_of_1.png,FETAL_PLANES_DB,not head,Fetal abdomen,,1522,train,Voluson E6
Patient01522_Plane3_1_of_1.png,FETAL_PLANES_DB,head,Fetal brain,Trans-ventricular,1522,train,Voluson E6
Patient01522_Plane4_1_of_3.png,FETAL_PLANES_DB,not head,Maternal cervix,,1522,train,Voluson E6
Patient01522_Plane4_2_of_3.png,FETAL_PLANES_DB,not head,Maternal cervix,,1522,train,Voluson E6
Patient01522_Plane4_3_of_3.png,FETAL_PLANES_DB,not head,Maternal cervix,,1522,train,Voluson E6
Patient01522_Plane5_1_of_1.png,FETAL_PLANES_DB,not head,Fetal femur,,1522,train,Voluson E6
Patient01524_Plane2_1_of_1.png,FETAL_PLANES_DB,not head,Fetal abdomen,,1524,train,Voluson E6
Patient01524_Plane3_1_of_4.png,FETAL_PLANES_DB,head,Fetal brain,Trans-ventricular,1524,train,Voluson E6
Patient01524_Plane3_2_of_4.png,FETAL_PLANES_DB,head,Fetal brain,Trans-thalamic,1524,train,Voluson E6
Patient01524_Plane3_3_of_4.png,FETAL_PLANES_DB,head,Fetal brain,Trans-ventricular,1524,train,Voluson E6
Patient01524_Plane3_4_of_4.png,FETAL_PLANES_DB,head,Fetal brain,Trans-ventricular,1524,train,Voluson E6
Patient01524_Plane5_1_of_1.png,FETAL_PLANES_DB,not head,Fetal femur,,1524,train,Voluson E6
Patient01524_Plane1_1_of_1.png,FETAL_PLANES_DB,not head,Other,,1524,train,Voluson E6
Patient01524_Plane6_1_of_6.png,FETAL_PLANES_DB,not head,Fetal thorax,,1524,train,Voluson E6
Patient01524_Plane6_2_of_6.png,FETAL_PLANES_DB,not head,Fetal thorax,,1524,train,Voluson E6
Patient01524_Plane6_3_of_6.png,FETAL_PLANES_DB,not head,Fetal thorax,,1524,train,Voluson E6
Patient01524_Plane6_4_of_6.png,FETAL_PLANES_DB,not head,Fetal thorax,,1524,train,Voluson E6
Patient01524_Plane6_5_of_6.png,FETAL_PLANES_DB,not head,Fetal thorax,,1524,train,Voluson E6
Patient01524_Plane6_6_of_6.png,FETAL_PLANES_DB,not head,Fetal thorax,,1524,train,Voluson E6
Patient01525_Plane3_1_of_3.png,FETAL_PLANES_DB,head,Fetal brain,Trans-ventricular,1525,train,Voluson E6
Patient01525_Plane3_2_of_3.png,FETAL_PLANES_DB,head,Fetal brain,Trans-thalamic,1525,train,Voluson E6
Patient01525_Plane3_3_of_3.png,FETAL_PLANES_DB,head,Fetal brain,Trans-cerebellum,1525,train,Voluson E6
Patient01525_Plane4_1_of_6.png,FETAL_PLANES_DB,not head,Maternal cervix,,1525,train,Voluson E6
Patient01525_Plane4_2_of_6.png,FETAL_PLANES_DB,not head,Maternal cervix,,1525,train,Voluson E6
Patient01525_Plane4_3_of_6.png,FETAL_PLANES_DB,not head,Maternal cervix,,1525,train,Voluson E6
Patient01525_Plane4_4_of_6.png,FETAL_PLANES_DB,not head,Maternal cervix,,1525,train,Voluson E6
Patient01525_Plane4_5_of_6.png,FETAL_PLANES_DB,not head,Maternal cervix,,1525,train,Voluson E6
Patient01525_Plane4_6_of_6.png,FETAL_PLANES_DB,not head,Maternal cervix,,1525,train,Voluson E6
Patient01525_Plane5_1_of_1.png,FETAL_PLANES_DB,not head,Fetal femur,,1525,train,Voluson E6
Patient01529_Plane3_1_of_3.png,FETAL_PLANES_DB,head,Fetal brain,Trans-thalamic,1529,train,Voluson E6
Patient01529_Plane3_2_of_3.png,FETAL_PLANES_DB,head,Fetal brain,Trans-thalamic,1529,train,Voluson E6
Patient01529_Plane3_3_of_3.png,FETAL_PLANES_DB,head,Fetal brain,Trans-thalamic,1529,train,Voluson E6
Patient01529_Plane6_1_of_2.png,FETAL_PLANES_DB,not head,Fetal thorax,,1529,train,Voluson E6
Patient01529_Plane6_2_of_2.png,FETAL_PLANES_DB,not head,Fetal thorax,,1529,train,Voluson E6
Patient01531_Plane2_1_of_1.png,FETAL_PLANES_DB,not head,Fetal abdomen,,1531,train,Voluson E6
Patient01531_Plane3_1_of_7.png,FETAL_PLANES_DB,head,Fetal brain,Other,1531,train,Voluson E6
Patient01531_Plane3_2_of_7.png,FETAL_PLANES_DB,head,Fetal brain,Trans-cerebellum,1531,train,Voluson E6
Patient01531_Plane3_3_of_7.png,FETAL_PLANES_DB,head,Fetal brain,Trans-thalamic,1531,train,Voluson E6
Patient01531_Plane3_4_of_7.png,FETAL_PLANES_DB,head,Fetal brain,Trans-thalamic,1531,train,Voluson E6
Patient01531_Plane3_5_of_7.png,FETAL_PLANES_DB,head,Fetal brain,Trans-thalamic,1531,train,Voluson E6
Patient01531_Plane3_6_of_7.png,FETAL_PLANES_DB,head,Fetal brain,Trans-ventricular,1531,train,Voluson E6
Patient01531_Plane3_7_of_7.png,FETAL_PLANES_DB,head,Fetal brain,Other,1531,train,Voluson E6
Patient01531_Plane1_1_of_1.png,FETAL_PLANES_DB,not head,Other,,1531,train,Voluson E6
Patient01533_Plane2_1_of_1.png,FETAL_PLANES_DB,not head,Fetal abdomen,,1533,train,Voluson E6
Patient01533_Plane3_1_of_4.png,FETAL_PLANES_DB,head,Fetal brain,Trans-thalamic,1533,train,Voluson E6
Patient01533_Plane3_2_of_4.png,FETAL_PLANES_DB,head,Fetal brain,Trans-cerebellum,1533,train,Voluson E6
Patient01533_Plane3_3_of_4.png,FETAL_PLANES_DB,head,Fetal brain,Trans-cerebellum,1533,train,Voluson E6
Patient01533_Plane3_4_of_4.png,FETAL_PLANES_DB,head,Fetal brain,Trans-thalamic,1533,train,Voluson E6
Patient01534_Plane3_1_of_2.png,FETAL_PLANES_DB,head,Fetal brain,Trans-ventricular,1534,train,Voluson S10
Patient01534_Plane3_2_of_2.png,FETAL_PLANES_DB,head,Fetal brain,Trans-ventricular,1534,train,Voluson S10
Patient01534_Plane4_1_of_1.png,FETAL_PLANES_DB,not head,Maternal cervix,,1534,train,Voluson S10
Patient01534_Plane5_1_of_1.png,FETAL_PLANES_DB,not head,Fetal femur,,1534,train,Voluson S10
Patient01534_Plane6_1_of_1.png,FETAL_PLANES_DB,not head,Fetal thorax,,1534,train,Voluson S10
Patient01534_Plane1_1_of_11.png,FETAL_PLANES_DB,not head,Other,,1534,train,Voluson S10
Patient01534_Plane1_2_of_11.png,FETAL_PLANES_DB,not head,Other,,1534,train,Voluson S10
Patient01534_Plane1_3_of_11.png,FETAL_PLANES_DB,not head,Other,,1534,train,Voluson S10
Patient01534_Plane1_4_of_11.png,FETAL_PLANES_DB,not head,Other,,1534,train,Voluson S10
Patient01534_Plane1_5_of_11.png,FETAL_PLANES_DB,not head,Other,,1534,train,Voluson S10
Patient01534_Plane1_6_of_11.png,FETAL_PLANES_DB,not head,Other,,1534,train,Voluson S10
Patient01534_Plane1_7_of_11.png,FETAL_PLANES_DB,not head,Other,,1534,train,Voluson S10
Patient01534_Plane1_8_of_11.png,FETAL_PLANES_DB,not head,Other,,1534,train,Voluson S10
Patient01534_Plane1_9_of_11.png,FETAL_PLANES_DB,not head,Other,,1534,train,Voluson S10
Patient01534_Plane1_10_of_11.png,FETAL_PLANES_DB,not head,Other,,1534,train,Voluson S10
Patient01534_Plane1_11_of_11.png,FETAL_PLANES_DB,not head,Other,,1534,train,Voluson S10
Patient01535_Plane2_1_of_3.png,FETAL_PLANES_DB,not head,Fetal abdomen,,1535,train,Voluson S10
Patient01535_Plane2_2_of_3.png,FETAL_PLANES_DB,not head,Fetal abdomen,,1535,train,Voluson S10
Patient01535_Plane2_3_of_3.png,FETAL_PLANES_DB,not head,Fetal abdomen,,1535,train,Voluson S10
Patient01535_Plane3_1_of_3.png,FETAL_PLANES_DB,head,Fetal brain,Trans-thalamic,1535,train,Voluson S10
Patient01535_Plane3_2_of_3.png,FETAL_PLANES_DB,head,Fetal brain,Trans-cerebellum,1535,train,Voluson S10
Patient01535_Plane3_3_of_3.png,FETAL_PLANES_DB,head,Fetal brain,Trans-ventricular,1535,train,Voluson S10
Patient01535_Plane4_1_of_2.png,FETAL_PLANES_DB,not head,Maternal cervix,,1535,train,Voluson S10
Patient01535_Plane4_2_of_2.png,FETAL_PLANES_DB,not head,Maternal cervix,,1535,train,Voluson S10
Patient01535_Plane5_1_of_1.png,FETAL_PLANES_DB,not head,Fetal femur,,1535,train,Voluson S10
Patient01535_Plane1_1_of_21.png,FETAL_PLANES_DB,not head,Other,,1535,train,Voluson S10
Patient01535_Plane1_2_of_21.png,FETAL_PLANES_DB,not head,Other,,1535,train,Voluson S10
Patient01535_Plane1_3_of_21.png,FETAL_PLANES_DB,not head,Other,,1535,train,Voluson S10
Patient01535_Plane1_4_of_21.png,FETAL_PLANES_DB,not head,Other,,1535,train,Voluson S10
Patient01535_Plane1_5_of_21.png,FETAL_PLANES_DB,not head,Other,,1535,train,Voluson S10
Patient01535_Plane1_6_of_21.png,FETAL_PLANES_DB,not head,Other,,1535,train,Voluson S10
Patient01535_Plane1_7_of_21.png,FETAL_PLANES_DB,not head,Other,,1535,train,Voluson S10
Patient01535_Plane1_8_of_21.png,FETAL_PLANES_DB,not head,Other,,1535,train,Voluson S10
Patient01535_Plane1_9_of_21.png,FETAL_PLANES_DB,not head,Other,,1535,train,Voluson S10
Patient01535_Plane1_10_of_21.png,FETAL_PLANES_DB,not head,Other,,1535,train,Voluson S10
Patient01535_Plane1_11_of_21.png,FETAL_PLANES_DB,not head,Other,,1535,train,Voluson S10
Patient01535_Plane1_12_of_21.png,FETAL_PLANES_DB,not head,Other,,1535,train,Voluson S10
Patient01535_Plane1_13_of_21.png,FETAL_PLANES_DB,not head,Other,,1535,train,Voluson S10
Patient01535_Plane1_14_of_21.png,FETAL_PLANES_DB,not head,Other,,1535,train,Voluson S10
Patient01535_Plane1_15_of_21.png,FETAL_PLANES_DB,not head,Other,,1535,train,Voluson S10
Patient01535_Plane1_16_of_21.png,FETAL_PLANES_DB,not head,Other,,1535,train,Voluson S10
Patient01535_Plane1_17_of_21.png,FETAL_PLANES_DB,not head,Other,,1535,train,Voluson S10
Patient01535_Plane1_18_of_21.png,FETAL_PLANES_DB,not head,Other,,1535,train,Voluson S10
Patient01535_Plane1_19_of_21.png,FETAL_PLANES_DB,not head,Other,,1535,train,Voluson S10
Patient01535_Plane1_20_of_21.png,FETAL_PLANES_DB,not head,Other,,1535,train,Voluson S10
Patient01535_Plane1_21_of_21.png,FETAL_PLANES_DB,not head,Other,,1535,train,Voluson S10
Patient01536_Plane3_1_of_3.png,FETAL_PLANES_DB,head,Fetal brain,Trans-cerebellum,1536,train,Voluson S10
Patient01536_Plane3_2_of_3.png,FETAL_PLANES_DB,head,Fetal brain,Trans-cerebellum,1536,train,Voluson S10
Patient01536_Plane3_3_of_3.png,FETAL_PLANES_DB,head,Fetal brain,Trans-thalamic,1536,train,Voluson S10
Patient01536_Plane5_1_of_1.png,FETAL_PLANES_DB,not head,Fetal femur,,1536,train,Voluson S10
Patient01536_Plane1_1_of_4.png,FETAL_PLANES_DB,not head,Other,,1536,train,Voluson S10
Patient01536_Plane1_2_of_4.png,FETAL_PLANES_DB,not head,Other,,1536,train,Voluson S10
Patient01536_Plane1_3_of_4.png,FETAL_PLANES_DB,not head,Other,,1536,train,Voluson S10
Patient01536_Plane1_4_of_4.png,FETAL_PLANES_DB,not head,Other,,1536,train,Voluson S10
Patient01538_Plane2_1_of_1.png,FETAL_PLANES_DB,not head,Fetal abdomen,,1538,train,Voluson E6
Patient01538_Plane3_1_of_3.png,FETAL_PLANES_DB,head,Fetal brain,Trans-thalamic,1538,train,Voluson E6
Patient01538_Plane3_2_of_3.png,FETAL_PLANES_DB,head,Fetal brain,Trans-thalamic,1538,train,Voluson E6
Patient01538_Plane3_3_of_3.png,FETAL_PLANES_DB,head,Fetal brain,Trans-thalamic,1538,train,Voluson E6
Patient01538_Plane5_1_of_1.png,FETAL_PLANES_DB,not head,Fetal femur,,1538,train,Voluson E6
Patient01539_Plane2_1_of_1.png,FETAL_PLANES_DB,not head,Fetal abdomen,,1539,train,Voluson S10
Patient01539_Plane3_1_of_5.png,FETAL_PLANES_DB,head,Fetal brain,Trans-thalamic,1539,train,Voluson S10
Patient01539_Plane3_2_of_5.png,FETAL_PLANES_DB,head,Fetal brain,Trans-cerebellum,1539,train,Voluson S10
Patient01539_Plane3_3_of_5.png,FETAL_PLANES_DB,head,Fetal brain,Trans-ventricular,1539,train,Voluson S10
Patient01539_Plane3_4_of_5.png,FETAL_PLANES_DB,head,Fetal brain,Trans-thalamic,1539,train,Voluson S10
Patient01539_Plane3_5_of_5.png,FETAL_PLANES_DB,head,Fetal brain,Trans-thalamic,1539,train,Voluson S10
Patient01539_Plane4_1_of_1.png,FETAL_PLANES_DB,not head,Maternal cervix,,1539,train,Voluson S10
Patient01539_Plane5_1_of_2.png,FETAL_PLANES_DB,not head,Fetal femur,,1539,train,Voluson S10
Patient01539_Plane5_2_of_2.png,FETAL_PLANES_DB,not head,Fetal femur,,1539,train,Voluson S10
Patient01539_Plane6_1_of_1.png,FETAL_PLANES_DB,not head,Fetal thorax,,1539,train,Voluson S10
Patient01539_Plane1_1_of_25.png,FETAL_PLANES_DB,not head,Other,,1539,train,Voluson S10
Patient01539_Plane1_2_of_25.png,FETAL_PLANES_DB,not head,Other,,1539,train,Voluson S10
Patient01539_Plane1_3_of_25.png,FETAL_PLANES_DB,not head,Other,,1539,train,Voluson S10
Patient01539_Plane1_4_of_25.png,FETAL_PLANES_DB,not head,Other,,1539,train,Voluson S10
Patient01539_Plane1_5_of_25.png,FETAL_PLANES_DB,not head,Other,,1539,train,Voluson S10
Patient01539_Plane1_6_of_25.png,FETAL_PLANES_DB,not head,Other,,1539,train,Voluson S10
Patient01539_Plane1_7_of_25.png,FETAL_PLANES_DB,not head,Other,,1539,train,Voluson S10
Patient01539_Plane1_8_of_25.png,FETAL_PLANES_DB,not head,Other,,1539,train,Voluson S10
Patient01539_Plane1_9_of_25.png,FETAL_PLANES_DB,not head,Other,,1539,train,Voluson S10
Patient01539_Plane1_10_of_25.png,FETAL_PLANES_DB,not head,Other,,1539,train,Voluson S10
Patient01539_Plane1_11_of_25.png,FETAL_PLANES_DB,not head,Other,,1539,train,Voluson S10
Patient01539_Plane1_12_of_25.png,FETAL_PLANES_DB,not head,Other,,1539,train,Voluson S10
Patient01539_Plane1_13_of_25.png,FETAL_PLANES_DB,not head,Other,,1539,train,Voluson S10
Patient01539_Plane1_14_of_25.png,FETAL_PLANES_DB,not head,Other,,1539,train,Voluson S10
Patient01539_Plane1_15_of_25.png,FETAL_PLANES_DB,not head,Other,,1539,train,Voluson S10
Patient01539_Plane1_16_of_25.png,FETAL_PLANES_DB,not head,Other,,1539,train,Voluson S10
Patient01539_Plane1_17_of_25.png,FETAL_PLANES_DB,not head,Other,,1539,train,Voluson S10
Patient01539_Plane1_18_of_25.png,FETAL_PLANES_DB,not head,Other,,1539,train,Voluson S10
Patient01539_Plane1_19_of_25.png,FETAL_PLANES_DB,not head,Other,,1539,train,Voluson S10
Patient01539_Plane1_20_of_25.png,FETAL_PLANES_DB,not head,Other,,1539,train,Voluson S10
Patient01539_Plane1_21_of_25.png,FETAL_PLANES_DB,not head,Other,,1539,train,Voluson S10
Patient01539_Plane1_22_of_25.png,FETAL_PLANES_DB,not head,Other,,1539,train,Voluson S10
Patient01539_Plane1_23_of_25.png,FETAL_PLANES_DB,not head,Other,,1539,train,Voluson S10
Patient01539_Plane1_24_of_25.png,FETAL_PLANES_DB,not head,Other,,1539,train,Voluson S10
Patient01539_Plane1_25_of_25.png,FETAL_PLANES_DB,not head,Other,,1539,train,Voluson S10
Patient01540_Plane2_1_of_1.png,FETAL_PLANES_DB,not head,Fetal abdomen,,1540,train,Voluson S10
Patient01540_Plane3_1_of_2.png,FETAL_PLANES_DB,head,Fetal brain,Trans-thalamic,1540,train,Voluson S10
Patient01540_Plane3_2_of_2.png,FETAL_PLANES_DB,head,Fetal brain,Trans-thalamic,1540,train,Voluson S10
Patient01540_Plane1_1_of_3.png,FETAL_PLANES_DB,not head,Other,,1540,train,Voluson S10
Patient01540_Plane6_1_of_1.png,FETAL_PLANES_DB,not head,Fetal thorax,,1540,train,Voluson S10
Patient01540_Plane1_2_of_3.png,FETAL_PLANES_DB,not head,Other,,1540,train,Voluson S10
Patient01540_Plane1_3_of_3.png,FETAL_PLANES_DB,not head,Other,,1540,train,Voluson S10
Patient01542_Plane2_1_of_1.png,FETAL_PLANES_DB,not head,Fetal abdomen,,1542,train,Voluson E6
Patient01542_Plane3_1_of_3.png,FETAL_PLANES_DB,head,Fetal brain,Trans-thalamic,1542,train,Voluson E6
Patient01542_Plane3_2_of_3.png,FETAL_PLANES_DB,head,Fetal brain,Trans-thalamic,1542,train,Voluson E6
Patient01542_Plane3_3_of_3.png,FETAL_PLANES_DB,head,Fetal brain,Trans-thalamic,1542,train,Voluson E6
Patient01542_Plane5_1_of_1.png,FETAL_PLANES_DB,not head,Fetal femur,,1542,train,Voluson E6
Patient01545_Plane2_1_of_2.png,FETAL_PLANES_DB,not head,Fetal abdomen,,1545,train,Aloka
Patient01545_Plane2_2_of_2.png,FETAL_PLANES_DB,not head,Fetal abdomen,,1545,train,Aloka
Patient01545_Plane3_1_of_2.png,FETAL_PLANES_DB,head,Fetal brain,Trans-cerebellum,1545,train,Aloka
Patient01545_Plane3_2_of_2.png,FETAL_PLANES_DB,head,Fetal brain,Trans-thalamic,1545,train,Aloka
Patient01545_Plane5_1_of_2.png,FETAL_PLANES_DB,not head,Fetal femur,,1545,train,Aloka
Patient01545_Plane5_2_of_2.png,FETAL_PLANES_DB,not head,Fetal femur,,1545,train,Aloka
Patient01545_Plane1_1_of_13.png,FETAL_PLANES_DB,not head,Other,,1545,train,Aloka
Patient01545_Plane6_1_of_1.png,FETAL_PLANES_DB,not head,Fetal thorax,,1545,train,Aloka
Patient01545_Plane1_2_of_13.png,FETAL_PLANES_DB,not head,Other,,1545,train,Aloka
Patient01545_Plane1_3_of_13.png,FETAL_PLANES_DB,not head,Other,,1545,train,Aloka
Patient01545_Plane1_4_of_13.png,FETAL_PLANES_DB,not head,Other,,1545,train,Aloka
Patient01545_Plane1_5_of_13.png,FETAL_PLANES_DB,not head,Other,,1545,train,Aloka
Patient01545_Plane1_6_of_13.png,FETAL_PLANES_DB,not head,Other,,1545,train,Aloka
Patient01545_Plane1_7_of_13.png,FETAL_PLANES_DB,not head,Other,,1545,train,Aloka
Patient01545_Plane1_8_of_13.png,FETAL_PLANES_DB,not head,Other,,1545,train,Aloka
Patient01545_Plane1_9_of_13.png,FETAL_PLANES_DB,not head,Other,,1545,train,Aloka
Patient01545_Plane1_10_of_13.png,FETAL_PLANES_DB,not head,Other,,1545,train,Aloka
Patient01545_Plane1_11_of_13.png,FETAL_PLANES_DB,not head,Other,,1545,train,Aloka
Patient01545_Plane1_12_of_13.png,FETAL_PLANES_DB,not head,Other,,1545,train,Aloka
Patient01545_Plane1_13_of_13.png,FETAL_PLANES_DB,not head,Other,,1545,train,Aloka
Patient01546_Plane3_1_of_3.png,FETAL_PLANES_DB,head,Fetal brain,Trans-ventricular,1546,train,Voluson E6
Patient01546_Plane3_2_of_3.png,FETAL_PLANES_DB,head,Fetal brain,Trans-thalamic,1546,train,Voluson E6
Patient01546_Plane3_3_of_3.png,FETAL_PLANES_DB,head,Fetal brain,Trans-cerebellum,1546,train,Voluson E6
Patient01546_Plane5_1_of_1.png,FETAL_PLANES_DB,not head,Fetal femur,,1546,train,Voluson E6
Patient01547_Plane2_1_of_1.png,FETAL_PLANES_DB,not head,Fetal abdomen,,1547,train,Aloka
Patient01547_Plane3_1_of_2.png,FETAL_PLANES_DB,head,Fetal brain,Trans-thalamic,1547,train,Aloka
Patient01547_Plane3_2_of_2.png,FETAL_PLANES_DB,head,Fetal brain,Trans-ventricular,1547,train,Aloka
Patient01547_Plane5_1_of_1.png,FETAL_PLANES_DB,not head,Fetal femur,,1547,train,Aloka
Patient01547_Plane1_1_of_18.png,FETAL_PLANES_DB,not head,Other,,1547,train,Aloka
Patient01547_Plane6_1_of_2.png,FETAL_PLANES_DB,not head,Fetal thorax,,1547,train,Aloka
Patient01547_Plane6_2_of_2.png,FETAL_PLANES_DB,not head,Fetal thorax,,1547,train,Aloka
Patient01547_Plane1_2_of_18.png,FETAL_PLANES_DB,not head,Other,,1547,train,Aloka
Patient01547_Plane1_3_of_18.png,FETAL_PLANES_DB,not head,Other,,1547,train,Aloka
Patient01547_Plane1_4_of_18.png,FETAL_PLANES_DB,not head,Other,,1547,train,Aloka
Patient01547_Plane1_5_of_18.png,FETAL_PLANES_DB,not head,Other,,1547,train,Aloka
Patient01547_Plane1_6_of_18.png,FETAL_PLANES_DB,not head,Other,,1547,train,Aloka
Patient01547_Plane1_7_of_18.png,FETAL_PLANES_DB,not head,Other,,1547,train,Aloka
Patient01547_Plane1_8_of_18.png,FETAL_PLANES_DB,not head,Other,,1547,train,Aloka
Patient01547_Plane1_9_of_18.png,FETAL_PLANES_DB,not head,Other,,1547,train,Aloka
Patient01547_Plane1_10_of_18.png,FETAL_PLANES_DB,not head,Other,,1547,train,Aloka
Patient01547_Plane1_11_of_18.png,FETAL_PLANES_DB,not head,Other,,1547,train,Aloka
Patient01547_Plane1_12_of_18.png,FETAL_PLANES_DB,not head,Other,,1547,train,Aloka
Patient01547_Plane1_13_of_18.png,FETAL_PLANES_DB,not head,Other,,1547,train,Aloka
Patient01547_Plane1_14_of_18.png,FETAL_PLANES_DB,not head,Other,,1547,train,Aloka
Patient01547_Plane1_15_of_18.png,FETAL_PLANES_DB,not head,Other,,1547,train,Aloka
Patient01547_Plane1_16_of_18.png,FETAL_PLANES_DB,not head,Other,,1547,train,Aloka
Patient01547_Plane1_17_of_18.png,FETAL_PLANES_DB,not head,Other,,1547,train,Aloka
Patient01547_Plane1_18_of_18.png,FETAL_PLANES_DB,not head,Other,,1547,train,Aloka
Patient01548_Plane2_1_of_1.png,FETAL_PLANES_DB,not head,Fetal abdomen,,1548,train,Aloka
Patient01548_Plane3_1_of_2.png,FETAL_PLANES_DB,head,Fetal brain,Trans-thalamic,1548,train,Aloka
Patient01548_Plane3_2_of_2.png,FETAL_PLANES_DB,head,Fetal brain,Trans-thalamic,1548,train,Aloka
Patient01548_Plane5_1_of_1.png,FETAL_PLANES_DB,not head,Fetal femur,,1548,train,Aloka
Patient01548_Plane6_1_of_3.png,FETAL_PLANES_DB,not head,Fetal thorax,,1548,train,Aloka
Patient01548_Plane6_2_of_3.png,FETAL_PLANES_DB,not head,Fetal thorax,,1548,train,Aloka
Patient01548_Plane6_3_of_3.png,FETAL_PLANES_DB,not head,Fetal thorax,,1548,train,Aloka
Patient01548_Plane1_1_of_7.png,FETAL_PLANES_DB,not head,Other,,1548,train,Aloka
Patient01548_Plane1_2_of_7.png,FETAL_PLANES_DB,not head,Other,,1548,train,Aloka
Patient01548_Plane1_3_of_7.png,FETAL_PLANES_DB,not head,Other,,1548,train,Aloka
Patient01548_Plane1_4_of_7.png,FETAL_PLANES_DB,not head,Other,,1548,train,Aloka
Patient01548_Plane1_5_of_7.png,FETAL_PLANES_DB,not head,Other,,1548,train,Aloka
Patient01548_Plane1_6_of_7.png,FETAL_PLANES_DB,not head,Other,,1548,train,Aloka
Patient01548_Plane1_7_of_7.png,FETAL_PLANES_DB,not head,Other,,1548,train,Aloka
Patient01549_Plane2_1_of_1.png,FETAL_PLANES_DB,not head,Fetal abdomen,,1549,train,Aloka
Patient01549_Plane3_1_of_2.png,FETAL_PLANES_DB,head,Fetal brain,Trans-thalamic,1549,train,Aloka
Patient01549_Plane3_2_of_2.png,FETAL_PLANES_DB,head,Fetal brain,Trans-cerebellum,1549,train,Aloka
Patient01549_Plane5_1_of_1.png,FETAL_PLANES_DB,not head,Fetal femur,,1549,train,Aloka
Patient01549_Plane1_1_of_4.png,FETAL_PLANES_DB,not head,Other,,1549,train,Aloka
Patient01549_Plane1_2_of_4.png,FETAL_PLANES_DB,not head,Other,,1549,train,Aloka
Patient01549_Plane1_3_of_4.png,FETAL_PLANES_DB,not head,Other,,1549,train,Aloka
Patient01549_Plane1_4_of_4.png,FETAL_PLANES_DB,not head,Other,,1549,train,Aloka
Patient01550_Plane2_1_of_1.png,FETAL_PLANES_DB,not head,Fetal abdomen,,1550,train,Voluson E6
Patient01550_Plane3_1_of_3.png,FETAL_PLANES_DB,head,Fetal brain,Trans-cerebellum,1550,train,Voluson E6
Patient01550_Plane3_2_of_3.png,FETAL_PLANES_DB,head,Fetal brain,Trans-cerebellum,1550,train,Voluson E6
Patient01550_Plane3_3_of_3.png,FETAL_PLANES_DB,head,Fetal brain,Trans-thalamic,1550,train,Voluson E6
Patient01550_Plane5_1_of_1.png,FETAL_PLANES_DB,not head,Fetal femur,,1550,train,Voluson E6
Patient01551_Plane2_1_of_2.png,FETAL_PLANES_DB,not head,Fetal abdomen,,1551,train,Voluson S10
Patient01551_Plane2_2_of_2.png,FETAL_PLANES_DB,not head,Fetal abdomen,,1551,train,Voluson S10
Patient01551_Plane3_1_of_4.png,FETAL_PLANES_DB,head,Fetal brain,Trans-thalamic,1551,train,Voluson S10
Patient01551_Plane3_2_of_4.png,FETAL_PLANES_DB,head,Fetal brain,Trans-ventricular,1551,train,Voluson S10
Patient01551_Plane3_3_of_4.png,FETAL_PLANES_DB,head,Fetal brain,Trans-cerebellum,1551,train,Voluson S10
Patient01551_Plane3_4_of_4.png,FETAL_PLANES_DB,head,Fetal brain,Trans-thalamic,1551,train,Voluson S10
Patient01551_Plane1_1_of_22.png,FETAL_PLANES_DB,not head,Other,,1551,train,Voluson S10
Patient01551_Plane6_1_of_1.png,FETAL_PLANES_DB,not head,Fetal thorax,,1551,train,Voluson S10
Patient01551_Plane1_2_of_22.png,FETAL_PLANES_DB,not head,Other,,1551,train,Voluson S10
Patient01551_Plane1_3_of_22.png,FETAL_PLANES_DB,not head,Other,,1551,train,Voluson S10
Patient01551_Plane1_4_of_22.png,FETAL_PLANES_DB,not head,Other,,1551,train,Voluson S10
Patient01551_Plane1_5_of_22.png,FETAL_PLANES_DB,not head,Other,,1551,train,Voluson S10
Patient01551_Plane1_6_of_22.png,FETAL_PLANES_DB,not head,Other,,1551,train,Voluson S10
Patient01551_Plane1_7_of_22.png,FETAL_PLANES_DB,not head,Other,,1551,train,Voluson S10
Patient01551_Plane1_8_of_22.png,FETAL_PLANES_DB,not head,Other,,1551,train,Voluson S10
Patient01551_Plane1_9_of_22.png,FETAL_PLANES_DB,not head,Other,,1551,train,Voluson S10
Patient01551_Plane1_10_of_22.png,FETAL_PLANES_DB,not head,Other,,1551,train,Voluson S10
Patient01551_Plane1_11_of_22.png,FETAL_PLANES_DB,not head,Other,,1551,train,Voluson S10
Patient01551_Plane1_12_of_22.png,FETAL_PLANES_DB,not head,Other,,1551,train,Voluson S10
Patient01551_Plane1_13_of_22.png,FETAL_PLANES_DB,not head,Other,,1551,train,Voluson S10
Patient01551_Plane1_14_of_22.png,FETAL_PLANES_DB,not head,Other,,1551,train,Voluson S10
Patient01551_Plane1_15_of_22.png,FETAL_PLANES_DB,not head,Other,,1551,train,Voluson S10
Patient01551_Plane1_16_of_22.png,FETAL_PLANES_DB,not head,Other,,1551,train,Voluson S10
Patient01551_Plane1_17_of_22.png,FETAL_PLANES_DB,not head,Other,,1551,train,Voluson S10
Patient01551_Plane1_18_of_22.png,FETAL_PLANES_DB,not head,Other,,1551,train,Voluson S10
Patient01551_Plane1_19_of_22.png,FETAL_PLANES_DB,not head,Other,,1551,train,Voluson S10
Patient01551_Plane1_20_of_22.png,FETAL_PLANES_DB,not head,Other,,1551,train,Voluson S10
Patient01551_Plane1_21_of_22.png,FETAL_PLANES_DB,not head,Other,,1551,train,Voluson S10
Patient01551_Plane1_22_of_22.png,FETAL_PLANES_DB,not head,Other,,1551,train,Voluson S10
Patient01553_Plane3_1_of_7.png,FETAL_PLANES_DB,head,Fetal brain,Trans-cerebellum,1553,train,Voluson E6
Patient01553_Plane3_2_of_7.png,FETAL_PLANES_DB,head,Fetal brain,Trans-cerebellum,1553,train,Voluson E6
Patient01553_Plane3_3_of_7.png,FETAL_PLANES_DB,head,Fetal brain,Trans-ventricular,1553,train,Voluson E6
Patient01553_Plane3_4_of_7.png,FETAL_PLANES_DB,head,Fetal brain,Trans-ventricular,1553,train,Voluson E6
Patient01553_Plane3_5_of_7.png,FETAL_PLANES_DB,head,Fetal brain,Trans-ventricular,1553,train,Voluson E6
Patient01553_Plane3_6_of_7.png,FETAL_PLANES_DB,head,Fetal brain,Trans-ventricular,1553,train,Voluson E6
Patient01553_Plane3_7_of_7.png,FETAL_PLANES_DB,head,Fetal brain,Trans-ventricular,1553,train,Voluson E6
Patient01553_Plane1_1_of_1.png,FETAL_PLANES_DB,not head,Other,,1553,train,Voluson E6
Patient01553_Plane6_1_of_1.png,FETAL_PLANES_DB,not head,Fetal thorax,,1553,train,Voluson E6
Patient01555_Plane2_1_of_1.png,FETAL_PLANES_DB,not head,Fetal abdomen,,1555,train,Voluson E6
Patient01555_Plane3_1_of_2.png,FETAL_PLANES_DB,head,Fetal brain,Trans-ventricular,1555,train,Voluson E6
Patient01555_Plane3_2_of_2.png,FETAL_PLANES_DB,head,Fetal brain,Trans-thalamic,1555,train,Voluson E6
Patient01555_Plane4_1_of_4.png,FETAL_PLANES_DB,not head,Maternal cervix,,1555,train,Voluson E6
Patient01555_Plane4_2_of_4.png,FETAL_PLANES_DB,not head,Maternal cervix,,1555,train,Voluson E6
Patient01555_Plane4_3_of_4.png,FETAL_PLANES_DB,not head,Maternal cervix,,1555,train,Voluson E6
Patient01555_Plane4_4_of_4.png,FETAL_PLANES_DB,not head,Maternal cervix,,1555,train,Voluson E6
Patient01555_Plane5_1_of_1.png,FETAL_PLANES_DB,not head,Fetal femur,,1555,train,Voluson E6
Patient01556_Plane2_1_of_1.png,FETAL_PLANES_DB,not head,Fetal abdomen,,1556,train,Voluson E6
Patient01556_Plane3_1_of_2.png,FETAL_PLANES_DB,head,Fetal brain,Trans-thalamic,1556,train,Voluson E6
Patient01556_Plane3_2_of_2.png,FETAL_PLANES_DB,head,Fetal brain,Trans-thalamic,1556,train,Voluson E6
Patient01556_Plane1_1_of_1.png,FETAL_PLANES_DB,not head,Other,,1556,train,Voluson E6
Patient01556_Plane6_1_of_4.png,FETAL_PLANES_DB,not head,Fetal thorax,,1556,train,Voluson E6
Patient01556_Plane6_2_of_4.png,FETAL_PLANES_DB,not head,Fetal thorax,,1556,train,Voluson E6
Patient01556_Plane6_3_of_4.png,FETAL_PLANES_DB,not head,Fetal thorax,,1556,train,Voluson E6
Patient01556_Plane6_4_of_4.png,FETAL_PLANES_DB,not head,Fetal thorax,,1556,train,Voluson E6
Patient01560_Plane2_1_of_1.png,FETAL_PLANES_DB,not head,Fetal abdomen,,1560,train,Voluson E6
Patient01560_Plane3_1_of_4.png,FETAL_PLANES_DB,head,Fetal brain,Trans-thalamic,1560,train,Voluson E6
Patient01560_Plane3_2_of_4.png,FETAL_PLANES_DB,head,Fetal brain,Trans-cerebellum,1560,train,Voluson E6
Patient01560_Plane3_3_of_4.png,FETAL_PLANES_DB,head,Fetal brain,Trans-thalamic,1560,train,Voluson E6
Patient01560_Plane3_4_of_4.png,FETAL_PLANES_DB,head,Fetal brain,Trans-thalamic,1560,train,Voluson E6
Patient01560_Plane1_1_of_1.png,FETAL_PLANES_DB,not head,Other,,1560,train,Voluson E6
Patient01560_Plane6_1_of_1.png,FETAL_PLANES_DB,not head,Fetal thorax,,1560,train,Voluson E6
Patient01561_Plane6_1_of_1.png,FETAL_PLANES_DB,not head,Fetal thorax,,1561,train,Voluson E6
Patient01563_Plane3_1_of_3.png,FETAL_PLANES_DB,head,Fetal brain,Trans-thalamic,1563,train,Voluson E6
Patient01563_Plane3_2_of_3.png,FETAL_PLANES_DB,head,Fetal brain,Trans-cerebellum,1563,train,Voluson E6
Patient01563_Plane3_3_of_3.png,FETAL_PLANES_DB,head,Fetal brain,Trans-thalamic,1563,train,Voluson E6
Patient01563_Plane1_1_of_1.png,FETAL_PLANES_DB,not head,Other,,1563,train,Voluson E6
Patient01563_Plane6_1_of_2.png,FETAL_PLANES_DB,not head,Fetal thorax,,1563,train,Voluson E6
Patient01563_Plane6_2_of_2.png,FETAL_PLANES_DB,not head,Fetal thorax,,1563,train,Voluson E6
Patient01564_Plane2_1_of_1.png,FETAL_PLANES_DB,not head,Fetal abdomen,,1564,train,Voluson E6
Patient01564_Plane3_1_of_2.png,FETAL_PLANES_DB,head,Fetal brain,Trans-cerebellum,1564,train,Voluson E6
Patient01564_Plane3_2_of_2.png,FETAL_PLANES_DB,head,Fetal brain,Trans-thalamic,1564,train,Voluson E6
Patient01564_Plane5_1_of_2.png,FETAL_PLANES_DB,not head,Fetal femur,,1564,train,Voluson E6
Patient01564_Plane5_2_of_2.png,FETAL_PLANES_DB,not head,Fetal femur,,1564,train,Voluson E6
Patient01564_Plane1_1_of_1.png,FETAL_PLANES_DB,not head,Other,,1564,train,Voluson E6
Patient01564_Plane6_1_of_3.png,FETAL_PLANES_DB,not head,Fetal thorax,,1564,train,Voluson E6
Patient01564_Plane6_2_of_3.png,FETAL_PLANES_DB,not head,Fetal thorax,,1564,train,Voluson E6
Patient01564_Plane6_3_of_3.png,FETAL_PLANES_DB,not head,Fetal thorax,,1564,train,Voluson E6
Patient01567_Plane2_1_of_3.png,FETAL_PLANES_DB,not head,Fetal abdomen,,1567,train,Voluson S10
Patient01567_Plane2_2_of_3.png,FETAL_PLANES_DB,not head,Fetal abdomen,,1567,train,Voluson S10
Patient01567_Plane2_3_of_3.png,FETAL_PLANES_DB,not head,Fetal abdomen,,1567,train,Voluson S10
Patient01567_Plane3_1_of_5.png,FETAL_PLANES_DB,head,Fetal brain,Trans-thalamic,1567,train,Voluson S10
Patient01567_Plane3_2_of_5.png,FETAL_PLANES_DB,head,Fetal brain,Trans-ventricular,1567,train,Voluson S10
Patient01567_Plane3_3_of_5.png,FETAL_PLANES_DB,head,Fetal brain,Trans-thalamic,1567,train,Voluson S10
Patient01567_Plane3_4_of_5.png,FETAL_PLANES_DB,head,Fetal brain,Trans-thalamic,1567,train,Voluson S10
Patient01567_Plane3_5_of_5.png,FETAL_PLANES_DB,head,Fetal brain,Trans-thalamic,1567,train,Voluson S10
Patient01567_Plane5_1_of_1.png,FETAL_PLANES_DB,not head,Fetal femur,,1567,train,Voluson S10
Patient01567_Plane1_1_of_1.png,FETAL_PLANES_DB,not head,Other,,1567,train,Voluson S10
Patient01567_Plane6_1_of_2.png,FETAL_PLANES_DB,not head,Fetal thorax,,1567,train,Voluson S10
Patient01567_Plane6_2_of_2.png,FETAL_PLANES_DB,not head,Fetal thorax,,1567,train,Voluson S10
Patient01569_Plane2_1_of_1.png,FETAL_PLANES_DB,not head,Fetal abdomen,,1569,train,Aloka
Patient01569_Plane3_1_of_1.png,FETAL_PLANES_DB,head,Fetal brain,Trans-thalamic,1569,train,Aloka
Patient01569_Plane5_1_of_1.png,FETAL_PLANES_DB,not head,Fetal femur,,1569,train,Aloka
Patient01569_Plane6_1_of_1.png,FETAL_PLANES_DB,not head,Fetal thorax,,1569,train,Aloka
Patient01569_Plane1_1_of_5.png,FETAL_PLANES_DB,not head,Other,,1569,train,Aloka
Patient01569_Plane1_2_of_5.png,FETAL_PLANES_DB,not head,Other,,1569,train,Aloka
Patient01569_Plane1_3_of_5.png,FETAL_PLANES_DB,not head,Other,,1569,train,Aloka
Patient01569_Plane1_4_of_5.png,FETAL_PLANES_DB,not head,Other,,1569,train,Aloka
Patient01569_Plane1_5_of_5.png,FETAL_PLANES_DB,not head,Other,,1569,train,Aloka
Patient01570_Plane2_1_of_1.png,FETAL_PLANES_DB,not head,Fetal abdomen,,1570,train,Aloka
Patient01570_Plane3_1_of_3.png,FETAL_PLANES_DB,head,Fetal brain,Trans-thalamic,1570,train,Aloka
Patient01570_Plane3_2_of_3.png,FETAL_PLANES_DB,head,Fetal brain,Trans-ventricular,1570,train,Aloka
Patient01570_Plane3_3_of_3.png,FETAL_PLANES_DB,head,Fetal brain,Trans-cerebellum,1570,train,Aloka
Patient01570_Plane5_1_of_1.png,FETAL_PLANES_DB,not head,Fetal femur,,1570,train,Aloka
Patient01570_Plane1_1_of_16.png,FETAL_PLANES_DB,not head,Other,,1570,train,Aloka
Patient01570_Plane1_2_of_16.png,FETAL_PLANES_DB,not head,Other,,1570,train,Aloka
Patient01570_Plane1_3_of_16.png,FETAL_PLANES_DB,not head,Other,,1570,train,Aloka
Patient01570_Plane1_4_of_16.png,FETAL_PLANES_DB,not head,Other,,1570,train,Aloka
Patient01570_Plane1_5_of_16.png,FETAL_PLANES_DB,not head,Other,,1570,train,Aloka
Patient01570_Plane1_6_of_16.png,FETAL_PLANES_DB,not head,Other,,1570,train,Aloka
Patient01570_Plane1_7_of_16.png,FETAL_PLANES_DB,not head,Other,,1570,train,Aloka
Patient01570_Plane1_8_of_16.png,FETAL_PLANES_DB,not head,Other,,1570,train,Aloka
Patient01570_Plane1_9_of_16.png,FETAL_PLANES_DB,not head,Other,,1570,train,Aloka
Patient01570_Plane1_10_of_16.png,FETAL_PLANES_DB,not head,Other,,1570,train,Aloka
Patient01570_Plane1_11_of_16.png,FETAL_PLANES_DB,not head,Other,,1570,train,Aloka
Patient01570_Plane1_12_of_16.png,FETAL_PLANES_DB,not head,Other,,1570,train,Aloka
Patient01570_Plane1_13_of_16.png,FETAL_PLANES_DB,not head,Other,,1570,train,Aloka
Patient01570_Plane1_14_of_16.png,FETAL_PLANES_DB,not head,Other,,1570,train,Aloka
Patient01570_Plane1_15_of_16.png,FETAL_PLANES_DB,not head,Other,,1570,train,Aloka
Patient01570_Plane1_16_of_16.png,FETAL_PLANES_DB,not head,Other,,1570,train,Aloka
Patient01571_Plane2_1_of_1.png,FETAL_PLANES_DB,not head,Fetal abdomen,,1571,train,Aloka
Patient01571_Plane3_1_of_1.png,FETAL_PLANES_DB,head,Fetal brain,Other,1571,train,Aloka
Patient01571_Plane5_1_of_1.png,FETAL_PLANES_DB,not head,Fetal femur,,1571,train,Aloka
Patient01571_Plane1_1_of_1.png,FETAL_PLANES_DB,not head,Other,,1571,train,Aloka
Patient01572_Plane2_1_of_1.png,FETAL_PLANES_DB,not head,Fetal abdomen,,1572,train,Aloka
Patient01572_Plane3_1_of_2.png,FETAL_PLANES_DB,head,Fetal brain,Trans-thalamic,1572,train,Aloka
Patient01572_Plane3_2_of_2.png,FETAL_PLANES_DB,head,Fetal brain,Trans-cerebellum,1572,train,Aloka
Patient01572_Plane5_1_of_1.png,FETAL_PLANES_DB,not head,Fetal femur,,1572,train,Aloka
Patient01572_Plane1_1_of_9.png,FETAL_PLANES_DB,not head,Other,,1572,train,Aloka
Patient01572_Plane1_2_of_9.png,FETAL_PLANES_DB,not head,Other,,1572,train,Aloka
Patient01572_Plane1_3_of_9.png,FETAL_PLANES_DB,not head,Other,,1572,train,Aloka
Patient01572_Plane1_4_of_9.png,FETAL_PLANES_DB,not head,Other,,1572,train,Aloka
Patient01572_Plane1_5_of_9.png,FETAL_PLANES_DB,not head,Other,,1572,train,Aloka
Patient01572_Plane1_6_of_9.png,FETAL_PLANES_DB,not head,Other,,1572,train,Aloka
Patient01572_Plane1_7_of_9.png,FETAL_PLANES_DB,not head,Other,,1572,train,Aloka
Patient01572_Plane1_8_of_9.png,FETAL_PLANES_DB,not head,Other,,1572,train,Aloka
Patient01572_Plane1_9_of_9.png,FETAL_PLANES_DB,not head,Other,,1572,train,Aloka
Patient01573_Plane2_1_of_2.png,FETAL_PLANES_DB,not head,Fetal abdomen,,1573,train,Aloka
Patient01573_Plane2_2_of_2.png,FETAL_PLANES_DB,not head,Fetal abdomen,,1573,train,Aloka
Patient01573_Plane3_1_of_2.png,FETAL_PLANES_DB,head,Fetal brain,Trans-thalamic,1573,train,Aloka
Patient01573_Plane3_2_of_2.png,FETAL_PLANES_DB,head,Fetal brain,Trans-thalamic,1573,train,Aloka
Patient01573_Plane5_1_of_1.png,FETAL_PLANES_DB,not head,Fetal femur,,1573,train,Aloka
Patient01573_Plane1_1_of_8.png,FETAL_PLANES_DB,not head,Other,,1573,train,Aloka
Patient01573_Plane1_2_of_8.png,FETAL_PLANES_DB,not head,Other,,1573,train,Aloka
Patient01573_Plane1_3_of_8.png,FETAL_PLANES_DB,not head,Other,,1573,train,Aloka
Patient01573_Plane1_4_of_8.png,FETAL_PLANES_DB,not head,Other,,1573,train,Aloka
Patient01573_Plane1_5_of_8.png,FETAL_PLANES_DB,not head,Other,,1573,train,Aloka
Patient01573_Plane1_6_of_8.png,FETAL_PLANES_DB,not head,Other,,1573,train,Aloka
Patient01573_Plane1_7_of_8.png,FETAL_PLANES_DB,not head,Other,,1573,train,Aloka
Patient01573_Plane1_8_of_8.png,FETAL_PLANES_DB,not head,Other,,1573,train,Aloka
Patient01576_Plane3_1_of_2.png,FETAL_PLANES_DB,head,Fetal brain,Trans-thalamic,1576,train,Voluson E6
Patient01576_Plane3_2_of_2.png,FETAL_PLANES_DB,head,Fetal brain,Trans-thalamic,1576,train,Voluson E6
Patient01576_Plane5_1_of_1.png,FETAL_PLANES_DB,not head,Fetal femur,,1576,train,Voluson E6
Patient01576_Plane1_1_of_1.png,FETAL_PLANES_DB,not head,Other,,1576,train,Voluson E6
Patient01576_Plane6_1_of_1.png,FETAL_PLANES_DB,not head,Fetal thorax,,1576,train,Voluson E6
Patient01577_Plane2_1_of_1.png,FETAL_PLANES_DB,not head,Fetal abdomen,,1577,train,Voluson E6
Patient01577_Plane3_1_of_2.png,FETAL_PLANES_DB,head,Fetal brain,Trans-thalamic,1577,train,Voluson E6
Patient01577_Plane3_2_of_2.png,FETAL_PLANES_DB,head,Fetal brain,Trans-cerebellum,1577,train,Voluson E6
Patient01578_Plane2_1_of_1.png,FETAL_PLANES_DB,not head,Fetal abdomen,,1578,train,Voluson E6
Patient01578_Plane3_1_of_1.png,FETAL_PLANES_DB,head,Fetal brain,Trans-thalamic,1578,train,Voluson E6
Patient01579_Plane3_1_of_4.png,FETAL_PLANES_DB,head,Fetal brain,Trans-thalamic,1579,train,Voluson E6
Patient01579_Plane3_2_of_4.png,FETAL_PLANES_DB,head,Fetal brain,Trans-thalamic,1579,train,Voluson E6
Patient01579_Plane3_3_of_4.png,FETAL_PLANES_DB,head,Fetal brain,Trans-thalamic,1579,train,Voluson E6
Patient01579_Plane3_4_of_4.png,FETAL_PLANES_DB,head,Fetal brain,Trans-thalamic,1579,train,Voluson E6
Patient01582_Plane5_1_of_3.png,FETAL_PLANES_DB,not head,Fetal femur,,1582,train,Voluson E6
Patient01582_Plane5_2_of_3.png,FETAL_PLANES_DB,not head,Fetal femur,,1582,train,Voluson E6
Patient01582_Plane5_3_of_3.png,FETAL_PLANES_DB,not head,Fetal femur,,1582,train,Voluson E6
Patient01582_Plane1_1_of_1.png,FETAL_PLANES_DB,not head,Other,,1582,train,Voluson E6
Patient01582_Plane6_1_of_5.png,FETAL_PLANES_DB,not head,Fetal thorax,,1582,train,Voluson E6
Patient01582_Plane6_2_of_5.png,FETAL_PLANES_DB,not head,Fetal thorax,,1582,train,Voluson E6
Patient01582_Plane6_3_of_5.png,FETAL_PLANES_DB,not head,Fetal thorax,,1582,train,Voluson E6
Patient01582_Plane6_4_of_5.png,FETAL_PLANES_DB,not head,Fetal thorax,,1582,train,Voluson E6
Patient01582_Plane6_5_of_5.png,FETAL_PLANES_DB,not head,Fetal thorax,,1582,train,Voluson E6
Patient01584_Plane6_1_of_3.png,FETAL_PLANES_DB,not head,Fetal thorax,,1584,train,Voluson E6
Patient01584_Plane6_2_of_3.png,FETAL_PLANES_DB,not head,Fetal thorax,,1584,train,Voluson E6
Patient01584_Plane6_3_of_3.png,FETAL_PLANES_DB,not head,Fetal thorax,,1584,train,Voluson E6
Patient01587_Plane5_1_of_1.png,FETAL_PLANES_DB,not head,Fetal femur,,1587,train,Voluson E6
Patient01587_Plane6_1_of_3.png,FETAL_PLANES_DB,not head,Fetal thorax,,1587,train,Voluson E6
Patient01587_Plane6_2_of_3.png,FETAL_PLANES_DB,not head,Fetal thorax,,1587,train,Voluson E6
Patient01587_Plane6_3_of_3.png,FETAL_PLANES_DB,not head,Fetal thorax,,1587,train,Voluson E6
Patient01588_Plane3_1_of_4.png,FETAL_PLANES_DB,head,Fetal brain,Trans-cerebellum,1588,train,Voluson E6
Patient01588_Plane3_2_of_4.png,FETAL_PLANES_DB,head,Fetal brain,Trans-thalamic,1588,train,Voluson E6
Patient01588_Plane3_3_of_4.png,FETAL_PLANES_DB,head,Fetal brain,Trans-thalamic,1588,train,Voluson E6
Patient01588_Plane3_4_of_4.png,FETAL_PLANES_DB,head,Fetal brain,Trans-thalamic,1588,train,Voluson E6
Patient01588_Plane4_1_of_1.png,FETAL_PLANES_DB,not head,Maternal cervix,,1588,train,Voluson E6
Patient01588_Plane1_1_of_1.png,FETAL_PLANES_DB,not head,Other,,1588,train,Voluson E6
Patient01588_Plane6_1_of_2.png,FETAL_PLANES_DB,not head,Fetal thorax,,1588,train,Voluson E6
Patient01588_Plane6_2_of_2.png,FETAL_PLANES_DB,not head,Fetal thorax,,1588,train,Voluson E6
Patient01590_Plane2_1_of_2.png,FETAL_PLANES_DB,not head,Fetal abdomen,,1590,train,Voluson S10
Patient01590_Plane2_2_of_2.png,FETAL_PLANES_DB,not head,Fetal abdomen,,1590,train,Voluson S10
Patient01590_Plane3_1_of_6.png,FETAL_PLANES_DB,head,Fetal brain,Trans-thalamic,1590,train,Voluson S10
Patient01590_Plane3_2_of_6.png,FETAL_PLANES_DB,head,Fetal brain,Trans-thalamic,1590,train,Voluson S10
Patient01590_Plane3_3_of_6.png,FETAL_PLANES_DB,head,Fetal brain,Trans-thalamic,1590,train,Voluson S10
Patient01590_Plane3_4_of_6.png,FETAL_PLANES_DB,head,Fetal brain,Trans-thalamic,1590,train,Voluson S10
Patient01590_Plane3_5_of_6.png,FETAL_PLANES_DB,head,Fetal brain,Trans-thalamic,1590,train,Voluson S10
Patient01590_Plane3_6_of_6.png,FETAL_PLANES_DB,head,Fetal brain,Trans-cerebellum,1590,train,Voluson S10
Patient01590_Plane5_1_of_2.png,FETAL_PLANES_DB,not head,Fetal femur,,1590,train,Voluson S10
Patient01590_Plane5_2_of_2.png,FETAL_PLANES_DB,not head,Fetal femur,,1590,train,Voluson S10
Patient01590_Plane6_1_of_1.png,FETAL_PLANES_DB,not head,Fetal thorax,,1590,train,Voluson S10
Patient01592_Plane3_1_of_2.png,FETAL_PLANES_DB,head,Fetal brain,Trans-thalamic,1592,train,Voluson E6
Patient01592_Plane3_2_of_2.png,FETAL_PLANES_DB,head,Fetal brain,Trans-ventricular,1592,train,Voluson E6
Patient01592_Plane5_1_of_5.png,FETAL_PLANES_DB,not head,Fetal femur,,1592,train,Voluson E6
Patient01592_Plane5_2_of_5.png,FETAL_PLANES_DB,not head,Fetal femur,,1592,train,Voluson E6
Patient01592_Plane5_3_of_5.png,FETAL_PLANES_DB,not head,Fetal femur,,1592,train,Voluson E6
Patient01592_Plane5_4_of_5.png,FETAL_PLANES_DB,not head,Fetal femur,,1592,train,Voluson E6
Patient01592_Plane5_5_of_5.png,FETAL_PLANES_DB,not head,Fetal femur,,1592,train,Voluson E6
Patient01592_Plane1_1_of_1.png,FETAL_PLANES_DB,not head,Other,,1592,train,Voluson E6
Patient01592_Plane6_1_of_7.png,FETAL_PLANES_DB,not head,Fetal thorax,,1592,train,Voluson E6
Patient01592_Plane6_2_of_7.png,FETAL_PLANES_DB,not head,Fetal thorax,,1592,train,Voluson E6
Patient01592_Plane6_3_of_7.png,FETAL_PLANES_DB,not head,Fetal thorax,,1592,train,Voluson E6
Patient01592_Plane6_4_of_7.png,FETAL_PLANES_DB,not head,Fetal thorax,,1592,train,Voluson E6
Patient01592_Plane6_5_of_7.png,FETAL_PLANES_DB,not head,Fetal thorax,,1592,train,Voluson E6
Patient01592_Plane6_6_of_7.png,FETAL_PLANES_DB,not head,Fetal thorax,,1592,train,Voluson E6
Patient01592_Plane6_7_of_7.png,FETAL_PLANES_DB,not head,Fetal thorax,,1592,train,Voluson E6
Patient01594_Plane3_1_of_1.png,FETAL_PLANES_DB,head,Fetal brain,Trans-ventricular,1594,train,Voluson E6
Patient01594_Plane4_1_of_1.png,FETAL_PLANES_DB,not head,Maternal cervix,,1594,train,Voluson E6
Patient01594_Plane6_1_of_1.png,FETAL_PLANES_DB,not head,Fetal thorax,,1594,train,Voluson E6
Patient01595_Plane3_1_of_2.png,FETAL_PLANES_DB,head,Fetal brain,Trans-thalamic,1595,train,Voluson E6
Patient01595_Plane3_2_of_2.png,FETAL_PLANES_DB,head,Fetal brain,Trans-thalamic,1595,train,Voluson E6
Patient01595_Plane5_1_of_1.png,FETAL_PLANES_DB,not head,Fetal femur,,1595,train,Voluson E6
Patient01596_Plane3_1_of_5.png,FETAL_PLANES_DB,head,Fetal brain,Trans-cerebellum,1596,train,Voluson E6
Patient01596_Plane3_2_of_5.png,FETAL_PLANES_DB,head,Fetal brain,Trans-thalamic,1596,train,Voluson E6
Patient01596_Plane3_3_of_5.png,FETAL_PLANES_DB,head,Fetal brain,Trans-thalamic,1596,train,Voluson E6
Patient01596_Plane3_4_of_5.png,FETAL_PLANES_DB,head,Fetal brain,Trans-ventricular,1596,train,Voluson E6
Patient01596_Plane3_5_of_5.png,FETAL_PLANES_DB,head,Fetal brain,Trans-thalamic,1596,train,Voluson E6
Patient01596_Plane4_1_of_3.png,FETAL_PLANES_DB,not head,Maternal cervix,,1596,train,Voluson E6
Patient01596_Plane4_2_of_3.png,FETAL_PLANES_DB,not head,Maternal cervix,,1596,train,Voluson E6
Patient01596_Plane4_3_of_3.png,FETAL_PLANES_DB,not head,Maternal cervix,,1596,train,Voluson E6
Patient01596_Plane5_1_of_1.png,FETAL_PLANES_DB,not head,Fetal femur,,1596,train,Voluson E6
Patient01598_Plane3_1_of_2.png,FETAL_PLANES_DB,head,Fetal brain,Trans-thalamic,1598,train,Voluson E6
Patient01598_Plane3_2_of_2.png,FETAL_PLANES_DB,head,Fetal brain,Trans-thalamic,1598,train,Voluson E6
Patient01598_Plane4_1_of_4.png,FETAL_PLANES_DB,not head,Maternal cervix,,1598,train,Voluson E6
Patient01598_Plane4_2_of_4.png,FETAL_PLANES_DB,not head,Maternal cervix,,1598,train,Voluson E6
Patient01598_Plane4_3_of_4.png,FETAL_PLANES_DB,not head,Maternal cervix,,1598,train,Voluson E6
Patient01598_Plane4_4_of_4.png,FETAL_PLANES_DB,not head,Maternal cervix,,1598,train,Voluson E6
Patient01598_Plane5_1_of_1.png,FETAL_PLANES_DB,not head,Fetal femur,,1598,train,Voluson E6
Patient01598_Plane6_1_of_1.png,FETAL_PLANES_DB,not head,Fetal thorax,,1598,train,Voluson E6
Patient01599_Plane3_1_of_2.png,FETAL_PLANES_DB,head,Fetal brain,Trans-cerebellum,1599,train,Voluson E6
Patient01599_Plane3_2_of_2.png,FETAL_PLANES_DB,head,Fetal brain,Trans-thalamic,1599,train,Voluson E6
Patient01599_Plane4_1_of_1.png,FETAL_PLANES_DB,not head,Maternal cervix,,1599,train,Voluson E6
Patient01599_Plane6_1_of_1.png,FETAL_PLANES_DB,not head,Fetal thorax,,1599,train,Voluson E6
Patient01600_Plane5_1_of_2.png,FETAL_PLANES_DB,not head,Fetal femur,,1600,train,Voluson E6
Patient01600_Plane5_2_of_2.png,FETAL_PLANES_DB,not head,Fetal femur,,1600,train,Voluson E6
Patient01600_Plane1_1_of_1.png,FETAL_PLANES_DB,not head,Other,,1600,train,Voluson E6
Patient01600_Plane6_1_of_8.png,FETAL_PLANES_DB,not head,Fetal thorax,,1600,train,Voluson E6
Patient01600_Plane6_2_of_8.png,FETAL_PLANES_DB,not head,Fetal thorax,,1600,train,Voluson E6
Patient01600_Plane6_3_of_8.png,FETAL_PLANES_DB,not head,Fetal thorax,,1600,train,Voluson E6
Patient01600_Plane6_4_of_8.png,FETAL_PLANES_DB,not head,Fetal thorax,,1600,train,Voluson E6
Patient01600_Plane6_5_of_8.png,FETAL_PLANES_DB,not head,Fetal thorax,,1600,train,Voluson E6
Patient01600_Plane6_6_of_8.png,FETAL_PLANES_DB,not head,Fetal thorax,,1600,train,Voluson E6
Patient01600_Plane6_7_of_8.png,FETAL_PLANES_DB,not head,Fetal thorax,,1600,train,Voluson E6
Patient01600_Plane6_8_of_8.png,FETAL_PLANES_DB,not head,Fetal thorax,,1600,train,Voluson E6
Patient01602_Plane2_1_of_2.png,FETAL_PLANES_DB,not head,Fetal abdomen,,1602,train,Voluson E6
Patient01602_Plane2_2_of_2.png,FETAL_PLANES_DB,not head,Fetal abdomen,,1602,train,Voluson E6
Patient01602_Plane3_1_of_6.png,FETAL_PLANES_DB,head,Fetal brain,Trans-thalamic,1602,train,Voluson E6
Patient01602_Plane3_2_of_6.png,FETAL_PLANES_DB,head,Fetal brain,Trans-thalamic,1602,train,Voluson E6
Patient01602_Plane3_3_of_6.png,FETAL_PLANES_DB,head,Fetal brain,Trans-ventricular,1602,train,Voluson E6
Patient01602_Plane3_4_of_6.png,FETAL_PLANES_DB,head,Fetal brain,Trans-cerebellum,1602,train,Voluson E6
Patient01602_Plane3_5_of_6.png,FETAL_PLANES_DB,head,Fetal brain,Trans-cerebellum,1602,train,Voluson E6
Patient01602_Plane3_6_of_6.png,FETAL_PLANES_DB,head,Fetal brain,Trans-thalamic,1602,train,Voluson E6
Patient01602_Plane4_1_of_3.png,FETAL_PLANES_DB,not head,Maternal cervix,,1602,train,Voluson E6
Patient01602_Plane4_2_of_3.png,FETAL_PLANES_DB,not head,Maternal cervix,,1602,train,Voluson E6
Patient01602_Plane4_3_of_3.png,FETAL_PLANES_DB,not head,Maternal cervix,,1602,train,Voluson E6
Patient01602_Plane5_1_of_3.png,FETAL_PLANES_DB,not head,Fetal femur,,1602,train,Voluson E6
Patient01602_Plane5_2_of_3.png,FETAL_PLANES_DB,not head,Fetal femur,,1602,train,Voluson E6
Patient01602_Plane5_3_of_3.png,FETAL_PLANES_DB,not head,Fetal femur,,1602,train,Voluson E6
Patient01603_Plane2_1_of_1.png,FETAL_PLANES_DB,not head,Fetal abdomen,,1603,train,Voluson E6
Patient01603_Plane3_1_of_3.png,FETAL_PLANES_DB,head,Fetal brain,Trans-thalamic,1603,train,Voluson E6
Patient01603_Plane3_2_of_3.png,FETAL_PLANES_DB,head,Fetal brain,Trans-thalamic,1603,train,Voluson E6
Patient01603_Plane3_3_of_3.png,FETAL_PLANES_DB,head,Fetal brain,Trans-cerebellum,1603,train,Voluson E6
Patient01603_Plane5_1_of_1.png,FETAL_PLANES_DB,not head,Fetal femur,,1603,train,Voluson E6
Patient01605_Plane3_1_of_2.png,FETAL_PLANES_DB,head,Fetal brain,Trans-cerebellum,1605,train,Voluson E6
Patient01605_Plane3_2_of_2.png,FETAL_PLANES_DB,head,Fetal brain,Trans-thalamic,1605,train,Voluson E6
Patient01605_Plane5_1_of_2.png,FETAL_PLANES_DB,not head,Fetal femur,,1605,train,Voluson E6
Patient01605_Plane5_2_of_2.png,FETAL_PLANES_DB,not head,Fetal femur,,1605,train,Voluson E6
Patient01606_Plane3_1_of_5.png,FETAL_PLANES_DB,head,Fetal brain,Other,1606,train,Aloka
Patient01606_Plane3_2_of_5.png,FETAL_PLANES_DB,head,Fetal brain,Trans-ventricular,1606,train,Aloka
Patient01606_Plane3_3_of_5.png,FETAL_PLANES_DB,head,Fetal brain,Trans-ventricular,1606,train,Aloka
Patient01606_Plane3_4_of_5.png,FETAL_PLANES_DB,head,Fetal brain,Trans-cerebellum,1606,train,Aloka
Patient01606_Plane3_5_of_5.png,FETAL_PLANES_DB,head,Fetal brain,Trans-thalamic,1606,train,Aloka
Patient01606_Plane5_1_of_2.png,FETAL_PLANES_DB,not head,Fetal femur,,1606,train,Aloka
Patient01606_Plane5_2_of_2.png,FETAL_PLANES_DB,not head,Fetal femur,,1606,train,Aloka
Patient01606_Plane1_1_of_18.png,FETAL_PLANES_DB,not head,Other,,1606,train,Aloka
Patient01606_Plane6_1_of_1.png,FETAL_PLANES_DB,not head,Fetal thorax,,1606,train,Aloka
Patient01606_Plane1_2_of_18.png,FETAL_PLANES_DB,not head,Other,,1606,train,Aloka
Patient01606_Plane1_3_of_18.png,FETAL_PLANES_DB,not head,Other,,1606,train,Aloka
Patient01606_Plane1_4_of_18.png,FETAL_PLANES_DB,not head,Other,,1606,train,Aloka
Patient01606_Plane1_5_of_18.png,FETAL_PLANES_DB,not head,Other,,1606,train,Aloka
Patient01606_Plane1_6_of_18.png,FETAL_PLANES_DB,not head,Other,,1606,train,Aloka
Patient01606_Plane1_7_of_18.png,FETAL_PLANES_DB,not head,Other,,1606,train,Aloka
Patient01606_Plane1_8_of_18.png,FETAL_PLANES_DB,not head,Other,,1606,train,Aloka
Patient01606_Plane1_9_of_18.png,FETAL_PLANES_DB,not head,Other,,1606,train,Aloka
Patient01606_Plane1_10_of_18.png,FETAL_PLANES_DB,not head,Other,,1606,train,Aloka
Patient01606_Plane1_11_of_18.png,FETAL_PLANES_DB,not head,Other,,1606,train,Aloka
Patient01606_Plane1_12_of_18.png,FETAL_PLANES_DB,not head,Other,,1606,train,Aloka
Patient01606_Plane1_13_of_18.png,FETAL_PLANES_DB,not head,Other,,1606,train,Aloka
Patient01606_Plane1_14_of_18.png,FETAL_PLANES_DB,not head,Other,,1606,train,Aloka
Patient01606_Plane1_15_of_18.png,FETAL_PLANES_DB,not head,Other,,1606,train,Aloka
Patient01606_Plane1_16_of_18.png,FETAL_PLANES_DB,not head,Other,,1606,train,Aloka
Patient01606_Plane1_17_of_18.png,FETAL_PLANES_DB,not head,Other,,1606,train,Aloka
Patient01606_Plane1_18_of_18.png,FETAL_PLANES_DB,not head,Other,,1606,train,Aloka
Patient01607_Plane3_1_of_2.png,FETAL_PLANES_DB,head,Fetal brain,Trans-ventricular,1607,train,Voluson E6
Patient01607_Plane3_2_of_2.png,FETAL_PLANES_DB,head,Fetal brain,Trans-cerebellum,1607,train,Voluson E6
Patient01607_Plane5_1_of_2.png,FETAL_PLANES_DB,not head,Fetal femur,,1607,train,Voluson E6
Patient01607_Plane5_2_of_2.png,FETAL_PLANES_DB,not head,Fetal femur,,1607,train,Voluson E6
Patient01607_Plane1_1_of_1.png,FETAL_PLANES_DB,not head,Other,,1607,train,Voluson E6
Patient01608_Plane2_1_of_1.png,FETAL_PLANES_DB,not head,Fetal abdomen,,1608,train,Voluson E6
Patient01608_Plane3_1_of_3.png,FETAL_PLANES_DB,head,Fetal brain,Trans-thalamic,1608,train,Voluson E6
Patient01608_Plane3_2_of_3.png,FETAL_PLANES_DB,head,Fetal brain,Trans-thalamic,1608,train,Voluson E6
Patient01608_Plane3_3_of_3.png,FETAL_PLANES_DB,head,Fetal brain,Trans-ventricular,1608,train,Voluson E6
Patient01608_Plane5_1_of_1.png,FETAL_PLANES_DB,not head,Fetal femur,,1608,train,Voluson E6
Patient01608_Plane1_1_of_1.png,FETAL_PLANES_DB,not head,Other,,1608,train,Voluson E6
Patient01609_Plane2_1_of_1.png,FETAL_PLANES_DB,not head,Fetal abdomen,,1609,train,Aloka
Patient01609_Plane3_1_of_3.png,FETAL_PLANES_DB,head,Fetal brain,Trans-thalamic,1609,train,Aloka
Patient01609_Plane3_2_of_3.png,FETAL_PLANES_DB,head,Fetal brain,Trans-thalamic,1609,train,Aloka
Patient01609_Plane3_3_of_3.png,FETAL_PLANES_DB,head,Fetal brain,Trans-thalamic,1609,train,Aloka
Patient01609_Plane5_1_of_1.png,FETAL_PLANES_DB,not head,Fetal femur,,1609,train,Aloka
Patient01609_Plane1_1_of_4.png,FETAL_PLANES_DB,not head,Other,,1609,train,Aloka
Patient01609_Plane1_2_of_4.png,FETAL_PLANES_DB,not head,Other,,1609,train,Aloka
Patient01609_Plane1_3_of_4.png,FETAL_PLANES_DB,not head,Other,,1609,train,Aloka
Patient01609_Plane1_4_of_4.png,FETAL_PLANES_DB,not head,Other,,1609,train,Aloka
Patient01610_Plane2_1_of_3.png,FETAL_PLANES_DB,not head,Fetal abdomen,,1610,train,Voluson S10
Patient01610_Plane2_2_of_3.png,FETAL_PLANES_DB,not head,Fetal abdomen,,1610,train,Voluson S10
Patient01610_Plane2_3_of_3.png,FETAL_PLANES_DB,not head,Fetal abdomen,,1610,train,Voluson S10
Patient01610_Plane3_1_of_9.png,FETAL_PLANES_DB,head,Fetal brain,Trans-cerebellum,1610,train,Voluson S10
Patient01610_Plane3_2_of_9.png,FETAL_PLANES_DB,head,Fetal brain,Trans-ventricular,1610,train,Voluson S10
Patient01610_Plane3_3_of_9.png,FETAL_PLANES_DB,head,Fetal brain,Trans-thalamic,1610,train,Voluson S10
Patient01610_Plane3_4_of_9.png,FETAL_PLANES_DB,head,Fetal brain,Trans-thalamic,1610,train,Voluson S10
Patient01610_Plane3_5_of_9.png,FETAL_PLANES_DB,head,Fetal brain,Trans-thalamic,1610,train,Voluson S10
Patient01610_Plane3_6_of_9.png,FETAL_PLANES_DB,head,Fetal brain,Trans-cerebellum,1610,train,Voluson S10
Patient01610_Plane3_7_of_9.png,FETAL_PLANES_DB,head,Fetal brain,Trans-ventricular,1610,train,Voluson S10
Patient01610_Plane3_8_of_9.png,FETAL_PLANES_DB,head,Fetal brain,Trans-cerebellum,1610,train,Voluson S10
Patient01610_Plane3_9_of_9.png,FETAL_PLANES_DB,head,Fetal brain,Trans-thalamic,1610,train,Voluson S10
Patient01610_Plane4_1_of_2.png,FETAL_PLANES_DB,not head,Maternal cervix,,1610,train,Voluson S10
Patient01610_Plane4_2_of_2.png,FETAL_PLANES_DB,not head,Maternal cervix,,1610,train,Voluson S10
Patient01610_Plane5_1_of_2.png,FETAL_PLANES_DB,not head,Fetal femur,,1610,train,Voluson S10
Patient01610_Plane5_2_of_2.png,FETAL_PLANES_DB,not head,Fetal femur,,1610,train,Voluson S10
Patient01610_Plane1_1_of_1.png,FETAL_PLANES_DB,not head,Other,,1610,train,Voluson S10
Patient01610_Plane6_1_of_2.png,FETAL_PLANES_DB,not head,Fetal thorax,,1610,train,Voluson S10
Patient01610_Plane6_2_of_2.png,FETAL_PLANES_DB,not head,Fetal thorax,,1610,train,Voluson S10
Patient01611_Plane3_1_of_3.png,FETAL_PLANES_DB,head,Fetal brain,Trans-ventricular,1611,train,Voluson E6
Patient01611_Plane3_2_of_3.png,FETAL_PLANES_DB,head,Fetal brain,Trans-cerebellum,1611,train,Voluson E6
Patient01611_Plane3_3_of_3.png,FETAL_PLANES_DB,head,Fetal brain,Trans-thalamic,1611,train,Voluson E6
Patient01611_Plane5_1_of_1.png,FETAL_PLANES_DB,not head,Fetal femur,,1611,train,Voluson E6
Patient01611_Plane1_1_of_1.png,FETAL_PLANES_DB,not head,Other,,1611,train,Voluson E6
Patient01614_Plane3_1_of_2.png,FETAL_PLANES_DB,head,Fetal brain,Trans-thalamic,1614,train,Aloka
Patient01614_Plane3_2_of_2.png,FETAL_PLANES_DB,head,Fetal brain,Trans-cerebellum,1614,train,Aloka
Patient01614_Plane5_1_of_1.png,FETAL_PLANES_DB,not head,Fetal femur,,1614,train,Aloka
Patient01614_Plane1_1_of_9.png,FETAL_PLANES_DB,not head,Other,,1614,train,Aloka
Patient01614_Plane6_1_of_1.png,FETAL_PLANES_DB,not head,Fetal thorax,,1614,train,Aloka
Patient01614_Plane1_2_of_9.png,FETAL_PLANES_DB,not head,Other,,1614,train,Aloka
Patient01614_Plane1_3_of_9.png,FETAL_PLANES_DB,not head,Other,,1614,train,Aloka
Patient01614_Plane1_4_of_9.png,FETAL_PLANES_DB,not head,Other,,1614,train,Aloka
Patient01614_Plane1_5_of_9.png,FETAL_PLANES_DB,not head,Other,,1614,train,Aloka
Patient01614_Plane1_6_of_9.png,FETAL_PLANES_DB,not head,Other,,1614,train,Aloka
Patient01614_Plane1_7_of_9.png,FETAL_PLANES_DB,not head,Other,,1614,train,Aloka
Patient01614_Plane1_8_of_9.png,FETAL_PLANES_DB,not head,Other,,1614,train,Aloka
Patient01614_Plane1_9_of_9.png,FETAL_PLANES_DB,not head,Other,,1614,train,Aloka
Patient01616_Plane2_1_of_2.png,FETAL_PLANES_DB,not head,Fetal abdomen,,1616,train,Voluson E6
Patient01616_Plane2_2_of_2.png,FETAL_PLANES_DB,not head,Fetal abdomen,,1616,train,Voluson E6
Patient01616_Plane3_1_of_3.png,FETAL_PLANES_DB,head,Fetal brain,Trans-thalamic,1616,train,Voluson E6
Patient01616_Plane3_2_of_3.png,FETAL_PLANES_DB,head,Fetal brain,Trans-ventricular,1616,train,Voluson E6
Patient01616_Plane3_3_of_3.png,FETAL_PLANES_DB,head,Fetal brain,Trans-cerebellum,1616,train,Voluson E6
Patient01616_Plane4_1_of_1.png,FETAL_PLANES_DB,not head,Maternal cervix,,1616,train,Voluson E6
Patient01616_Plane5_1_of_1.png,FETAL_PLANES_DB,not head,Fetal femur,,1616,train,Voluson E6
Patient01616_Plane6_1_of_1.png,FETAL_PLANES_DB,not head,Fetal thorax,,1616,train,Voluson E6
Patient01617_Plane3_1_of_2.png,FETAL_PLANES_DB,head,Fetal brain,Trans-thalamic,1617,train,Voluson E6
Patient01617_Plane3_2_of_2.png,FETAL_PLANES_DB,head,Fetal brain,Trans-thalamic,1617,train,Voluson E6
Patient01617_Plane4_1_of_3.png,FETAL_PLANES_DB,not head,Maternal cervix,,1617,train,Voluson E6
Patient01617_Plane4_2_of_3.png,FETAL_PLANES_DB,not head,Maternal cervix,,1617,train,Voluson E6
Patient01617_Plane4_3_of_3.png,FETAL_PLANES_DB,not head,Maternal cervix,,1617,train,Voluson E6
Patient01617_Plane1_1_of_1.png,FETAL_PLANES_DB,not head,Other,,1617,train,Voluson E6
Patient01618_Plane2_1_of_1.png,FETAL_PLANES_DB,not head,Fetal abdomen,,1618,train,Voluson E6
Patient01618_Plane3_1_of_4.png,FETAL_PLANES_DB,head,Fetal brain,Trans-thalamic,1618,train,Voluson E6
Patient01618_Plane3_2_of_4.png,FETAL_PLANES_DB,head,Fetal brain,Trans-ventricular,1618,train,Voluson E6
Patient01618_Plane3_3_of_4.png,FETAL_PLANES_DB,head,Fetal brain,Trans-ventricular,1618,train,Voluson E6
Patient01618_Plane3_4_of_4.png,FETAL_PLANES_DB,head,Fetal brain,Trans-ventricular,1618,train,Voluson E6
Patient01618_Plane4_1_of_1.png,FETAL_PLANES_DB,not head,Maternal cervix,,1618,train,Voluson E6
Patient01618_Plane1_1_of_1.png,FETAL_PLANES_DB,not head,Other,,1618,train,Voluson E6
Patient01618_Plane6_1_of_5.png,FETAL_PLANES_DB,not head,Fetal thorax,,1618,train,Voluson E6
Patient01618_Plane6_2_of_5.png,FETAL_PLANES_DB,not head,Fetal thorax,,1618,train,Voluson E6
Patient01618_Plane6_3_of_5.png,FETAL_PLANES_DB,not head,Fetal thorax,,1618,train,Voluson E6
Patient01618_Plane6_4_of_5.png,FETAL_PLANES_DB,not head,Fetal thorax,,1618,train,Voluson E6
Patient01618_Plane6_5_of_5.png,FETAL_PLANES_DB,not head,Fetal thorax,,1618,train,Voluson E6
Patient01619_Plane3_1_of_1.png,FETAL_PLANES_DB,head,Fetal brain,Other,1619,train,Voluson E6
Patient01619_Plane5_1_of_2.png,FETAL_PLANES_DB,not head,Fetal femur,,1619,train,Voluson E6
Patient01619_Plane5_2_of_2.png,FETAL_PLANES_DB,not head,Fetal femur,,1619,train,Voluson E6
Patient01619_Plane6_1_of_3.png,FETAL_PLANES_DB,not head,Fetal thorax,,1619,train,Voluson E6
Patient01619_Plane6_2_of_3.png,FETAL_PLANES_DB,not head,Fetal thorax,,1619,train,Voluson E6
Patient01619_Plane6_3_of_3.png,FETAL_PLANES_DB,not head,Fetal thorax,,1619,train,Voluson E6
Patient01620_Plane2_1_of_2.png,FETAL_PLANES_DB,not head,Fetal abdomen,,1620,train,Voluson E6
Patient01620_Plane2_2_of_2.png,FETAL_PLANES_DB,not head,Fetal abdomen,,1620,train,Voluson E6
Patient01620_Plane3_1_of_3.png,FETAL_PLANES_DB,head,Fetal brain,Trans-ventricular,1620,train,Voluson E6
Patient01620_Plane3_2_of_3.png,FETAL_PLANES_DB,head,Fetal brain,Trans-cerebellum,1620,train,Voluson E6
Patient01620_Plane3_3_of_3.png,FETAL_PLANES_DB,head,Fetal brain,Trans-cerebellum,1620,train,Voluson E6
Patient01620_Plane5_1_of_1.png,FETAL_PLANES_DB,not head,Fetal femur,,1620,train,Voluson E6
Patient01620_Plane1_1_of_1.png,FETAL_PLANES_DB,not head,Other,,1620,train,Voluson E6
Patient01620_Plane6_1_of_4.png,FETAL_PLANES_DB,not head,Fetal thorax,,1620,train,Voluson E6
Patient01620_Plane6_2_of_4.png,FETAL_PLANES_DB,not head,Fetal thorax,,1620,train,Voluson E6
Patient01620_Plane6_3_of_4.png,FETAL_PLANES_DB,not head,Fetal thorax,,1620,train,Voluson E6
Patient01620_Plane6_4_of_4.png,FETAL_PLANES_DB,not head,Fetal thorax,,1620,train,Voluson E6
Patient01621_Plane2_1_of_1.png,FETAL_PLANES_DB,not head,Fetal abdomen,,1621,train,Voluson E6
Patient01621_Plane3_1_of_3.png,FETAL_PLANES_DB,head,Fetal brain,Trans-thalamic,1621,train,Voluson E6
Patient01621_Plane3_2_of_3.png,FETAL_PLANES_DB,head,Fetal brain,Trans-cerebellum,1621,train,Voluson E6
Patient01621_Plane3_3_of_3.png,FETAL_PLANES_DB,head,Fetal brain,Trans-ventricular,1621,train,Voluson E6
Patient01621_Plane4_1_of_3.png,FETAL_PLANES_DB,not head,Maternal cervix,,1621,train,Voluson E6
Patient01621_Plane4_2_of_3.png,FETAL_PLANES_DB,not head,Maternal cervix,,1621,train,Voluson E6
Patient01621_Plane4_3_of_3.png,FETAL_PLANES_DB,not head,Maternal cervix,,1621,train,Voluson E6
Patient01621_Plane5_1_of_1.png,FETAL_PLANES_DB,not head,Fetal femur,,1621,train,Voluson E6
Patient01621_Plane6_1_of_1.png,FETAL_PLANES_DB,not head,Fetal thorax,,1621,train,Voluson E6
Patient01623_Plane2_1_of_1.png,FETAL_PLANES_DB,not head,Fetal abdomen,,1623,train,Voluson E6
Patient01623_Plane3_1_of_2.png,FETAL_PLANES_DB,head,Fetal brain,Trans-thalamic,1623,train,Voluson E6
Patient01623_Plane3_2_of_2.png,FETAL_PLANES_DB,head,Fetal brain,Trans-thalamic,1623,train,Voluson E6
Patient01623_Plane4_1_of_3.png,FETAL_PLANES_DB,not head,Maternal cervix,,1623,train,Voluson E6
Patient01623_Plane4_2_of_3.png,FETAL_PLANES_DB,not head,Maternal cervix,,1623,train,Voluson E6
Patient01623_Plane4_3_of_3.png,FETAL_PLANES_DB,not head,Maternal cervix,,1623,train,Voluson E6
Patient01623_Plane5_1_of_1.png,FETAL_PLANES_DB,not head,Fetal femur,,1623,train,Voluson E6
Patient01623_Plane1_1_of_1.png,FETAL_PLANES_DB,not head,Other,,1623,train,Voluson E6
Patient01623_Plane6_1_of_1.png,FETAL_PLANES_DB,not head,Fetal thorax,,1623,train,Voluson E6
Patient01625_Plane4_1_of_1.png,FETAL_PLANES_DB,not head,Maternal cervix,,1625,train,Voluson E6
Patient01625_Plane6_1_of_1.png,FETAL_PLANES_DB,not head,Fetal thorax,,1625,train,Voluson E6
Patient01628_Plane3_1_of_4.png,FETAL_PLANES_DB,head,Fetal brain,Trans-ventricular,1628,train,Voluson E6
Patient01628_Plane3_2_of_4.png,FETAL_PLANES_DB,head,Fetal brain,Trans-ventricular,1628,train,Voluson E6
Patient01628_Plane3_3_of_4.png,FETAL_PLANES_DB,head,Fetal brain,Trans-cerebellum,1628,train,Voluson E6
Patient01628_Plane3_4_of_4.png,FETAL_PLANES_DB,head,Fetal brain,Trans-thalamic,1628,train,Voluson E6
Patient01628_Plane4_1_of_3.png,FETAL_PLANES_DB,not head,Maternal cervix,,1628,train,Voluson E6
Patient01628_Plane4_2_of_3.png,FETAL_PLANES_DB,not head,Maternal cervix,,1628,train,Voluson E6
Patient01628_Plane4_3_of_3.png,FETAL_PLANES_DB,not head,Maternal cervix,,1628,train,Voluson E6
Patient01628_Plane1_1_of_1.png,FETAL_PLANES_DB,not head,Other,,1628,train,Voluson E6
Patient01629_Plane2_1_of_1.png,FETAL_PLANES_DB,not head,Fetal abdomen,,1629,train,Voluson E6
Patient01629_Plane3_1_of_2.png,FETAL_PLANES_DB,head,Fetal brain,Trans-thalamic,1629,train,Voluson E6
Patient01629_Plane3_2_of_2.png,FETAL_PLANES_DB,head,Fetal brain,Trans-thalamic,1629,train,Voluson E6
Patient01629_Plane5_1_of_1.png,FETAL_PLANES_DB,not head,Fetal femur,,1629,train,Voluson E6
Patient01631_Plane2_1_of_1.png,FETAL_PLANES_DB,not head,Fetal abdomen,,1631,train,Aloka
Patient01631_Plane3_1_of_2.png,FETAL_PLANES_DB,head,Fetal brain,Trans-ventricular,1631,train,Aloka
Patient01631_Plane3_2_of_2.png,FETAL_PLANES_DB,head,Fetal brain,Trans-thalamic,1631,train,Aloka
Patient01631_Plane5_1_of_1.png,FETAL_PLANES_DB,not head,Fetal femur,,1631,train,Aloka
Patient01631_Plane1_1_of_16.png,FETAL_PLANES_DB,not head,Other,,1631,train,Aloka
Patient01631_Plane6_1_of_1.png,FETAL_PLANES_DB,not head,Fetal thorax,,1631,train,Aloka
Patient01631_Plane1_2_of_16.png,FETAL_PLANES_DB,not head,Other,,1631,train,Aloka
Patient01631_Plane1_3_of_16.png,FETAL_PLANES_DB,not head,Other,,1631,train,Aloka
Patient01631_Plane1_4_of_16.png,FETAL_PLANES_DB,not head,Other,,1631,train,Aloka
Patient01631_Plane1_5_of_16.png,FETAL_PLANES_DB,not head,Other,,1631,train,Aloka
Patient01631_Plane1_6_of_16.png,FETAL_PLANES_DB,not head,Other,,1631,train,Aloka
Patient01631_Plane1_7_of_16.png,FETAL_PLANES_DB,not head,Other,,1631,train,Aloka
Patient01631_Plane1_8_of_16.png,FETAL_PLANES_DB,not head,Other,,1631,train,Aloka
Patient01631_Plane1_9_of_16.png,FETAL_PLANES_DB,not head,Other,,1631,train,Aloka
Patient01631_Plane1_10_of_16.png,FETAL_PLANES_DB,not head,Other,,1631,train,Aloka
Patient01631_Plane1_11_of_16.png,FETAL_PLANES_DB,not head,Other,,1631,train,Aloka
Patient01631_Plane1_12_of_16.png,FETAL_PLANES_DB,not head,Other,,1631,train,Aloka
Patient01631_Plane1_13_of_16.png,FETAL_PLANES_DB,not head,Other,,1631,train,Aloka
Patient01631_Plane1_14_of_16.png,FETAL_PLANES_DB,not head,Other,,1631,train,Aloka
Patient01631_Plane1_15_of_16.png,FETAL_PLANES_DB,not head,Other,,1631,train,Aloka
Patient01631_Plane1_16_of_16.png,FETAL_PLANES_DB,not head,Other,,1631,train,Aloka
Patient01632_Plane2_1_of_1.png,FETAL_PLANES_DB,not head,Fetal abdomen,,1632,train,Aloka
Patient01632_Plane3_1_of_2.png,FETAL_PLANES_DB,head,Fetal brain,Trans-ventricular,1632,train,Aloka
Patient01632_Plane3_2_of_2.png,FETAL_PLANES_DB,head,Fetal brain,Trans-thalamic,1632,train,Aloka
Patient01632_Plane5_1_of_1.png,FETAL_PLANES_DB,not head,Fetal femur,,1632,train,Aloka
Patient01632_Plane6_1_of_4.png,FETAL_PLANES_DB,not head,Fetal thorax,,1632,train,Aloka
Patient01632_Plane6_2_of_4.png,FETAL_PLANES_DB,not head,Fetal thorax,,1632,train,Aloka
Patient01632_Plane6_3_of_4.png,FETAL_PLANES_DB,not head,Fetal thorax,,1632,train,Aloka
Patient01632_Plane6_4_of_4.png,FETAL_PLANES_DB,not head,Fetal thorax,,1632,train,Aloka
Patient01632_Plane1_1_of_4.png,FETAL_PLANES_DB,not head,Other,,1632,train,Aloka
Patient01632_Plane1_2_of_4.png,FETAL_PLANES_DB,not head,Other,,1632,train,Aloka
Patient01632_Plane1_3_of_4.png,FETAL_PLANES_DB,not head,Other,,1632,train,Aloka
Patient01632_Plane1_4_of_4.png,FETAL_PLANES_DB,not head,Other,,1632,train,Aloka
Patient01635_Plane2_1_of_2.png,FETAL_PLANES_DB,not head,Fetal abdomen,,1635,train,Voluson E6
Patient01635_Plane2_2_of_2.png,FETAL_PLANES_DB,not head,Fetal abdomen,,1635,train,Voluson E6
Patient01635_Plane3_1_of_4.png,FETAL_PLANES_DB,head,Fetal brain,Other,1635,train,Voluson E6
Patient01635_Plane3_2_of_4.png,FETAL_PLANES_DB,head,Fetal brain,Trans-thalamic,1635,train,Voluson E6
Patient01635_Plane3_3_of_4.png,FETAL_PLANES_DB,head,Fetal brain,Trans-ventricular,1635,train,Voluson E6
Patient01635_Plane3_4_of_4.png,FETAL_PLANES_DB,head,Fetal brain,Trans-cerebellum,1635,train,Voluson E6
Patient01635_Plane4_1_of_3.png,FETAL_PLANES_DB,not head,Maternal cervix,,1635,train,Voluson E6
Patient01635_Plane4_2_of_3.png,FETAL_PLANES_DB,not head,Maternal cervix,,1635,train,Voluson E6
Patient01635_Plane4_3_of_3.png,FETAL_PLANES_DB,not head,Maternal cervix,,1635,train,Voluson E6
Patient01635_Plane5_1_of_2.png,FETAL_PLANES_DB,not head,Fetal femur,,1635,train,Voluson E6
Patient01635_Plane5_2_of_2.png,FETAL_PLANES_DB,not head,Fetal femur,,1635,train,Voluson E6
Patient01635_Plane1_1_of_1.png,FETAL_PLANES_DB,not head,Other,,1635,train,Voluson E6
Patient01635_Plane6_1_of_2.png,FETAL_PLANES_DB,not head,Fetal thorax,,1635,train,Voluson E6
Patient01635_Plane6_2_of_2.png,FETAL_PLANES_DB,not head,Fetal thorax,,1635,train,Voluson E6
Patient01636_Plane2_1_of_1.png,FETAL_PLANES_DB,not head,Fetal abdomen,,1636,train,Voluson E6
Patient01636_Plane3_1_of_2.png,FETAL_PLANES_DB,head,Fetal brain,Trans-ventricular,1636,train,Voluson E6
Patient01636_Plane3_2_of_2.png,FETAL_PLANES_DB,head,Fetal brain,Other,1636,train,Voluson E6
Patient01636_Plane5_1_of_1.png,FETAL_PLANES_DB,not head,Fetal femur,,1636,train,Voluson E6
Patient01636_Plane1_1_of_1.png,FETAL_PLANES_DB,not head,Other,,1636,train,Voluson E6
Patient01636_Plane6_1_of_3.png,FETAL_PLANES_DB,not head,Fetal thorax,,1636,train,Voluson E6
Patient01636_Plane6_2_of_3.png,FETAL_PLANES_DB,not head,Fetal thorax,,1636,train,Voluson E6
Patient01636_Plane6_3_of_3.png,FETAL_PLANES_DB,not head,Fetal thorax,,1636,train,Voluson E6
Patient01639_Plane6_1_of_1.png,FETAL_PLANES_DB,not head,Fetal thorax,,1639,train,Voluson E6
Patient01640_Plane3_1_of_3.png,FETAL_PLANES_DB,head,Fetal brain,Trans-thalamic,1640,train,Voluson E6
Patient01640_Plane3_2_of_3.png,FETAL_PLANES_DB,head,Fetal brain,Trans-cerebellum,1640,train,Voluson E6
Patient01640_Plane3_3_of_3.png,FETAL_PLANES_DB,head,Fetal brain,Trans-cerebellum,1640,train,Voluson E6
Patient01640_Plane5_1_of_1.png,FETAL_PLANES_DB,not head,Fetal femur,,1640,train,Voluson E6
Patient01640_Plane1_1_of_1.png,FETAL_PLANES_DB,not head,Other,,1640,train,Voluson E6
Patient01640_Plane6_1_of_2.png,FETAL_PLANES_DB,not head,Fetal thorax,,1640,train,Voluson E6
Patient01640_Plane6_2_of_2.png,FETAL_PLANES_DB,not head,Fetal thorax,,1640,train,Voluson E6
Patient01641_Plane2_1_of_1.png,FETAL_PLANES_DB,not head,Fetal abdomen,,1641,train,Voluson E6
Patient01641_Plane3_1_of_2.png,FETAL_PLANES_DB,head,Fetal brain,Trans-thalamic,1641,train,Voluson E6
Patient01641_Plane3_2_of_2.png,FETAL_PLANES_DB,head,Fetal brain,Trans-thalamic,1641,train,Voluson E6
Patient01641_Plane4_1_of_1.png,FETAL_PLANES_DB,not head,Maternal cervix,,1641,train,Voluson E6
Patient01641_Plane5_1_of_1.png,FETAL_PLANES_DB,not head,Fetal femur,,1641,train,Voluson E6
Patient01641_Plane1_1_of_1.png,FETAL_PLANES_DB,not head,Other,,1641,train,Voluson E6
Patient01642_Plane3_1_of_2.png,FETAL_PLANES_DB,head,Fetal brain,Trans-thalamic,1642,train,Voluson E6
Patient01642_Plane3_2_of_2.png,FETAL_PLANES_DB,head,Fetal brain,Trans-thalamic,1642,train,Voluson E6
Patient01642_Plane6_1_of_1.png,FETAL_PLANES_DB,not head,Fetal thorax,,1642,train,Voluson E6
Patient01643_Plane2_1_of_1.png,FETAL_PLANES_DB,not head,Fetal abdomen,,1643,train,Voluson E6
Patient01643_Plane3_1_of_1.png,FETAL_PLANES_DB,head,Fetal brain,Trans-ventricular,1643,train,Voluson E6
Patient01643_Plane5_1_of_1.png,FETAL_PLANES_DB,not head,Fetal femur,,1643,train,Voluson E6
Patient01643_Plane1_1_of_1.png,FETAL_PLANES_DB,not head,Other,,1643,train,Voluson E6
Patient01644_Plane2_1_of_1.png,FETAL_PLANES_DB,not head,Fetal abdomen,,1644,train,Voluson E6
Patient01644_Plane3_1_of_3.png,FETAL_PLANES_DB,head,Fetal brain,Trans-cerebellum,1644,train,Voluson E6
Patient01644_Plane3_2_of_3.png,FETAL_PLANES_DB,head,Fetal brain,Trans-thalamic,1644,train,Voluson E6
Patient01644_Plane3_3_of_3.png,FETAL_PLANES_DB,head,Fetal brain,Trans-thalamic,1644,train,Voluson E6
Patient01644_Plane4_1_of_5.png,FETAL_PLANES_DB,not head,Maternal cervix,,1644,train,Voluson E6
Patient01644_Plane4_2_of_5.png,FETAL_PLANES_DB,not head,Maternal cervix,,1644,train,Voluson E6
Patient01644_Plane4_3_of_5.png,FETAL_PLANES_DB,not head,Maternal cervix,,1644,train,Voluson E6
Patient01644_Plane4_4_of_5.png,FETAL_PLANES_DB,not head,Maternal cervix,,1644,train,Voluson E6
Patient01644_Plane4_5_of_5.png,FETAL_PLANES_DB,not head,Maternal cervix,,1644,train,Voluson E6
Patient01644_Plane5_1_of_2.png,FETAL_PLANES_DB,not head,Fetal femur,,1644,train,Voluson E6
Patient01644_Plane5_2_of_2.png,FETAL_PLANES_DB,not head,Fetal femur,,1644,train,Voluson E6
Patient01645_Plane3_1_of_2.png,FETAL_PLANES_DB,head,Fetal brain,Trans-thalamic,1645,train,Voluson E6
Patient01645_Plane3_2_of_2.png,FETAL_PLANES_DB,head,Fetal brain,Trans-thalamic,1645,train,Voluson E6
Patient01645_Plane6_1_of_4.png,FETAL_PLANES_DB,not head,Fetal thorax,,1645,train,Voluson E6
Patient01645_Plane6_2_of_4.png,FETAL_PLANES_DB,not head,Fetal thorax,,1645,train,Voluson E6
Patient01645_Plane6_3_of_4.png,FETAL_PLANES_DB,not head,Fetal thorax,,1645,train,Voluson E6
Patient01645_Plane6_4_of_4.png,FETAL_PLANES_DB,not head,Fetal thorax,,1645,train,Voluson E6
Patient01647_Plane2_1_of_2.png,FETAL_PLANES_DB,not head,Fetal abdomen,,1647,train,Voluson E6
Patient01647_Plane2_2_of_2.png,FETAL_PLANES_DB,not head,Fetal abdomen,,1647,train,Voluson E6
Patient01647_Plane3_1_of_9.png,FETAL_PLANES_DB,head,Fetal brain,Trans-ventricular,1647,train,Voluson E6
Patient01647_Plane3_2_of_9.png,FETAL_PLANES_DB,head,Fetal brain,Trans-thalamic,1647,train,Voluson E6
Patient01647_Plane3_3_of_9.png,FETAL_PLANES_DB,head,Fetal brain,Trans-cerebellum,1647,train,Voluson E6
Patient01647_Plane3_4_of_9.png,FETAL_PLANES_DB,head,Fetal brain,Other,1647,train,Voluson E6
Patient01647_Plane3_5_of_9.png,FETAL_PLANES_DB,head,Fetal brain,Trans-thalamic,1647,train,Voluson E6
Patient01647_Plane3_6_of_9.png,FETAL_PLANES_DB,head,Fetal brain,Trans-ventricular,1647,train,Voluson E6
Patient01647_Plane3_7_of_9.png,FETAL_PLANES_DB,head,Fetal brain,Trans-thalamic,1647,train,Voluson E6
Patient01647_Plane3_8_of_9.png,FETAL_PLANES_DB,head,Fetal brain,Trans-cerebellum,1647,train,Voluson E6
Patient01647_Plane3_9_of_9.png,FETAL_PLANES_DB,head,Fetal brain,Trans-thalamic,1647,train,Voluson E6
Patient01647_Plane4_1_of_5.png,FETAL_PLANES_DB,not head,Maternal cervix,,1647,train,Voluson E6
Patient01647_Plane4_2_of_5.png,FETAL_PLANES_DB,not head,Maternal cervix,,1647,train,Voluson E6
Patient01647_Plane4_3_of_5.png,FETAL_PLANES_DB,not head,Maternal cervix,,1647,train,Voluson E6
Patient01647_Plane4_4_of_5.png,FETAL_PLANES_DB,not head,Maternal cervix,,1647,train,Voluson E6
Patient01647_Plane4_5_of_5.png,FETAL_PLANES_DB,not head,Maternal cervix,,1647,train,Voluson E6
Patient01647_Plane5_1_of_4.png,FETAL_PLANES_DB,not head,Fetal femur,,1647,train,Voluson E6
Patient01647_Plane5_2_of_4.png,FETAL_PLANES_DB,not head,Fetal femur,,1647,train,Voluson E6
Patient01647_Plane5_3_of_4.png,FETAL_PLANES_DB,not head,Fetal femur,,1647,train,Voluson E6
Patient01647_Plane5_4_of_4.png,FETAL_PLANES_DB,not head,Fetal femur,,1647,train,Voluson E6
Patient01647_Plane1_1_of_1.png,FETAL_PLANES_DB,not head,Other,,1647,train,Voluson E6
Patient01647_Plane6_1_of_4.png,FETAL_PLANES_DB,not head,Fetal thorax,,1647,train,Voluson E6
Patient01647_Plane6_2_of_4.png,FETAL_PLANES_DB,not head,Fetal thorax,,1647,train,Voluson E6
Patient01647_Plane6_3_of_4.png,FETAL_PLANES_DB,not head,Fetal thorax,,1647,train,Voluson E6
Patient01647_Plane6_4_of_4.png,FETAL_PLANES_DB,not head,Fetal thorax,,1647,train,Voluson E6
Patient01648_Plane2_1_of_1.png,FETAL_PLANES_DB,not head,Fetal abdomen,,1648,train,Voluson E6
Patient01648_Plane3_1_of_6.png,FETAL_PLANES_DB,head,Fetal brain,Trans-cerebellum,1648,train,Voluson E6
Patient01648_Plane3_2_of_6.png,FETAL_PLANES_DB,head,Fetal brain,Trans-thalamic,1648,train,Voluson E6
Patient01648_Plane3_3_of_6.png,FETAL_PLANES_DB,head,Fetal brain,Trans-thalamic,1648,train,Voluson E6
Patient01648_Plane3_4_of_6.png,FETAL_PLANES_DB,head,Fetal brain,Trans-cerebellum,1648,train,Voluson E6
Patient01648_Plane3_5_of_6.png,FETAL_PLANES_DB,head,Fetal brain,Trans-ventricular,1648,train,Voluson E6
Patient01648_Plane3_6_of_6.png,FETAL_PLANES_DB,head,Fetal brain,Trans-thalamic,1648,train,Voluson E6
Patient01648_Plane5_1_of_5.png,FETAL_PLANES_DB,not head,Fetal femur,,1648,train,Voluson E6
Patient01648_Plane5_2_of_5.png,FETAL_PLANES_DB,not head,Fetal femur,,1648,train,Voluson E6
Patient01648_Plane5_3_of_5.png,FETAL_PLANES_DB,not head,Fetal femur,,1648,train,Voluson E6
Patient01648_Plane5_4_of_5.png,FETAL_PLANES_DB,not head,Fetal femur,,1648,train,Voluson E6
Patient01648_Plane5_5_of_5.png,FETAL_PLANES_DB,not head,Fetal femur,,1648,train,Voluson E6
Patient01648_Plane1_1_of_1.png,FETAL_PLANES_DB,not head,Other,,1648,train,Voluson E6
Patient01648_Plane6_1_of_2.png,FETAL_PLANES_DB,not head,Fetal thorax,,1648,train,Voluson E6
Patient01648_Plane6_2_of_2.png,FETAL_PLANES_DB,not head,Fetal thorax,,1648,train,Voluson E6
Patient01649_Plane3_1_of_5.png,FETAL_PLANES_DB,head,Fetal brain,Trans-thalamic,1649,train,Voluson E6
Patient01649_Plane3_2_of_5.png,FETAL_PLANES_DB,head,Fetal brain,Trans-thalamic,1649,train,Voluson E6
Patient01649_Plane3_3_of_5.png,FETAL_PLANES_DB,head,Fetal brain,Trans-thalamic,1649,train,Voluson E6
Patient01649_Plane3_4_of_5.png,FETAL_PLANES_DB,head,Fetal brain,Trans-cerebellum,1649,train,Voluson E6
Patient01649_Plane3_5_of_5.png,FETAL_PLANES_DB,head,Fetal brain,Trans-thalamic,1649,train,Voluson E6
Patient01649_Plane5_1_of_2.png,FETAL_PLANES_DB,not head,Fetal femur,,1649,train,Voluson E6
Patient01649_Plane5_2_of_2.png,FETAL_PLANES_DB,not head,Fetal femur,,1649,train,Voluson E6
Patient01652_Plane2_1_of_2.png,FETAL_PLANES_DB,not head,Fetal abdomen,,1652,train,Voluson E6
Patient01652_Plane2_2_of_2.png,FETAL_PLANES_DB,not head,Fetal abdomen,,1652,train,Voluson E6
Patient01652_Plane3_1_of_2.png,FETAL_PLANES_DB,head,Fetal brain,Trans-ventricular,1652,train,Voluson E6
Patient01652_Plane3_2_of_2.png,FETAL_PLANES_DB,head,Fetal brain,Trans-cerebellum,1652,train,Voluson E6
Patient01652_Plane5_1_of_1.png,FETAL_PLANES_DB,not head,Fetal femur,,1652,train,Voluson E6
Patient01652_Plane6_1_of_1.png,FETAL_PLANES_DB,not head,Fetal thorax,,1652,train,Voluson E6
Patient01653_Plane2_1_of_1.png,FETAL_PLANES_DB,not head,Fetal abdomen,,1653,train,Voluson E6
Patient01653_Plane3_1_of_11.png,FETAL_PLANES_DB,head,Fetal brain,Trans-cerebellum,1653,train,Voluson E6
Patient01653_Plane3_2_of_11.png,FETAL_PLANES_DB,head,Fetal brain,Trans-cerebellum,1653,train,Voluson E6
Patient01653_Plane3_3_of_11.png,FETAL_PLANES_DB,head,Fetal brain,Trans-ventricular,1653,train,Voluson E6
Patient01653_Plane3_4_of_11.png,FETAL_PLANES_DB,head,Fetal brain,Trans-cerebellum,1653,train,Voluson E6
Patient01653_Plane3_5_of_11.png,FETAL_PLANES_DB,head,Fetal brain,Trans-thalamic,1653,train,Voluson E6
Patient01653_Plane3_6_of_11.png,FETAL_PLANES_DB,head,Fetal brain,Trans-cerebellum,1653,train,Voluson E6
Patient01653_Plane3_7_of_11.png,FETAL_PLANES_DB,head,Fetal brain,Trans-ventricular,1653,train,Voluson E6
Patient01653_Plane3_8_of_11.png,FETAL_PLANES_DB,head,Fetal brain,Trans-thalamic,1653,train,Voluson E6
Patient01653_Plane3_9_of_11.png,FETAL_PLANES_DB,head,Fetal brain,Trans-cerebellum,1653,train,Voluson E6
Patient01653_Plane3_10_of_11.png,FETAL_PLANES_DB,head,Fetal brain,Trans-thalamic,1653,train,Voluson E6
Patient01653_Plane3_11_of_11.png,FETAL_PLANES_DB,head,Fetal brain,Trans-thalamic,1653,train,Voluson E6
Patient01653_Plane4_1_of_6.png,FETAL_PLANES_DB,not head,Maternal cervix,,1653,train,Voluson E6
Patient01653_Plane4_2_of_6.png,FETAL_PLANES_DB,not head,Maternal cervix,,1653,train,Voluson E6
Patient01653_Plane4_3_of_6.png,FETAL_PLANES_DB,not head,Maternal cervix,,1653,train,Voluson E6
Patient01653_Plane4_4_of_6.png,FETAL_PLANES_DB,not head,Maternal cervix,,1653,train,Voluson E6
Patient01653_Plane4_5_of_6.png,FETAL_PLANES_DB,not head,Maternal cervix,,1653,train,Voluson E6
Patient01653_Plane4_6_of_6.png,FETAL_PLANES_DB,not head,Maternal cervix,,1653,train,Voluson E6
Patient01653_Plane5_1_of_3.png,FETAL_PLANES_DB,not head,Fetal femur,,1653,train,Voluson E6
Patient01653_Plane5_2_of_3.png,FETAL_PLANES_DB,not head,Fetal femur,,1653,train,Voluson E6
Patient01653_Plane5_3_of_3.png,FETAL_PLANES_DB,not head,Fetal femur,,1653,train,Voluson E6
Patient01653_Plane1_1_of_1.png,FETAL_PLANES_DB,not head,Other,,1653,train,Voluson E6
Patient01663_Plane3_1_of_5.png,FETAL_PLANES_DB,head,Fetal brain,Trans-thalamic,1663,train,Voluson E6
Patient01663_Plane3_2_of_5.png,FETAL_PLANES_DB,head,Fetal brain,Trans-ventricular,1663,train,Voluson E6
Patient01663_Plane3_3_of_5.png,FETAL_PLANES_DB,head,Fetal brain,Trans-ventricular,1663,train,Voluson E6
Patient01663_Plane3_4_of_5.png,FETAL_PLANES_DB,head,Fetal brain,Trans-ventricular,1663,train,Voluson E6
Patient01663_Plane3_5_of_5.png,FETAL_PLANES_DB,head,Fetal brain,Trans-thalamic,1663,train,Voluson E6
Patient01663_Plane5_1_of_2.png,FETAL_PLANES_DB,not head,Fetal femur,,1663,train,Voluson E6
Patient01663_Plane5_2_of_2.png,FETAL_PLANES_DB,not head,Fetal femur,,1663,train,Voluson E6
Patient01663_Plane1_1_of_1.png,FETAL_PLANES_DB,not head,Other,,1663,train,Voluson E6
Patient01663_Plane6_1_of_4.png,FETAL_PLANES_DB,not head,Fetal thorax,,1663,train,Voluson E6
Patient01663_Plane6_2_of_4.png,FETAL_PLANES_DB,not head,Fetal thorax,,1663,train,Voluson E6
Patient01663_Plane6_3_of_4.png,FETAL_PLANES_DB,not head,Fetal thorax,,1663,train,Voluson E6
Patient01663_Plane6_4_of_4.png,FETAL_PLANES_DB,not head,Fetal thorax,,1663,train,Voluson E6
Patient01664_Plane3_1_of_1.png,FETAL_PLANES_DB,head,Fetal brain,Trans-thalamic,1664,train,Voluson E6
Patient01664_Plane6_1_of_1.png,FETAL_PLANES_DB,not head,Fetal thorax,,1664,train,Voluson E6
Patient01665_Plane2_1_of_1.png,FETAL_PLANES_DB,not head,Fetal abdomen,,1665,train,Voluson E6
Patient01665_Plane3_1_of_3.png,FETAL_PLANES_DB,head,Fetal brain,Trans-thalamic,1665,train,Voluson E6
Patient01665_Plane3_2_of_3.png,FETAL_PLANES_DB,head,Fetal brain,Trans-cerebellum,1665,train,Voluson E6
Patient01665_Plane3_3_of_3.png,FETAL_PLANES_DB,head,Fetal brain,Trans-thalamic,1665,train,Voluson E6
Patient01667_Plane3_1_of_3.png,FETAL_PLANES_DB,head,Fetal brain,Trans-ventricular,1667,train,Voluson E6
Patient01667_Plane3_2_of_3.png,FETAL_PLANES_DB,head,Fetal brain,Trans-cerebellum,1667,train,Voluson E6
Patient01667_Plane3_3_of_3.png,FETAL_PLANES_DB,head,Fetal brain,Trans-ventricular,1667,train,Voluson E6
Patient01668_Plane2_1_of_1.png,FETAL_PLANES_DB,not head,Fetal abdomen,,1668,train,Voluson E6
Patient01668_Plane3_1_of_3.png,FETAL_PLANES_DB,head,Fetal brain,Trans-thalamic,1668,train,Voluson E6
Patient01668_Plane3_2_of_3.png,FETAL_PLANES_DB,head,Fetal brain,Trans-cerebellum,1668,train,Voluson E6
Patient01668_Plane3_3_of_3.png,FETAL_PLANES_DB,head,Fetal brain,Trans-thalamic,1668,train,Voluson E6
Patient01668_Plane4_1_of_7.png,FETAL_PLANES_DB,not head,Maternal cervix,,1668,train,Voluson E6
Patient01668_Plane4_2_of_7.png,FETAL_PLANES_DB,not head,Maternal cervix,,1668,train,Voluson E6
Patient01668_Plane4_3_of_7.png,FETAL_PLANES_DB,not head,Maternal cervix,,1668,train,Voluson E6
Patient01668_Plane4_4_of_7.png,FETAL_PLANES_DB,not head,Maternal cervix,,1668,train,Voluson E6
Patient01668_Plane4_5_of_7.png,FETAL_PLANES_DB,not head,Maternal cervix,,1668,train,Voluson E6
Patient01668_Plane4_6_of_7.png,FETAL_PLANES_DB,not head,Maternal cervix,,1668,train,Voluson E6
Patient01668_Plane4_7_of_7.png,FETAL_PLANES_DB,not head,Maternal cervix,,1668,train,Voluson E6
Patient01668_Plane5_1_of_1.png,FETAL_PLANES_DB,not head,Fetal femur,,1668,train,Voluson E6
Patient01668_Plane1_1_of_1.png,FETAL_PLANES_DB,not head,Other,,1668,train,Voluson E6
Patient01668_Plane6_1_of_2.png,FETAL_PLANES_DB,not head,Fetal thorax,,1668,train,Voluson E6
Patient01668_Plane6_2_of_2.png,FETAL_PLANES_DB,not head,Fetal thorax,,1668,train,Voluson E6
Patient01670_Plane2_1_of_6.png,FETAL_PLANES_DB,not head,Fetal abdomen,,1670,train,Voluson E6
Patient01670_Plane2_2_of_6.png,FETAL_PLANES_DB,not head,Fetal abdomen,,1670,train,Voluson E6
Patient01670_Plane2_3_of_6.png,FETAL_PLANES_DB,not head,Fetal abdomen,,1670,train,Voluson E6
Patient01670_Plane2_4_of_6.png,FETAL_PLANES_DB,not head,Fetal abdomen,,1670,train,Voluson E6
Patient01670_Plane2_5_of_6.png,FETAL_PLANES_DB,not head,Fetal abdomen,,1670,train,Voluson E6
Patient01670_Plane2_6_of_6.png,FETAL_PLANES_DB,not head,Fetal abdomen,,1670,train,Voluson E6
Patient01670_Plane3_1_of_7.png,FETAL_PLANES_DB,head,Fetal brain,Trans-thalamic,1670,train,Voluson E6
Patient01670_Plane3_2_of_7.png,FETAL_PLANES_DB,head,Fetal brain,Trans-cerebellum,1670,train,Voluson E6
Patient01670_Plane3_3_of_7.png,FETAL_PLANES_DB,head,Fetal brain,Trans-thalamic,1670,train,Voluson E6
Patient01670_Plane3_4_of_7.png,FETAL_PLANES_DB,head,Fetal brain,Trans-thalamic,1670,train,Voluson E6
Patient01670_Plane3_5_of_7.png,FETAL_PLANES_DB,head,Fetal brain,Trans-thalamic,1670,train,Voluson E6
Patient01670_Plane3_6_of_7.png,FETAL_PLANES_DB,head,Fetal brain,Trans-cerebellum,1670,train,Voluson E6
Patient01670_Plane3_7_of_7.png,FETAL_PLANES_DB,head,Fetal brain,Other,1670,train,Voluson E6
Patient01670_Plane1_1_of_1.png,FETAL_PLANES_DB,not head,Other,,1670,train,Voluson E6
Patient01670_Plane6_1_of_2.png,FETAL_PLANES_DB,not head,Fetal thorax,,1670,train,Voluson E6
Patient01670_Plane6_2_of_2.png,FETAL_PLANES_DB,not head,Fetal thorax,,1670,train,Voluson E6
Patient01671_Plane2_1_of_1.png,FETAL_PLANES_DB,not head,Fetal abdomen,,1671,train,Aloka
Patient01671_Plane3_1_of_3.png,FETAL_PLANES_DB,head,Fetal brain,Trans-thalamic,1671,train,Aloka
Patient01671_Plane3_2_of_3.png,FETAL_PLANES_DB,head,Fetal brain,Other,1671,train,Aloka
Patient01671_Plane3_3_of_3.png,FETAL_PLANES_DB,head,Fetal brain,Trans-cerebellum,1671,train,Aloka
Patient01671_Plane4_1_of_2.png,FETAL_PLANES_DB,not head,Maternal cervix,,1671,train,Aloka
Patient01671_Plane4_2_of_2.png,FETAL_PLANES_DB,not head,Maternal cervix,,1671,train,Aloka
Patient01671_Plane5_1_of_1.png,FETAL_PLANES_DB,not head,Fetal femur,,1671,train,Aloka
Patient01671_Plane1_1_of_3.png,FETAL_PLANES_DB,not head,Other,,1671,train,Aloka
Patient01671_Plane1_2_of_3.png,FETAL_PLANES_DB,not head,Other,,1671,train,Aloka
Patient01671_Plane1_3_of_3.png,FETAL_PLANES_DB,not head,Other,,1671,train,Aloka
Patient01674_Plane6_1_of_1.png,FETAL_PLANES_DB,not head,Fetal thorax,,1674,train,Aloka
Patient01675_Plane2_1_of_1.png,FETAL_PLANES_DB,not head,Fetal abdomen,,1675,train,Aloka
Patient01675_Plane3_1_of_2.png,FETAL_PLANES_DB,head,Fetal brain,Trans-thalamic,1675,train,Aloka
Patient01675_Plane3_2_of_2.png,FETAL_PLANES_DB,head,Fetal brain,Trans-cerebellum,1675,train,Aloka
Patient01675_Plane5_1_of_1.png,FETAL_PLANES_DB,not head,Fetal femur,,1675,train,Aloka
Patient01675_Plane1_1_of_4.png,FETAL_PLANES_DB,not head,Other,,1675,train,Aloka
Patient01675_Plane1_2_of_4.png,FETAL_PLANES_DB,not head,Other,,1675,train,Aloka
Patient01675_Plane1_3_of_4.png,FETAL_PLANES_DB,not head,Other,,1675,train,Aloka
Patient01675_Plane1_4_of_4.png,FETAL_PLANES_DB,not head,Other,,1675,train,Aloka
Patient01676_Plane2_1_of_3.png,FETAL_PLANES_DB,not head,Fetal abdomen,,1676,train,Voluson S10
Patient01676_Plane2_2_of_3.png,FETAL_PLANES_DB,not head,Fetal abdomen,,1676,train,Voluson S10
Patient01676_Plane2_3_of_3.png,FETAL_PLANES_DB,not head,Fetal abdomen,,1676,train,Voluson S10
Patient01676_Plane3_1_of_3.png,FETAL_PLANES_DB,head,Fetal brain,Trans-thalamic,1676,train,Voluson S10
Patient01676_Plane3_2_of_3.png,FETAL_PLANES_DB,head,Fetal brain,Trans-cerebellum,1676,train,Voluson S10
Patient01676_Plane3_3_of_3.png,FETAL_PLANES_DB,head,Fetal brain,Trans-thalamic,1676,train,Voluson S10
Patient01676_Plane5_1_of_1.png,FETAL_PLANES_DB,not head,Fetal femur,,1676,train,Voluson S10
Patient01676_Plane1_1_of_14.png,FETAL_PLANES_DB,not head,Other,,1676,train,Voluson S10
Patient01676_Plane1_2_of_14.png,FETAL_PLANES_DB,not head,Other,,1676,train,Voluson S10
Patient01676_Plane1_3_of_14.png,FETAL_PLANES_DB,not head,Other,,1676,train,Voluson S10
Patient01676_Plane1_4_of_14.png,FETAL_PLANES_DB,not head,Other,,1676,train,Voluson S10
Patient01676_Plane1_5_of_14.png,FETAL_PLANES_DB,not head,Other,,1676,train,Voluson S10
Patient01676_Plane1_6_of_14.png,FETAL_PLANES_DB,not head,Other,,1676,train,Voluson S10
Patient01676_Plane1_7_of_14.png,FETAL_PLANES_DB,not head,Other,,1676,train,Voluson S10
Patient01676_Plane1_8_of_14.png,FETAL_PLANES_DB,not head,Other,,1676,train,Voluson S10
Patient01676_Plane1_9_of_14.png,FETAL_PLANES_DB,not head,Other,,1676,train,Voluson S10
Patient01676_Plane1_10_of_14.png,FETAL_PLANES_DB,not head,Other,,1676,train,Voluson S10
Patient01676_Plane1_11_of_14.png,FETAL_PLANES_DB,not head,Other,,1676,train,Voluson S10
Patient01676_Plane1_12_of_14.png,FETAL_PLANES_DB,not head,Other,,1676,train,Voluson S10
Patient01676_Plane1_13_of_14.png,FETAL_PLANES_DB,not head,Other,,1676,train,Voluson S10
Patient01676_Plane1_14_of_14.png,FETAL_PLANES_DB,not head,Other,,1676,train,Voluson S10
Patient01677_Plane2_1_of_1.png,FETAL_PLANES_DB,not head,Fetal abdomen,,1677,train,Voluson S10
Patient01677_Plane3_1_of_3.png,FETAL_PLANES_DB,head,Fetal brain,Trans-cerebellum,1677,train,Voluson S10
Patient01677_Plane3_2_of_3.png,FETAL_PLANES_DB,head,Fetal brain,Trans-ventricular,1677,train,Voluson S10
Patient01677_Plane3_3_of_3.png,FETAL_PLANES_DB,head,Fetal brain,Trans-ventricular,1677,train,Voluson S10
Patient01677_Plane5_1_of_1.png,FETAL_PLANES_DB,not head,Fetal femur,,1677,train,Voluson S10
Patient01677_Plane1_1_of_9.png,FETAL_PLANES_DB,not head,Other,,1677,train,Voluson S10
Patient01677_Plane6_1_of_1.png,FETAL_PLANES_DB,not head,Fetal thorax,,1677,train,Voluson S10
Patient01677_Plane1_2_of_9.png,FETAL_PLANES_DB,not head,Other,,1677,train,Voluson S10
Patient01677_Plane1_3_of_9.png,FETAL_PLANES_DB,not head,Other,,1677,train,Voluson S10
Patient01677_Plane1_4_of_9.png,FETAL_PLANES_DB,not head,Other,,1677,train,Voluson S10
Patient01677_Plane1_5_of_9.png,FETAL_PLANES_DB,not head,Other,,1677,train,Voluson S10
Patient01677_Plane1_6_of_9.png,FETAL_PLANES_DB,not head,Other,,1677,train,Voluson S10
Patient01677_Plane1_7_of_9.png,FETAL_PLANES_DB,not head,Other,,1677,train,Voluson S10
Patient01677_Plane1_8_of_9.png,FETAL_PLANES_DB,not head,Other,,1677,train,Voluson S10
Patient01677_Plane1_9_of_9.png,FETAL_PLANES_DB,not head,Other,,1677,train,Voluson S10
Patient01680_Plane3_1_of_8.png,FETAL_PLANES_DB,head,Fetal brain,Trans-ventricular,1680,train,Voluson E6
Patient01680_Plane3_2_of_8.png,FETAL_PLANES_DB,head,Fetal brain,Trans-cerebellum,1680,train,Voluson E6
Patient01680_Plane3_3_of_8.png,FETAL_PLANES_DB,head,Fetal brain,Trans-thalamic,1680,train,Voluson E6
Patient01680_Plane3_4_of_8.png,FETAL_PLANES_DB,head,Fetal brain,Trans-thalamic,1680,train,Voluson E6
Patient01680_Plane3_5_of_8.png,FETAL_PLANES_DB,head,Fetal brain,Trans-cerebellum,1680,train,Voluson E6
Patient01680_Plane3_6_of_8.png,FETAL_PLANES_DB,head,Fetal brain,Trans-ventricular,1680,train,Voluson E6
Patient01680_Plane3_7_of_8.png,FETAL_PLANES_DB,head,Fetal brain,Trans-thalamic,1680,train,Voluson E6
Patient01680_Plane3_8_of_8.png,FETAL_PLANES_DB,head,Fetal brain,Trans-thalamic,1680,train,Voluson E6
Patient01680_Plane4_1_of_1.png,FETAL_PLANES_DB,not head,Maternal cervix,,1680,train,Voluson E6
Patient01680_Plane5_1_of_1.png,FETAL_PLANES_DB,not head,Fetal femur,,1680,train,Voluson E6
Patient01680_Plane1_1_of_1.png,FETAL_PLANES_DB,not head,Other,,1680,train,Voluson E6
Patient01680_Plane6_1_of_1.png,FETAL_PLANES_DB,not head,Fetal thorax,,1680,train,Voluson E6
Patient01681_Plane3_1_of_5.png,FETAL_PLANES_DB,head,Fetal brain,Trans-ventricular,1681,train,Voluson E6
Patient01681_Plane3_2_of_5.png,FETAL_PLANES_DB,head,Fetal brain,Trans-ventricular,1681,train,Voluson E6
Patient01681_Plane3_3_of_5.png,FETAL_PLANES_DB,head,Fetal brain,Trans-ventricular,1681,train,Voluson E6
Patient01681_Plane3_4_of_5.png,FETAL_PLANES_DB,head,Fetal brain,Trans-thalamic,1681,train,Voluson E6
Patient01681_Plane3_5_of_5.png,FETAL_PLANES_DB,head,Fetal brain,Trans-ventricular,1681,train,Voluson E6
Patient01681_Plane5_1_of_2.png,FETAL_PLANES_DB,not head,Fetal femur,,1681,train,Voluson E6
Patient01681_Plane5_2_of_2.png,FETAL_PLANES_DB,not head,Fetal femur,,1681,train,Voluson E6
Patient01681_Plane1_1_of_1.png,FETAL_PLANES_DB,not head,Other,,1681,train,Voluson E6
Patient01682_Plane3_1_of_6.png,FETAL_PLANES_DB,head,Fetal brain,Trans-thalamic,1682,train,Voluson E6
Patient01682_Plane3_2_of_6.png,FETAL_PLANES_DB,head,Fetal brain,Trans-thalamic,1682,train,Voluson E6
Patient01682_Plane3_3_of_6.png,FETAL_PLANES_DB,head,Fetal brain,Trans-thalamic,1682,train,Voluson E6
Patient01682_Plane3_4_of_6.png,FETAL_PLANES_DB,head,Fetal brain,Trans-thalamic,1682,train,Voluson E6
Patient01682_Plane3_5_of_6.png,FETAL_PLANES_DB,head,Fetal brain,Trans-thalamic,1682,train,Voluson E6
Patient01682_Plane3_6_of_6.png,FETAL_PLANES_DB,head,Fetal brain,Trans-thalamic,1682,train,Voluson E6
Patient01682_Plane5_1_of_2.png,FETAL_PLANES_DB,not head,Fetal femur,,1682,train,Voluson E6
Patient01682_Plane5_2_of_2.png,FETAL_PLANES_DB,not head,Fetal femur,,1682,train,Voluson E6
Patient01684_Plane3_1_of_1.png,FETAL_PLANES_DB,head,Fetal brain,Trans-thalamic,1684,train,Voluson E6
Patient01684_Plane5_1_of_1.png,FETAL_PLANES_DB,not head,Fetal femur,,1684,train,Voluson E6
Patient01686_Plane2_1_of_1.png,FETAL_PLANES_DB,not head,Fetal abdomen,,1686,train,Voluson E6
Patient01686_Plane3_1_of_2.png,FETAL_PLANES_DB,head,Fetal brain,Trans-thalamic,1686,train,Voluson E6
Patient01686_Plane3_2_of_2.png,FETAL_PLANES_DB,head,Fetal brain,Trans-thalamic,1686,train,Voluson E6
Patient01686_Plane4_1_of_2.png,FETAL_PLANES_DB,not head,Maternal cervix,,1686,train,Voluson E6
Patient01686_Plane4_2_of_2.png,FETAL_PLANES_DB,not head,Maternal cervix,,1686,train,Voluson E6
Patient01686_Plane5_1_of_1.png,FETAL_PLANES_DB,not head,Fetal femur,,1686,train,Voluson E6
Patient01686_Plane1_1_of_1.png,FETAL_PLANES_DB,not head,Other,,1686,train,Voluson E6
Patient01686_Plane6_1_of_1.png,FETAL_PLANES_DB,not head,Fetal thorax,,1686,train,Voluson E6
Patient01687_Plane3_1_of_1.png,FETAL_PLANES_DB,head,Fetal brain,Trans-ventricular,1687,train,Voluson E6
Patient01687_Plane5_1_of_1.png,FETAL_PLANES_DB,not head,Fetal femur,,1687,train,Voluson E6
Patient01687_Plane6_1_of_1.png,FETAL_PLANES_DB,not head,Fetal thorax,,1687,train,Voluson E6
Patient01691_Plane2_1_of_1.png,FETAL_PLANES_DB,not head,Fetal abdomen,,1691,train,Voluson S10
Patient01691_Plane3_1_of_3.png,FETAL_PLANES_DB,head,Fetal brain,Trans-thalamic,1691,train,Voluson S10
Patient01691_Plane3_2_of_3.png,FETAL_PLANES_DB,head,Fetal brain,Trans-thalamic,1691,train,Voluson S10
Patient01691_Plane3_3_of_3.png,FETAL_PLANES_DB,head,Fetal brain,Trans-thalamic,1691,train,Voluson S10
Patient01691_Plane5_1_of_1.png,FETAL_PLANES_DB,not head,Fetal femur,,1691,train,Voluson S10
Patient01692_Plane2_1_of_1.png,FETAL_PLANES_DB,not head,Fetal abdomen,,1692,train,Voluson S10
Patient01692_Plane3_1_of_4.png,FETAL_PLANES_DB,head,Fetal brain,Trans-thalamic,1692,train,Voluson S10
Patient01692_Plane3_2_of_4.png,FETAL_PLANES_DB,head,Fetal brain,Trans-cerebellum,1692,train,Voluson S10
Patient01692_Plane3_3_of_4.png,FETAL_PLANES_DB,head,Fetal brain,Other,1692,train,Voluson S10
Patient01692_Plane3_4_of_4.png,FETAL_PLANES_DB,head,Fetal brain,Trans-ventricular,1692,train,Voluson S10
Patient01692_Plane4_1_of_2.png,FETAL_PLANES_DB,not head,Maternal cervix,,1692,train,Voluson S10
Patient01692_Plane4_2_of_2.png,FETAL_PLANES_DB,not head,Maternal cervix,,1692,train,Voluson S10
Patient01692_Plane6_1_of_1.png,FETAL_PLANES_DB,not head,Fetal thorax,,1692,train,Voluson S10
Patient01696_Plane2_1_of_1.png,FETAL_PLANES_DB,not head,Fetal abdomen,,1696,train,Aloka
Patient01696_Plane3_1_of_3.png,FETAL_PLANES_DB,head,Fetal brain,Trans-ventricular,1696,train,Aloka
Patient01696_Plane3_2_of_3.png,FETAL_PLANES_DB,head,Fetal brain,Trans-thalamic,1696,train,Aloka
Patient01696_Plane3_3_of_3.png,FETAL_PLANES_DB,head,Fetal brain,Trans-ventricular,1696,train,Aloka
Patient01696_Plane5_1_of_1.png,FETAL_PLANES_DB,not head,Fetal femur,,1696,train,Aloka
Patient01696_Plane6_1_of_3.png,FETAL_PLANES_DB,not head,Fetal thorax,,1696,train,Aloka
Patient01696_Plane6_2_of_3.png,FETAL_PLANES_DB,not head,Fetal thorax,,1696,train,Aloka
Patient01696_Plane6_3_of_3.png,FETAL_PLANES_DB,not head,Fetal thorax,,1696,train,Aloka
Patient01698_Plane2_1_of_1.png,FETAL_PLANES_DB,not head,Fetal abdomen,,1698,train,Voluson S10
Patient01698_Plane3_1_of_4.png,FETAL_PLANES_DB,head,Fetal brain,Trans-cerebellum,1698,train,Voluson S10
Patient01698_Plane3_2_of_4.png,FETAL_PLANES_DB,head,Fetal brain,Trans-ventricular,1698,train,Voluson S10
Patient01698_Plane3_3_of_4.png,FETAL_PLANES_DB,head,Fetal brain,Trans-ventricular,1698,train,Voluson S10
Patient01698_Plane3_4_of_4.png,FETAL_PLANES_DB,head,Fetal brain,Trans-cerebellum,1698,train,Voluson S10
Patient01698_Plane4_1_of_2.png,FETAL_PLANES_DB,not head,Maternal cervix,,1698,train,Voluson S10
Patient01698_Plane4_2_of_2.png,FETAL_PLANES_DB,not head,Maternal cervix,,1698,train,Voluson S10
Patient01698_Plane1_1_of_1.png,FETAL_PLANES_DB,not head,Other,,1698,train,Voluson S10
Patient01698_Plane6_1_of_3.png,FETAL_PLANES_DB,not head,Fetal thorax,,1698,train,Voluson S10
Patient01698_Plane6_2_of_3.png,FETAL_PLANES_DB,not head,Fetal thorax,,1698,train,Voluson S10
Patient01698_Plane6_3_of_3.png,FETAL_PLANES_DB,not head,Fetal thorax,,1698,train,Voluson S10
Patient01700_Plane3_1_of_1.png,FETAL_PLANES_DB,head,Fetal brain,Trans-cerebellum,1700,train,Voluson E6
Patient01700_Plane5_1_of_1.png,FETAL_PLANES_DB,not head,Fetal femur,,1700,train,Voluson E6
Patient01701_Plane2_1_of_1.png,FETAL_PLANES_DB,not head,Fetal abdomen,,1701,train,Voluson E6
Patient01701_Plane3_1_of_3.png,FETAL_PLANES_DB,head,Fetal brain,Trans-thalamic,1701,train,Voluson E6
Patient01701_Plane3_2_of_3.png,FETAL_PLANES_DB,head,Fetal brain,Trans-cerebellum,1701,train,Voluson E6
Patient01701_Plane3_3_of_3.png,FETAL_PLANES_DB,head,Fetal brain,Trans-thalamic,1701,train,Voluson E6
Patient01701_Plane6_1_of_1.png,FETAL_PLANES_DB,not head,Fetal thorax,,1701,train,Voluson E6
Patient01703_Plane3_1_of_3.png,FETAL_PLANES_DB,head,Fetal brain,Trans-ventricular,1703,train,Voluson E6
Patient01703_Plane3_2_of_3.png,FETAL_PLANES_DB,head,Fetal brain,Trans-cerebellum,1703,train,Voluson E6
Patient01703_Plane3_3_of_3.png,FETAL_PLANES_DB,head,Fetal brain,Trans-thalamic,1703,train,Voluson E6
Patient01704_Plane2_1_of_1.png,FETAL_PLANES_DB,not head,Fetal abdomen,,1704,train,Voluson E6
Patient01704_Plane3_1_of_2.png,FETAL_PLANES_DB,head,Fetal brain,Trans-thalamic,1704,train,Voluson E6
Patient01704_Plane3_2_of_2.png,FETAL_PLANES_DB,head,Fetal brain,Trans-cerebellum,1704,train,Voluson E6
Patient01704_Plane5_1_of_2.png,FETAL_PLANES_DB,not head,Fetal femur,,1704,train,Voluson E6
Patient01704_Plane5_2_of_2.png,FETAL_PLANES_DB,not head,Fetal femur,,1704,train,Voluson E6
Patient01704_Plane1_1_of_1.png,FETAL_PLANES_DB,not head,Other,,1704,train,Voluson E6
Patient01705_Plane3_1_of_3.png,FETAL_PLANES_DB,head,Fetal brain,Trans-ventricular,1705,train,Voluson E6
Patient01705_Plane3_2_of_3.png,FETAL_PLANES_DB,head,Fetal brain,Trans-thalamic,1705,train,Voluson E6
Patient01705_Plane3_3_of_3.png,FETAL_PLANES_DB,head,Fetal brain,Trans-ventricular,1705,train,Voluson E6
Patient01705_Plane5_1_of_1.png,FETAL_PLANES_DB,not head,Fetal femur,,1705,train,Voluson E6
Patient01705_Plane6_1_of_2.png,FETAL_PLANES_DB,not head,Fetal thorax,,1705,train,Voluson E6
Patient01705_Plane6_2_of_2.png,FETAL_PLANES_DB,not head,Fetal thorax,,1705,train,Voluson E6
Patient01706_Plane2_1_of_1.png,FETAL_PLANES_DB,not head,Fetal abdomen,,1706,train,Voluson E6
Patient01706_Plane3_1_of_4.png,FETAL_PLANES_DB,head,Fetal brain,Trans-ventricular,1706,train,Voluson E6
Patient01706_Plane3_2_of_4.png,FETAL_PLANES_DB,head,Fetal brain,Trans-ventricular,1706,train,Voluson E6
Patient01706_Plane3_3_of_4.png,FETAL_PLANES_DB,head,Fetal brain,Trans-cerebellum,1706,train,Voluson E6
Patient01706_Plane3_4_of_4.png,FETAL_PLANES_DB,head,Fetal brain,Trans-ventricular,1706,train,Voluson E6
Patient01706_Plane1_1_of_1.png,FETAL_PLANES_DB,not head,Other,,1706,train,Voluson E6
Patient01708_Plane2_1_of_2.png,FETAL_PLANES_DB,not head,Fetal abdomen,,1708,train,Voluson E6
Patient01708_Plane2_2_of_2.png,FETAL_PLANES_DB,not head,Fetal abdomen,,1708,train,Voluson E6
Patient01708_Plane3_1_of_2.png,FETAL_PLANES_DB,head,Fetal brain,Trans-cerebellum,1708,train,Voluson E6
Patient01708_Plane3_2_of_2.png,FETAL_PLANES_DB,head,Fetal brain,Trans-thalamic,1708,train,Voluson E6
Patient01708_Plane5_1_of_1.png,FETAL_PLANES_DB,not head,Fetal femur,,1708,train,Voluson E6
Patient01708_Plane1_1_of_1.png,FETAL_PLANES_DB,not head,Other,,1708,train,Voluson E6
Patient01712_Plane2_1_of_2.png,FETAL_PLANES_DB,not head,Fetal abdomen,,1712,train,Voluson S10
Patient01712_Plane2_2_of_2.png,FETAL_PLANES_DB,not head,Fetal abdomen,,1712,train,Voluson S10
Patient01712_Plane3_1_of_5.png,FETAL_PLANES_DB,head,Fetal brain,Trans-ventricular,1712,train,Voluson S10
Patient01712_Plane3_2_of_5.png,FETAL_PLANES_DB,head,Fetal brain,Trans-ventricular,1712,train,Voluson S10
Patient01712_Plane3_3_of_5.png,FETAL_PLANES_DB,head,Fetal brain,Other,1712,train,Voluson S10
Patient01712_Plane3_4_of_5.png,FETAL_PLANES_DB,head,Fetal brain,Trans-thalamic,1712,train,Voluson S10
Patient01712_Plane3_5_of_5.png,FETAL_PLANES_DB,head,Fetal brain,Trans-cerebellum,1712,train,Voluson S10
Patient01712_Plane4_1_of_1.png,FETAL_PLANES_DB,not head,Maternal cervix,,1712,train,Voluson S10
Patient01712_Plane5_1_of_1.png,FETAL_PLANES_DB,not head,Fetal femur,,1712,train,Voluson S10
Patient01712_Plane6_1_of_1.png,FETAL_PLANES_DB,not head,Fetal thorax,,1712,train,Voluson S10
Patient01713_Plane3_1_of_3.png,FETAL_PLANES_DB,head,Fetal brain,Trans-cerebellum,1713,train,Voluson S10
Patient01713_Plane3_2_of_3.png,FETAL_PLANES_DB,head,Fetal brain,Trans-cerebellum,1713,train,Voluson S10
Patient01713_Plane3_3_of_3.png,FETAL_PLANES_DB,head,Fetal brain,Trans-ventricular,1713,train,Voluson S10
Patient01713_Plane5_1_of_1.png,FETAL_PLANES_DB,not head,Fetal femur,,1713,train,Voluson S10
Patient01713_Plane1_1_of_1.png,FETAL_PLANES_DB,not head,Other,,1713,train,Voluson S10
Patient01713_Plane6_1_of_1.png,FETAL_PLANES_DB,not head,Fetal thorax,,1713,train,Voluson S10
Patient01715_Plane2_1_of_1.png,FETAL_PLANES_DB,not head,Fetal abdomen,,1715,train,Aloka
Patient01715_Plane3_1_of_3.png,FETAL_PLANES_DB,head,Fetal brain,Trans-thalamic,1715,train,Aloka
Patient01715_Plane3_2_of_3.png,FETAL_PLANES_DB,head,Fetal brain,Trans-thalamic,1715,train,Aloka
Patient01715_Plane3_3_of_3.png,FETAL_PLANES_DB,head,Fetal brain,Trans-thalamic,1715,train,Aloka
Patient01715_Plane5_1_of_1.png,FETAL_PLANES_DB,not head,Fetal femur,,1715,train,Aloka
Patient01715_Plane1_1_of_1.png,FETAL_PLANES_DB,not head,Other,,1715,train,Aloka
Patient01715_Plane6_1_of_1.png,FETAL_PLANES_DB,not head,Fetal thorax,,1715,train,Aloka
Patient01716_Plane2_1_of_1.png,FETAL_PLANES_DB,not head,Fetal abdomen,,1716,train,Aloka
Patient01716_Plane3_1_of_3.png,FETAL_PLANES_DB,head,Fetal brain,Trans-thalamic,1716,train,Aloka
Patient01716_Plane3_2_of_3.png,FETAL_PLANES_DB,head,Fetal brain,Trans-ventricular,1716,train,Aloka
Patient01716_Plane3_3_of_3.png,FETAL_PLANES_DB,head,Fetal brain,Trans-ventricular,1716,train,Aloka
Patient01716_Plane5_1_of_1.png,FETAL_PLANES_DB,not head,Fetal femur,,1716,train,Aloka
Patient01716_Plane1_1_of_1.png,FETAL_PLANES_DB,not head,Other,,1716,train,Aloka
Patient01716_Plane6_1_of_1.png,FETAL_PLANES_DB,not head,Fetal thorax,,1716,train,Aloka
Patient01718_Plane2_1_of_1.png,FETAL_PLANES_DB,not head,Fetal abdomen,,1718,train,Voluson S10
Patient01718_Plane3_1_of_4.png,FETAL_PLANES_DB,head,Fetal brain,Trans-cerebellum,1718,train,Voluson S10
Patient01718_Plane3_2_of_4.png,FETAL_PLANES_DB,head,Fetal brain,Trans-thalamic,1718,train,Voluson S10
Patient01718_Plane3_3_of_4.png,FETAL_PLANES_DB,head,Fetal brain,Trans-ventricular,1718,train,Voluson S10
Patient01718_Plane3_4_of_4.png,FETAL_PLANES_DB,head,Fetal brain,Trans-ventricular,1718,train,Voluson S10
Patient01718_Plane4_1_of_2.png,FETAL_PLANES_DB,not head,Maternal cervix,,1718,train,Voluson S10
Patient01718_Plane4_2_of_2.png,FETAL_PLANES_DB,not head,Maternal cervix,,1718,train,Voluson S10
Patient01718_Plane5_1_of_1.png,FETAL_PLANES_DB,not head,Fetal femur,,1718,train,Voluson S10
Patient01718_Plane6_1_of_2.png,FETAL_PLANES_DB,not head,Fetal thorax,,1718,train,Voluson S10
Patient01718_Plane6_2_of_2.png,FETAL_PLANES_DB,not head,Fetal thorax,,1718,train,Voluson S10
Patient01719_Plane3_1_of_3.png,FETAL_PLANES_DB,head,Fetal brain,Other,1719,train,Voluson E6
Patient01719_Plane3_2_of_3.png,FETAL_PLANES_DB,head,Fetal brain,Trans-cerebellum,1719,train,Voluson E6
Patient01719_Plane3_3_of_3.png,FETAL_PLANES_DB,head,Fetal brain,Trans-thalamic,1719,train,Voluson E6
Patient01719_Plane5_1_of_2.png,FETAL_PLANES_DB,not head,Fetal femur,,1719,train,Voluson E6
Patient01719_Plane5_2_of_2.png,FETAL_PLANES_DB,not head,Fetal femur,,1719,train,Voluson E6
Patient01719_Plane1_1_of_1.png,FETAL_PLANES_DB,not head,Other,,1719,train,Voluson E6
Patient01720_Plane2_1_of_1.png,FETAL_PLANES_DB,not head,Fetal abdomen,,1720,train,Voluson E6
Patient01720_Plane3_1_of_1.png,FETAL_PLANES_DB,head,Fetal brain,Trans-ventricular,1720,train,Voluson E6
Patient01720_Plane4_1_of_1.png,FETAL_PLANES_DB,not head,Maternal cervix,,1720,train,Voluson E6
Patient01720_Plane5_1_of_1.png,FETAL_PLANES_DB,not head,Fetal femur,,1720,train,Voluson E6
Patient01720_Plane6_1_of_1.png,FETAL_PLANES_DB,not head,Fetal thorax,,1720,train,Voluson E6
Patient01722_Plane3_1_of_2.png,FETAL_PLANES_DB,head,Fetal brain,Trans-thalamic,1722,train,Voluson E6
Patient01722_Plane3_2_of_2.png,FETAL_PLANES_DB,head,Fetal brain,Trans-cerebellum,1722,train,Voluson E6
Patient01722_Plane4_1_of_3.png,FETAL_PLANES_DB,not head,Maternal cervix,,1722,train,Voluson E6
Patient01722_Plane4_2_of_3.png,FETAL_PLANES_DB,not head,Maternal cervix,,1722,train,Voluson E6
Patient01722_Plane4_3_of_3.png,FETAL_PLANES_DB,not head,Maternal cervix,,1722,train,Voluson E6
Patient01722_Plane5_1_of_1.png,FETAL_PLANES_DB,not head,Fetal femur,,1722,train,Voluson E6
Patient01722_Plane1_1_of_1.png,FETAL_PLANES_DB,not head,Other,,1722,train,Voluson E6
Patient01722_Plane6_1_of_1.png,FETAL_PLANES_DB,not head,Fetal thorax,,1722,train,Voluson E6
Patient01724_Plane3_1_of_3.png,FETAL_PLANES_DB,head,Fetal brain,Trans-ventricular,1724,train,Voluson E6
Patient01724_Plane3_2_of_3.png,FETAL_PLANES_DB,head,Fetal brain,Trans-thalamic,1724,train,Voluson E6
Patient01724_Plane3_3_of_3.png,FETAL_PLANES_DB,head,Fetal brain,Trans-ventricular,1724,train,Voluson E6
Patient01724_Plane6_1_of_1.png,FETAL_PLANES_DB,not head,Fetal thorax,,1724,train,Voluson E6
Patient01727_Plane2_1_of_1.png,FETAL_PLANES_DB,not head,Fetal abdomen,,1727,train,Aloka
Patient01727_Plane3_1_of_2.png,FETAL_PLANES_DB,head,Fetal brain,Trans-thalamic,1727,train,Aloka
Patient01727_Plane3_2_of_2.png,FETAL_PLANES_DB,head,Fetal brain,Trans-thalamic,1727,train,Aloka
Patient01727_Plane5_1_of_1.png,FETAL_PLANES_DB,not head,Fetal femur,,1727,train,Aloka
Patient01728_Plane2_1_of_1.png,FETAL_PLANES_DB,not head,Fetal abdomen,,1728,train,Aloka
Patient01728_Plane3_1_of_2.png,FETAL_PLANES_DB,head,Fetal brain,Trans-thalamic,1728,train,Aloka
Patient01728_Plane3_2_of_2.png,FETAL_PLANES_DB,head,Fetal brain,Trans-cerebellum,1728,train,Aloka
Patient01728_Plane5_1_of_1.png,FETAL_PLANES_DB,not head,Fetal femur,,1728,train,Aloka
Patient01729_Plane2_1_of_1.png,FETAL_PLANES_DB,not head,Fetal abdomen,,1729,train,Aloka
Patient01729_Plane3_1_of_3.png,FETAL_PLANES_DB,head,Fetal brain,Trans-thalamic,1729,train,Aloka
Patient01729_Plane3_2_of_3.png,FETAL_PLANES_DB,head,Fetal brain,Trans-thalamic,1729,train,Aloka
Patient01729_Plane3_3_of_3.png,FETAL_PLANES_DB,head,Fetal brain,Trans-thalamic,1729,train,Aloka
Patient01729_Plane5_1_of_1.png,FETAL_PLANES_DB,not head,Fetal femur,,1729,train,Aloka
Patient01729_Plane1_1_of_1.png,FETAL_PLANES_DB,not head,Other,,1729,train,Aloka
Patient01729_Plane6_1_of_1.png,FETAL_PLANES_DB,not head,Fetal thorax,,1729,train,Aloka
Patient01730_Plane2_1_of_1.png,FETAL_PLANES_DB,not head,Fetal abdomen,,1730,train,Voluson S10
Patient01730_Plane3_1_of_3.png,FETAL_PLANES_DB,head,Fetal brain,Trans-cerebellum,1730,train,Voluson S10
Patient01730_Plane3_2_of_3.png,FETAL_PLANES_DB,head,Fetal brain,Trans-ventricular,1730,train,Voluson S10
Patient01730_Plane3_3_of_3.png,FETAL_PLANES_DB,head,Fetal brain,Trans-ventricular,1730,train,Voluson S10
Patient01730_Plane1_1_of_1.png,FETAL_PLANES_DB,not head,Other,,1730,train,Voluson S10
Patient01731_Plane3_1_of_6.png,FETAL_PLANES_DB,head,Fetal brain,Trans-cerebellum,1731,train,Voluson E6
Patient01731_Plane3_2_of_6.png,FETAL_PLANES_DB,head,Fetal brain,Trans-thalamic,1731,train,Voluson E6
Patient01731_Plane3_3_of_6.png,FETAL_PLANES_DB,head,Fetal brain,Trans-thalamic,1731,train,Voluson E6
Patient01731_Plane3_4_of_6.png,FETAL_PLANES_DB,head,Fetal brain,Trans-cerebellum,1731,train,Voluson E6
Patient01731_Plane3_5_of_6.png,FETAL_PLANES_DB,head,Fetal brain,Trans-ventricular,1731,train,Voluson E6
Patient01731_Plane3_6_of_6.png,FETAL_PLANES_DB,head,Fetal brain,Trans-thalamic,1731,train,Voluson E6
Patient01731_Plane4_1_of_2.png,FETAL_PLANES_DB,not head,Maternal cervix,,1731,train,Voluson E6
Patient01731_Plane4_2_of_2.png,FETAL_PLANES_DB,not head,Maternal cervix,,1731,train,Voluson E6
Patient01731_Plane6_1_of_1.png,FETAL_PLANES_DB,not head,Fetal thorax,,1731,train,Voluson E6
Patient01733_Plane2_1_of_1.png,FETAL_PLANES_DB,not head,Fetal abdomen,,1733,train,Voluson E6
Patient01733_Plane3_1_of_4.png,FETAL_PLANES_DB,head,Fetal brain,Trans-ventricular,1733,train,Voluson E6
Patient01733_Plane3_2_of_4.png,FETAL_PLANES_DB,head,Fetal brain,Trans-thalamic,1733,train,Voluson E6
Patient01733_Plane3_3_of_4.png,FETAL_PLANES_DB,head,Fetal brain,Trans-ventricular,1733,train,Voluson E6
Patient01733_Plane3_4_of_4.png,FETAL_PLANES_DB,head,Fetal brain,Trans-thalamic,1733,train,Voluson E6
Patient01733_Plane1_1_of_1.png,FETAL_PLANES_DB,not head,Other,,1733,train,Voluson E6
Patient01733_Plane6_1_of_1.png,FETAL_PLANES_DB,not head,Fetal thorax,,1733,train,Voluson E6
Patient01735_Plane3_1_of_2.png,FETAL_PLANES_DB,head,Fetal brain,Trans-cerebellum,1735,train,Voluson E6
Patient01735_Plane3_2_of_2.png,FETAL_PLANES_DB,head,Fetal brain,Trans-thalamic,1735,train,Voluson E6
Patient01735_Plane6_1_of_1.png,FETAL_PLANES_DB,not head,Fetal thorax,,1735,train,Voluson E6
Patient01736_Plane2_1_of_1.png,FETAL_PLANES_DB,not head,Fetal abdomen,,1736,train,Voluson E6
Patient01736_Plane3_1_of_2.png,FETAL_PLANES_DB,head,Fetal brain,Trans-thalamic,1736,train,Voluson E6
Patient01736_Plane3_2_of_2.png,FETAL_PLANES_DB,head,Fetal brain,Trans-thalamic,1736,train,Voluson E6
Patient01736_Plane1_1_of_1.png,FETAL_PLANES_DB,not head,Other,,1736,train,Voluson E6
Patient01736_Plane6_1_of_2.png,FETAL_PLANES_DB,not head,Fetal thorax,,1736,train,Voluson E6
Patient01736_Plane6_2_of_2.png,FETAL_PLANES_DB,not head,Fetal thorax,,1736,train,Voluson E6
Patient01737_Plane3_1_of_1.png,FETAL_PLANES_DB,head,Fetal brain,Trans-cerebellum,1737,train,Voluson E6
Patient01737_Plane6_1_of_1.png,FETAL_PLANES_DB,not head,Fetal thorax,,1737,train,Voluson E6
Patient01738_Plane2_1_of_1.png,FETAL_PLANES_DB,not head,Fetal abdomen,,1738,train,Aloka
Patient01738_Plane3_1_of_2.png,FETAL_PLANES_DB,head,Fetal brain,Trans-thalamic,1738,train,Aloka
Patient01738_Plane3_2_of_2.png,FETAL_PLANES_DB,head,Fetal brain,Trans-thalamic,1738,train,Aloka
Patient01738_Plane5_1_of_1.png,FETAL_PLANES_DB,not head,Fetal femur,,1738,train,Aloka
Patient01738_Plane1_1_of_2.png,FETAL_PLANES_DB,not head,Other,,1738,train,Aloka
Patient01738_Plane1_2_of_2.png,FETAL_PLANES_DB,not head,Other,,1738,train,Aloka
Patient01739_Plane2_1_of_1.png,FETAL_PLANES_DB,not head,Fetal abdomen,,1739,train,Aloka
Patient01739_Plane3_1_of_3.png,FETAL_PLANES_DB,head,Fetal brain,Trans-thalamic,1739,train,Aloka
Patient01739_Plane3_2_of_3.png,FETAL_PLANES_DB,head,Fetal brain,Trans-thalamic,1739,train,Aloka
Patient01739_Plane3_3_of_3.png,FETAL_PLANES_DB,head,Fetal brain,Trans-cerebellum,1739,train,Aloka
Patient01739_Plane5_1_of_1.png,FETAL_PLANES_DB,not head,Fetal femur,,1739,train,Aloka
Patient01743_Plane3_1_of_1.png,FETAL_PLANES_DB,head,Fetal brain,Trans-thalamic,1743,train,Voluson E6
Patient01743_Plane5_1_of_3.png,FETAL_PLANES_DB,not head,Fetal femur,,1743,train,Voluson E6
Patient01743_Plane5_2_of_3.png,FETAL_PLANES_DB,not head,Fetal femur,,1743,train,Voluson E6
Patient01743_Plane5_3_of_3.png,FETAL_PLANES_DB,not head,Fetal femur,,1743,train,Voluson E6
Patient01743_Plane1_1_of_1.png,FETAL_PLANES_DB,not head,Other,,1743,train,Voluson E6
Patient01744_Plane4_1_of_1.png,FETAL_PLANES_DB,not head,Maternal cervix,,1744,train,Voluson E6
Patient01745_Plane2_1_of_1.png,FETAL_PLANES_DB,not head,Fetal abdomen,,1745,train,Voluson E6
Patient01745_Plane3_1_of_2.png,FETAL_PLANES_DB,head,Fetal brain,Trans-ventricular,1745,train,Voluson E6
Patient01745_Plane3_2_of_2.png,FETAL_PLANES_DB,head,Fetal brain,Trans-cerebellum,1745,train,Voluson E6
Patient01745_Plane4_1_of_2.png,FETAL_PLANES_DB,not head,Maternal cervix,,1745,train,Voluson E6
Patient01745_Plane4_2_of_2.png,FETAL_PLANES_DB,not head,Maternal cervix,,1745,train,Voluson E6
Patient01745_Plane5_1_of_1.png,FETAL_PLANES_DB,not head,Fetal femur,,1745,train,Voluson E6
Patient01749_Plane2_1_of_1.png,FETAL_PLANES_DB,not head,Fetal abdomen,,1749,train,Aloka
Patient01749_Plane3_1_of_2.png,FETAL_PLANES_DB,head,Fetal brain,Trans-thalamic,1749,train,Aloka
Patient01749_Plane3_2_of_2.png,FETAL_PLANES_DB,head,Fetal brain,Trans-thalamic,1749,train,Aloka
Patient01749_Plane5_1_of_1.png,FETAL_PLANES_DB,not head,Fetal femur,,1749,train,Aloka
Patient01749_Plane6_1_of_3.png,FETAL_PLANES_DB,not head,Fetal thorax,,1749,train,Aloka
Patient01749_Plane6_2_of_3.png,FETAL_PLANES_DB,not head,Fetal thorax,,1749,train,Aloka
Patient01749_Plane6_3_of_3.png,FETAL_PLANES_DB,not head,Fetal thorax,,1749,train,Aloka
Patient01750_Plane2_1_of_1.png,FETAL_PLANES_DB,not head,Fetal abdomen,,1750,train,Aloka
Patient01750_Plane3_1_of_3.png,FETAL_PLANES_DB,head,Fetal brain,Trans-thalamic,1750,train,Aloka
Patient01750_Plane3_2_of_3.png,FETAL_PLANES_DB,head,Fetal brain,Trans-cerebellum,1750,train,Aloka
Patient01750_Plane3_3_of_3.png,FETAL_PLANES_DB,head,Fetal brain,Trans-thalamic,1750,train,Aloka
Patient01750_Plane5_1_of_1.png,FETAL_PLANES_DB,not head,Fetal femur,,1750,train,Aloka
Patient01750_Plane6_1_of_2.png,FETAL_PLANES_DB,not head,Fetal thorax,,1750,train,Aloka
Patient01750_Plane6_2_of_2.png,FETAL_PLANES_DB,not head,Fetal thorax,,1750,train,Aloka
Patient01751_Plane2_1_of_1.png,FETAL_PLANES_DB,not head,Fetal abdomen,,1751,train,Aloka
Patient01751_Plane3_1_of_2.png,FETAL_PLANES_DB,head,Fetal brain,Trans-thalamic,1751,train,Aloka
Patient01751_Plane3_2_of_2.png,FETAL_PLANES_DB,head,Fetal brain,Trans-cerebellum,1751,train,Aloka
Patient01751_Plane1_1_of_1.png,FETAL_PLANES_DB,not head,Other,,1751,train,Aloka
Patient01751_Plane6_1_of_2.png,FETAL_PLANES_DB,not head,Fetal thorax,,1751,train,Aloka
Patient01751_Plane6_2_of_2.png,FETAL_PLANES_DB,not head,Fetal thorax,,1751,train,Aloka
Patient01752_Plane2_1_of_1.png,FETAL_PLANES_DB,not head,Fetal abdomen,,1752,train,Aloka
Patient01752_Plane3_1_of_4.png,FETAL_PLANES_DB,head,Fetal brain,Trans-thalamic,1752,train,Aloka
Patient01752_Plane3_2_of_4.png,FETAL_PLANES_DB,head,Fetal brain,Trans-ventricular,1752,train,Aloka
Patient01752_Plane3_3_of_4.png,FETAL_PLANES_DB,head,Fetal brain,Trans-cerebellum,1752,train,Aloka
Patient01752_Plane3_4_of_4.png,FETAL_PLANES_DB,head,Fetal brain,Trans-cerebellum,1752,train,Aloka
Patient01752_Plane5_1_of_2.png,FETAL_PLANES_DB,not head,Fetal femur,,1752,train,Aloka
Patient01752_Plane5_2_of_2.png,FETAL_PLANES_DB,not head,Fetal femur,,1752,train,Aloka
Patient01752_Plane1_1_of_1.png,FETAL_PLANES_DB,not head,Other,,1752,train,Aloka
Patient01752_Plane6_1_of_1.png,FETAL_PLANES_DB,not head,Fetal thorax,,1752,train,Aloka
Patient01753_Plane3_1_of_1.png,FETAL_PLANES_DB,head,Fetal brain,Trans-thalamic,1753,train,Voluson E6
Patient01755_Plane5_1_of_1.png,FETAL_PLANES_DB,not head,Fetal femur,,1755,train,Voluson E6
Patient01755_Plane1_1_of_1.png,FETAL_PLANES_DB,not head,Other,,1755,train,Voluson E6
Patient01757_Plane2_1_of_1.png,FETAL_PLANES_DB,not head,Fetal abdomen,,1757,train,Voluson E6
Patient01757_Plane3_1_of_1.png,FETAL_PLANES_DB,head,Fetal brain,Trans-thalamic,1757,train,Voluson E6
Patient01757_Plane4_1_of_1.png,FETAL_PLANES_DB,not head,Maternal cervix,,1757,train,Voluson E6
Patient01757_Plane5_1_of_1.png,FETAL_PLANES_DB,not head,Fetal femur,,1757,train,Voluson E6
Patient01757_Plane1_1_of_1.png,FETAL_PLANES_DB,not head,Other,,1757,train,Voluson E6
Patient01757_Plane6_1_of_1.png,FETAL_PLANES_DB,not head,Fetal thorax,,1757,train,Voluson E6
Patient01758_Plane2_1_of_1.png,FETAL_PLANES_DB,not head,Fetal abdomen,,1758,train,Voluson E6
Patient01758_Plane3_1_of_2.png,FETAL_PLANES_DB,head,Fetal brain,Trans-thalamic,1758,train,Voluson E6
Patient01758_Plane3_2_of_2.png,FETAL_PLANES_DB,head,Fetal brain,Trans-ventricular,1758,train,Voluson E6
Patient01758_Plane5_1_of_1.png,FETAL_PLANES_DB,not head,Fetal femur,,1758,train,Voluson E6
Patient01758_Plane1_1_of_1.png,FETAL_PLANES_DB,not head,Other,,1758,train,Voluson E6
Patient01760_Plane2_1_of_1.png,FETAL_PLANES_DB,not head,Fetal abdomen,,1760,train,Voluson S10
Patient01760_Plane3_1_of_4.png,FETAL_PLANES_DB,head,Fetal brain,Trans-thalamic,1760,train,Voluson S10
Patient01760_Plane3_2_of_4.png,FETAL_PLANES_DB,head,Fetal brain,Trans-thalamic,1760,train,Voluson S10
Patient01760_Plane3_3_of_4.png,FETAL_PLANES_DB,head,Fetal brain,Trans-thalamic,1760,train,Voluson S10
Patient01760_Plane3_4_of_4.png,FETAL_PLANES_DB,head,Fetal brain,Trans-thalamic,1760,train,Voluson S10
Patient01760_Plane5_1_of_1.png,FETAL_PLANES_DB,not head,Fetal femur,,1760,train,Voluson S10
Patient01760_Plane6_1_of_1.png,FETAL_PLANES_DB,not head,Fetal thorax,,1760,train,Voluson S10
Patient01761_Plane2_1_of_2.png,FETAL_PLANES_DB,not head,Fetal abdomen,,1761,train,Voluson S10
Patient01761_Plane2_2_of_2.png,FETAL_PLANES_DB,not head,Fetal abdomen,,1761,train,Voluson S10
Patient01761_Plane3_1_of_2.png,FETAL_PLANES_DB,head,Fetal brain,Trans-cerebellum,1761,train,Voluson S10
Patient01761_Plane3_2_of_2.png,FETAL_PLANES_DB,head,Fetal brain,Trans-ventricular,1761,train,Voluson S10
Patient01761_Plane4_1_of_1.png,FETAL_PLANES_DB,not head,Maternal cervix,,1761,train,Voluson S10
Patient01761_Plane5_1_of_2.png,FETAL_PLANES_DB,not head,Fetal femur,,1761,train,Voluson S10
Patient01761_Plane5_2_of_2.png,FETAL_PLANES_DB,not head,Fetal femur,,1761,train,Voluson S10
Patient01761_Plane1_1_of_1.png,FETAL_PLANES_DB,not head,Other,,1761,train,Voluson S10
Patient01761_Plane6_1_of_5.png,FETAL_PLANES_DB,not head,Fetal thorax,,1761,train,Voluson S10
Patient01761_Plane6_2_of_5.png,FETAL_PLANES_DB,not head,Fetal thorax,,1761,train,Voluson S10
Patient01761_Plane6_3_of_5.png,FETAL_PLANES_DB,not head,Fetal thorax,,1761,train,Voluson S10
Patient01761_Plane6_4_of_5.png,FETAL_PLANES_DB,not head,Fetal thorax,,1761,train,Voluson S10
Patient01761_Plane6_5_of_5.png,FETAL_PLANES_DB,not head,Fetal thorax,,1761,train,Voluson S10
Patient01764_Plane6_1_of_1.png,FETAL_PLANES_DB,not head,Fetal thorax,,1764,train,Aloka
Patient01765_Plane3_1_of_3.png,FETAL_PLANES_DB,head,Fetal brain,Trans-thalamic,1765,train,Aloka
Patient01765_Plane3_2_of_3.png,FETAL_PLANES_DB,head,Fetal brain,Trans-ventricular,1765,train,Aloka
Patient01765_Plane3_3_of_3.png,FETAL_PLANES_DB,head,Fetal brain,Other,1765,train,Aloka
Patient01765_Plane6_1_of_4.png,FETAL_PLANES_DB,not head,Fetal thorax,,1765,train,Aloka
Patient01765_Plane6_2_of_4.png,FETAL_PLANES_DB,not head,Fetal thorax,,1765,train,Aloka
Patient01765_Plane6_3_of_4.png,FETAL_PLANES_DB,not head,Fetal thorax,,1765,train,Aloka
Patient01765_Plane6_4_of_4.png,FETAL_PLANES_DB,not head,Fetal thorax,,1765,train,Aloka
Patient01767_Plane1_1_of_1.png,FETAL_PLANES_DB,not head,Other,,1767,train,Aloka
Patient01770_Plane2_1_of_1.png,FETAL_PLANES_DB,not head,Fetal abdomen,,1770,train,Voluson E6
Patient01770_Plane3_1_of_1.png,FETAL_PLANES_DB,head,Fetal brain,Trans-thalamic,1770,train,Voluson E6
Patient01770_Plane5_1_of_2.png,FETAL_PLANES_DB,not head,Fetal femur,,1770,train,Voluson E6
Patient01770_Plane5_2_of_2.png,FETAL_PLANES_DB,not head,Fetal femur,,1770,train,Voluson E6
Patient01770_Plane1_1_of_1.png,FETAL_PLANES_DB,not head,Other,,1770,train,Voluson E6
Patient01770_Plane6_1_of_4.png,FETAL_PLANES_DB,not head,Fetal thorax,,1770,train,Voluson E6
Patient01770_Plane6_2_of_4.png,FETAL_PLANES_DB,not head,Fetal thorax,,1770,train,Voluson E6
Patient01770_Plane6_3_of_4.png,FETAL_PLANES_DB,not head,Fetal thorax,,1770,train,Voluson E6
Patient01770_Plane6_4_of_4.png,FETAL_PLANES_DB,not head,Fetal thorax,,1770,train,Voluson E6
Patient01773_Plane2_1_of_1.png,FETAL_PLANES_DB,not head,Fetal abdomen,,1773,train,Voluson E6
Patient01773_Plane3_1_of_2.png,FETAL_PLANES_DB,head,Fetal brain,Trans-thalamic,1773,train,Voluson E6
Patient01773_Plane3_2_of_2.png,FETAL_PLANES_DB,head,Fetal brain,Trans-cerebellum,1773,train,Voluson E6
Patient01773_Plane5_1_of_1.png,FETAL_PLANES_DB,not head,Fetal femur,,1773,train,Voluson E6
Patient01773_Plane1_1_of_1.png,FETAL_PLANES_DB,not head,Other,,1773,train,Voluson E6
Patient01773_Plane6_1_of_5.png,FETAL_PLANES_DB,not head,Fetal thorax,,1773,train,Voluson E6
Patient01773_Plane6_2_of_5.png,FETAL_PLANES_DB,not head,Fetal thorax,,1773,train,Voluson E6
Patient01773_Plane6_3_of_5.png,FETAL_PLANES_DB,not head,Fetal thorax,,1773,train,Voluson E6
Patient01773_Plane6_4_of_5.png,FETAL_PLANES_DB,not head,Fetal thorax,,1773,train,Voluson E6
Patient01773_Plane6_5_of_5.png,FETAL_PLANES_DB,not head,Fetal thorax,,1773,train,Voluson E6
Patient01774_Plane3_1_of_2.png,FETAL_PLANES_DB,head,Fetal brain,Trans-thalamic,1774,train,Voluson E6
Patient01774_Plane3_2_of_2.png,FETAL_PLANES_DB,head,Fetal brain,Trans-thalamic,1774,train,Voluson E6
Patient01774_Plane5_1_of_2.png,FETAL_PLANES_DB,not head,Fetal femur,,1774,train,Voluson E6
Patient01774_Plane5_2_of_2.png,FETAL_PLANES_DB,not head,Fetal femur,,1774,train,Voluson E6
Patient01774_Plane1_1_of_1.png,FETAL_PLANES_DB,not head,Other,,1774,train,Voluson E6
Patient01774_Plane6_1_of_4.png,FETAL_PLANES_DB,not head,Fetal thorax,,1774,train,Voluson E6
Patient01774_Plane6_2_of_4.png,FETAL_PLANES_DB,not head,Fetal thorax,,1774,train,Voluson E6
Patient01774_Plane6_3_of_4.png,FETAL_PLANES_DB,not head,Fetal thorax,,1774,train,Voluson E6
Patient01774_Plane6_4_of_4.png,FETAL_PLANES_DB,not head,Fetal thorax,,1774,train,Voluson E6
Patient01775_Plane2_1_of_1.png,FETAL_PLANES_DB,not head,Fetal abdomen,,1775,train,Voluson E6
Patient01775_Plane5_1_of_1.png,FETAL_PLANES_DB,not head,Fetal femur,,1775,train,Voluson E6
Patient01775_Plane1_1_of_1.png,FETAL_PLANES_DB,not head,Other,,1775,train,Voluson E6
Patient01775_Plane6_1_of_5.png,FETAL_PLANES_DB,not head,Fetal thorax,,1775,train,Voluson E6
Patient01775_Plane6_2_of_5.png,FETAL_PLANES_DB,not head,Fetal thorax,,1775,train,Voluson E6
Patient01775_Plane6_3_of_5.png,FETAL_PLANES_DB,not head,Fetal thorax,,1775,train,Voluson E6
Patient01775_Plane6_4_of_5.png,FETAL_PLANES_DB,not head,Fetal thorax,,1775,train,Voluson E6
Patient01775_Plane6_5_of_5.png,FETAL_PLANES_DB,not head,Fetal thorax,,1775,train,Voluson E6
Patient01777_Plane2_1_of_1.png,FETAL_PLANES_DB,not head,Fetal abdomen,,1777,train,Voluson S10
Patient01777_Plane3_1_of_4.png,FETAL_PLANES_DB,head,Fetal brain,Trans-ventricular,1777,train,Voluson S10
Patient01777_Plane3_2_of_4.png,FETAL_PLANES_DB,head,Fetal brain,Trans-cerebellum,1777,train,Voluson S10
Patient01777_Plane3_3_of_4.png,FETAL_PLANES_DB,head,Fetal brain,Trans-ventricular,1777,train,Voluson S10
Patient01777_Plane3_4_of_4.png,FETAL_PLANES_DB,head,Fetal brain,Trans-ventricular,1777,train,Voluson S10
Patient01777_Plane5_1_of_1.png,FETAL_PLANES_DB,not head,Fetal femur,,1777,train,Voluson S10
Patient01777_Plane6_1_of_1.png,FETAL_PLANES_DB,not head,Fetal thorax,,1777,train,Voluson S10
Patient01778_Plane2_1_of_2.png,FETAL_PLANES_DB,not head,Fetal abdomen,,1778,train,Voluson S10
Patient01778_Plane2_2_of_2.png,FETAL_PLANES_DB,not head,Fetal abdomen,,1778,train,Voluson S10
Patient01778_Plane3_1_of_2.png,FETAL_PLANES_DB,head,Fetal brain,Trans-cerebellum,1778,train,Voluson S10
Patient01778_Plane3_2_of_2.png,FETAL_PLANES_DB,head,Fetal brain,Trans-ventricular,1778,train,Voluson S10
Patient01778_Plane5_1_of_1.png,FETAL_PLANES_DB,not head,Fetal femur,,1778,train,Voluson S10
Patient01778_Plane6_1_of_2.png,FETAL_PLANES_DB,not head,Fetal thorax,,1778,train,Voluson S10
Patient01778_Plane6_2_of_2.png,FETAL_PLANES_DB,not head,Fetal thorax,,1778,train,Voluson S10
Patient01781_Plane2_1_of_1.png,FETAL_PLANES_DB,not head,Fetal abdomen,,1781,train,Voluson E6
Patient01781_Plane3_1_of_2.png,FETAL_PLANES_DB,head,Fetal brain,Trans-thalamic,1781,train,Voluson E6
Patient01781_Plane3_2_of_2.png,FETAL_PLANES_DB,head,Fetal brain,Trans-thalamic,1781,train,Voluson E6
Patient01781_Plane6_1_of_4.png,FETAL_PLANES_DB,not head,Fetal thorax,,1781,train,Voluson E6
Patient01781_Plane6_2_of_4.png,FETAL_PLANES_DB,not head,Fetal thorax,,1781,train,Voluson E6
Patient01781_Plane6_3_of_4.png,FETAL_PLANES_DB,not head,Fetal thorax,,1781,train,Voluson E6
Patient01781_Plane6_4_of_4.png,FETAL_PLANES_DB,not head,Fetal thorax,,1781,train,Voluson E6
Patient01782_Plane3_1_of_2.png,FETAL_PLANES_DB,head,Fetal brain,Trans-ventricular,1782,train,Voluson E6
Patient01782_Plane3_2_of_2.png,FETAL_PLANES_DB,head,Fetal brain,Trans-cerebellum,1782,train,Voluson E6
Patient01782_Plane5_1_of_2.png,FETAL_PLANES_DB,not head,Fetal femur,,1782,train,Voluson E6
Patient01782_Plane5_2_of_2.png,FETAL_PLANES_DB,not head,Fetal femur,,1782,train,Voluson E6
Patient01782_Plane1_1_of_1.png,FETAL_PLANES_DB,not head,Other,,1782,train,Voluson E6
Patient01782_Plane6_1_of_6.png,FETAL_PLANES_DB,not head,Fetal thorax,,1782,train,Voluson E6
Patient01782_Plane6_2_of_6.png,FETAL_PLANES_DB,not head,Fetal thorax,,1782,train,Voluson E6
Patient01782_Plane6_3_of_6.png,FETAL_PLANES_DB,not head,Fetal thorax,,1782,train,Voluson E6
Patient01782_Plane6_4_of_6.png,FETAL_PLANES_DB,not head,Fetal thorax,,1782,train,Voluson E6
Patient01782_Plane6_5_of_6.png,FETAL_PLANES_DB,not head,Fetal thorax,,1782,train,Voluson E6
Patient01782_Plane6_6_of_6.png,FETAL_PLANES_DB,not head,Fetal thorax,,1782,train,Voluson E6
Patient01783_Plane1_1_of_1.png,FETAL_PLANES_DB,not head,Other,,1783,train,Voluson E6
Patient01783_Plane6_1_of_3.png,FETAL_PLANES_DB,not head,Fetal thorax,,1783,train,Voluson E6
Patient01783_Plane6_2_of_3.png,FETAL_PLANES_DB,not head,Fetal thorax,,1783,train,Voluson E6
Patient01783_Plane6_3_of_3.png,FETAL_PLANES_DB,not head,Fetal thorax,,1783,train,Voluson E6
Patient01784_Plane5_1_of_1.png,FETAL_PLANES_DB,not head,Fetal femur,,1784,train,Voluson E6
Patient01784_Plane1_1_of_1.png,FETAL_PLANES_DB,not head,Other,,1784,train,Voluson E6
Patient01784_Plane6_1_of_4.png,FETAL_PLANES_DB,not head,Fetal thorax,,1784,train,Voluson E6
Patient01784_Plane6_2_of_4.png,FETAL_PLANES_DB,not head,Fetal thorax,,1784,train,Voluson E6
Patient01784_Plane6_3_of_4.png,FETAL_PLANES_DB,not head,Fetal thorax,,1784,train,Voluson E6
Patient01784_Plane6_4_of_4.png,FETAL_PLANES_DB,not head,Fetal thorax,,1784,train,Voluson E6
Patient01787_Plane3_1_of_2.png,FETAL_PLANES_DB,head,Fetal brain,Trans-thalamic,1787,train,Voluson S10
Patient01787_Plane3_2_of_2.png,FETAL_PLANES_DB,head,Fetal brain,Trans-cerebellum,1787,train,Voluson S10
Patient01787_Plane5_1_of_1.png,FETAL_PLANES_DB,not head,Fetal femur,,1787,train,Voluson S10
Patient01787_Plane1_1_of_1.png,FETAL_PLANES_DB,not head,Other,,1787,train,Voluson S10
Patient01787_Plane6_1_of_2.png,FETAL_PLANES_DB,not head,Fetal thorax,,1787,train,Voluson S10
Patient01787_Plane6_2_of_2.png,FETAL_PLANES_DB,not head,Fetal thorax,,1787,train,Voluson S10
Patient01788_Plane2_1_of_1.png,FETAL_PLANES_DB,not head,Fetal abdomen,,1788,train,Voluson S10
Patient01788_Plane3_1_of_1.png,FETAL_PLANES_DB,head,Fetal brain,Trans-thalamic,1788,train,Voluson S10
Patient01788_Plane5_1_of_1.png,FETAL_PLANES_DB,not head,Fetal femur,,1788,train,Voluson S10
Patient01789_Plane2_1_of_2.png,FETAL_PLANES_DB,not head,Fetal abdomen,,1789,train,Voluson S10
Patient01789_Plane2_2_of_2.png,FETAL_PLANES_DB,not head,Fetal abdomen,,1789,train,Voluson S10
Patient01789_Plane3_1_of_3.png,FETAL_PLANES_DB,head,Fetal brain,Trans-thalamic,1789,train,Voluson S10
Patient01789_Plane3_2_of_3.png,FETAL_PLANES_DB,head,Fetal brain,Trans-cerebellum,1789,train,Voluson S10
Patient01789_Plane3_3_of_3.png,FETAL_PLANES_DB,head,Fetal brain,Trans-ventricular,1789,train,Voluson S10
Patient01789_Plane5_1_of_1.png,FETAL_PLANES_DB,not head,Fetal femur,,1789,train,Voluson S10
Patient01789_Plane6_1_of_1.png,FETAL_PLANES_DB,not head,Fetal thorax,,1789,train,Voluson S10
Patient01790_Plane2_1_of_1.png,FETAL_PLANES_DB,not head,Fetal abdomen,,1790,train,Voluson S10
Patient01790_Plane3_1_of_2.png,FETAL_PLANES_DB,head,Fetal brain,Trans-cerebellum,1790,train,Voluson S10
Patient01790_Plane3_2_of_2.png,FETAL_PLANES_DB,head,Fetal brain,Trans-thalamic,1790,train,Voluson S10
Patient01790_Plane1_1_of_1.png,FETAL_PLANES_DB,not head,Other,,1790,train,Voluson S10
Patient01791_Plane3_1_of_3.png,FETAL_PLANES_DB,head,Fetal brain,Trans-cerebellum,1791,train,Voluson S10
Patient01791_Plane3_2_of_3.png,FETAL_PLANES_DB,head,Fetal brain,Trans-thalamic,1791,train,Voluson S10
Patient01791_Plane3_3_of_3.png,FETAL_PLANES_DB,head,Fetal brain,Trans-thalamic,1791,train,Voluson S10
Patient01791_Plane5_1_of_1.png,FETAL_PLANES_DB,not head,Fetal femur,,1791,train,Voluson S10
004_HC.png,HC18,head,Fetal head (HC18 axial head-circumference plane),,g4,train,
005_HC.png,HC18,head,Fetal head (HC18 axial head-circumference plane),,g5,train,
006_HC.png,HC18,head,Fetal head (HC18 axial head-circumference plane),,g6,train,
007_HC.png,HC18,head,Fetal head (HC18 axial head-circumference plane),,g7,train,
008_HC.png,HC18,head,Fetal head (HC18 axial head-circumference plane),,g8,train,
009_HC.png,HC18,head,Fetal head (HC18 axial head-circumference plane),,g10,train,
010_2HC.png,HC18,head,Fetal head (HC18 axial head-circumference plane),,g10,train,
010_HC.png,HC18,head,Fetal head (HC18 axial head-circumference plane),,g10,train,
011_HC.png,HC18,head,Fetal head (HC18 axial head-circumference plane),,g12,train,
015_HC.png,HC18,head,Fetal head (HC18 axial head-circumference plane),,g20,train,
016_HC.png,HC18,head,Fetal head (HC18 axial head-circumference plane),,g20,train,
017_2HC.png,HC18,head,Fetal head (HC18 axial head-circumference plane),,g20,train,
017_HC.png,HC18,head,Fetal head (HC18 axial head-circumference plane),,g20,train,
025_HC.png,HC18,head,Fetal head (HC18 axial head-circumference plane),,g33,train,
026_2HC.png,HC18,head,Fetal head (HC18 axial head-circumference plane),,g33,train,
026_HC.png,HC18,head,Fetal head (HC18 axial head-circumference plane),,g33,train,
028_HC.png,HC18,head,Fetal head (HC18 axial head-circumference plane),,g36,train,
031_HC.png,HC18,head,Fetal head (HC18 axial head-circumference plane),,g42,train,
032_2HC.png,HC18,head,Fetal head (HC18 axial head-circumference plane),,g42,train,
032_HC.png,HC18,head,Fetal head (HC18 axial head-circumference plane),,g42,train,
033_2HC.png,HC18,head,Fetal head (HC18 axial head-circumference plane),,g42,train,
033_HC.png,HC18,head,Fetal head (HC18 axial head-circumference plane),,g42,train,
034_HC.png,HC18,head,Fetal head (HC18 axial head-circumference plane),,g44,train,
035_HC.png,HC18,head,Fetal head (HC18 axial head-circumference plane),,g45,train,
038_HC.png,HC18,head,Fetal head (HC18 axial head-circumference plane),,g48,train,
039_HC.png,HC18,head,Fetal head (HC18 axial head-circumference plane),,g49,train,
040_HC.png,HC18,head,Fetal head (HC18 axial head-circumference plane),,g50,train,
041_HC.png,HC18,head,Fetal head (HC18 axial head-circumference plane),,g51,train,
042_HC.png,HC18,head,Fetal head (HC18 axial head-circumference plane),,g52,train,
047_HC.png,HC18,head,Fetal head (HC18 axial head-circumference plane),,g57,train,
049_HC.png,HC18,head,Fetal head (HC18 axial head-circumference plane),,g60,train,
050_2HC.png,HC18,head,Fetal head (HC18 axial head-circumference plane),,g60,train,
050_HC.png,HC18,head,Fetal head (HC18 axial head-circumference plane),,g60,train,
051_HC.png,HC18,head,Fetal head (HC18 axial head-circumference plane),,g62,train,
054_HC.png,HC18,head,Fetal head (HC18 axial head-circumference plane),,g65,train,
055_HC.png,HC18,head,Fetal head (HC18 axial head-circumference plane),,g66,train,
057_HC.png,HC18,head,Fetal head (HC18 axial head-circumference plane),,g68,train,
058_HC.png,HC18,head,Fetal head (HC18 axial head-circumference plane),,g69,train,
059_HC.png,HC18,head,Fetal head (HC18 axial head-circumference plane),,g70,train,
067_HC.png,HC18,head,Fetal head (HC18 axial head-circumference plane),,g84,train,
068_2HC.png,HC18,head,Fetal head (HC18 axial head-circumference plane),,g84,train,
068_HC.png,HC18,head,Fetal head (HC18 axial head-circumference plane),,g84,train,
069_HC.png,HC18,head,Fetal head (HC18 axial head-circumference plane),,g86,train,
070_HC.png,HC18,head,Fetal head (HC18 axial head-circumference plane),,g87,train,
072_HC.png,HC18,head,Fetal head (HC18 axial head-circumference plane),,g89,train,
073_HC.png,HC18,head,Fetal head (HC18 axial head-circumference plane),,g90,train,
074_HC.png,HC18,head,Fetal head (HC18 axial head-circumference plane),,g91,train,
075_HC.png,HC18,head,Fetal head (HC18 axial head-circumference plane),,g92,train,
076_HC.png,HC18,head,Fetal head (HC18 axial head-circumference plane),,g93,train,
078_HC.png,HC18,head,Fetal head (HC18 axial head-circumference plane),,g95,train,
079_HC.png,HC18,head,Fetal head (HC18 axial head-circumference plane),,g96,train,
080_HC.png,HC18,head,Fetal head (HC18 axial head-circumference plane),,g97,train,
084_HC.png,HC18,head,Fetal head (HC18 axial head-circumference plane),,g103,train,
085_HC.png,HC18,head,Fetal head (HC18 axial head-circumference plane),,g104,train,
086_HC.png,HC18,head,Fetal head (HC18 axial head-circumference plane),,g105,train,
090_HC.png,HC18,head,Fetal head (HC18 axial head-circumference plane),,g110,train,
091_HC.png,HC18,head,Fetal head (HC18 axial head-circumference plane),,g111,train,
092_HC.png,HC18,head,Fetal head (HC18 axial head-circumference plane),,g113,train,
093_2HC.png,HC18,head,Fetal head (HC18 axial head-circumference plane),,g113,train,
093_HC.png,HC18,head,Fetal head (HC18 axial head-circumference plane),,g113,train,
095_HC.png,HC18,head,Fetal head (HC18 axial head-circumference plane),,g116,train,
098_HC.png,HC18,head,Fetal head (HC18 axial head-circumference plane),,g119,train,
099_HC.png,HC18,head,Fetal head (HC18 axial head-circumference plane),,g121,train,
100_2HC.png,HC18,head,Fetal head (HC18 axial head-circumference plane),,g121,train,
100_HC.png,HC18,head,Fetal head (HC18 axial head-circumference plane),,g121,train,
101_HC.png,HC18,head,Fetal head (HC18 axial head-circumference plane),,g124,train,
102_2HC.png,HC18,head,Fetal head (HC18 axial head-circumference plane),,g124,train,
102_HC.png,HC18,head,Fetal head (HC18 axial head-circumference plane),,g124,train,
103_HC.png,HC18,head,Fetal head (HC18 axial head-circumference plane),,g126,train,
105_HC.png,HC18,head,Fetal head (HC18 axial head-circumference plane),,g128,train,
109_HC.png,HC18,head,Fetal head (HC18 axial head-circumference plane),,g135,train,
110_HC.png,HC18,head,Fetal head (HC18 axial head-circumference plane),,g136,train,
111_HC.png,HC18,head,Fetal head (HC18 axial head-circumference plane),,g137,train,
113_HC.png,HC18,head,Fetal head (HC18 axial head-circumference plane),,g139,train,
115_HC.png,HC18,head,Fetal head (HC18 axial head-circumference plane),,g141,train,
116_HC.png,HC18,head,Fetal head (HC18 axial head-circumference plane),,g142,train,
117_HC.png,HC18,head,Fetal head (HC18 axial head-circumference plane),,g143,train,
118_HC.png,HC18,head,Fetal head (HC18 axial head-circumference plane),,g144,train,
120_HC.png,HC18,head,Fetal head (HC18 axial head-circumference plane),,g147,train,
121_2HC.png,HC18,head,Fetal head (HC18 axial head-circumference plane),,g147,train,
121_HC.png,HC18,head,Fetal head (HC18 axial head-circumference plane),,g147,train,
122_HC.png,HC18,head,Fetal head (HC18 axial head-circumference plane),,g149,train,
123_HC.png,HC18,head,Fetal head (HC18 axial head-circumference plane),,g156,train,
124_2HC.png,HC18,head,Fetal head (HC18 axial head-circumference plane),,g156,train,
124_HC.png,HC18,head,Fetal head (HC18 axial head-circumference plane),,g156,train,
125_2HC.png,HC18,head,Fetal head (HC18 axial head-circumference plane),,g156,train,
125_3HC.png,HC18,head,Fetal head (HC18 axial head-circumference plane),,g156,train,
125_HC.png,HC18,head,Fetal head (HC18 axial head-circumference plane),,g156,train,
126_2HC.png,HC18,head,Fetal head (HC18 axial head-circumference plane),,g156,train,
126_3HC.png,HC18,head,Fetal head (HC18 axial head-circumference plane),,g156,train,
126_HC.png,HC18,head,Fetal head (HC18 axial head-circumference plane),,g156,train,
127_HC.png,HC18,head,Fetal head (HC18 axial head-circumference plane),,g159,train,
129_HC.png,HC18,head,Fetal head (HC18 axial head-circumference plane),,g161,train,
131_HC.png,HC18,head,Fetal head (HC18 axial head-circumference plane),,g163,train,
132_HC.png,HC18,head,Fetal head (HC18 axial head-circumference plane),,g165,train,
133_2HC.png,HC18,head,Fetal head (HC18 axial head-circumference plane),,g165,train,
133_3HC.png,HC18,head,Fetal head (HC18 axial head-circumference plane),,g165,train,
133_4HC.png,HC18,head,Fetal head (HC18 axial head-circumference plane),,g165,train,
133_HC.png,HC18,head,Fetal head (HC18 axial head-circumference plane),,g165,train,
134_HC.png,HC18,head,Fetal head (HC18 axial head-circumference plane),,g171,train,
135_HC.png,HC18,head,Fetal head (HC18 axial head-circumference plane),,g171,train,
136_2HC.png,HC18,head,Fetal head (HC18 axial head-circumference plane),,g171,train,
136_HC.png,HC18,head,Fetal head (HC18 axial head-circumference plane),,g171,train,
137_HC.png,HC18,head,Fetal head (HC18 axial head-circumference plane),,g174,train,
138_2HC.png,HC18,head,Fetal head (HC18 axial head-circumference plane),,g174,train,
138_HC.png,HC18,head,Fetal head (HC18 axial head-circumference plane),,g174,train,
140_HC.png,HC18,head,Fetal head (HC18 axial head-circumference plane),,g178,train,
141_2HC.png,HC18,head,Fetal head (HC18 axial head-circumference plane),,g178,train,
141_HC.png,HC18,head,Fetal head (HC18 axial head-circumference plane),,g178,train,
147_HC.png,HC18,head,Fetal head (HC18 axial head-circumference plane),,g188,train,
148_HC.png,HC18,head,Fetal head (HC18 axial head-circumference plane),,g189,train,
151_HC.png,HC18,head,Fetal head (HC18 axial head-circumference plane),,g192,train,
152_HC.png,HC18,head,Fetal head (HC18 axial head-circumference plane),,g193,train,
153_HC.png,HC18,head,Fetal head (HC18 axial head-circumference plane),,g194,train,
155_HC.png,HC18,head,Fetal head (HC18 axial head-circumference plane),,g197,train,
156_2HC.png,HC18,head,Fetal head (HC18 axial head-circumference plane),,g197,train,
156_HC.png,HC18,head,Fetal head (HC18 axial head-circumference plane),,g197,train,
157_HC.png,HC18,head,Fetal head (HC18 axial head-circumference plane),,g199,train,
158_HC.png,HC18,head,Fetal head (HC18 axial head-circumference plane),,g200,train,
159_HC.png,HC18,head,Fetal head (HC18 axial head-circumference plane),,g201,train,
160_HC.png,HC18,head,Fetal head (HC18 axial head-circumference plane),,g202,train,
161_HC.png,HC18,head,Fetal head (HC18 axial head-circumference plane),,g203,train,
162_HC.png,HC18,head,Fetal head (HC18 axial head-circumference plane),,g204,train,
167_HC.png,HC18,head,Fetal head (HC18 axial head-circumference plane),,g210,train,
168_HC.png,HC18,head,Fetal head (HC18 axial head-circumference plane),,g211,train,
169_HC.png,HC18,head,Fetal head (HC18 axial head-circumference plane),,g212,train,
170_HC.png,HC18,head,Fetal head (HC18 axial head-circumference plane),,g213,train,
171_HC.png,HC18,head,Fetal head (HC18 axial head-circumference plane),,g214,train,
172_HC.png,HC18,head,Fetal head (HC18 axial head-circumference plane),,g215,train,
173_HC.png,HC18,head,Fetal head (HC18 axial head-circumference plane),,g216,train,
176_HC.png,HC18,head,Fetal head (HC18 axial head-circumference plane),,g219,train,
177_HC.png,HC18,head,Fetal head (HC18 axial head-circumference plane),,g221,train,
178_2HC.png,HC18,head,Fetal head (HC18 axial head-circumference plane),,g221,train,
178_HC.png,HC18,head,Fetal head (HC18 axial head-circumference plane),,g221,train,
181_HC.png,HC18,head,Fetal head (HC18 axial head-circumference plane),,g225,train,
182_HC.png,HC18,head,Fetal head (HC18 axial head-circumference plane),,g226,train,
187_HC.png,HC18,head,Fetal head (HC18 axial head-circumference plane),,g231,train,
190_HC.png,HC18,head,Fetal head (HC18 axial head-circumference plane),,g234,train,
200_HC.png,HC18,head,Fetal head (HC18 axial head-circumference plane),,g248,train,
201_HC.png,HC18,head,Fetal head (HC18 axial head-circumference plane),,g249,train,
204_HC.png,HC18,head,Fetal head (HC18 axial head-circumference plane),,g255,train,
206_HC.png,HC18,head,Fetal head (HC18 axial head-circumference plane),,g257,train,
211_HC.png,HC18,head,Fetal head (HC18 axial head-circumference plane),,g263,train,
212_HC.png,HC18,head,Fetal head (HC18 axial head-circumference plane),,g265,train,
213_2HC.png,HC18,head,Fetal head (HC18 axial head-circumference plane),,g265,train,
213_HC.png,HC18,head,Fetal head (HC18 axial head-circumference plane),,g265,train,
214_HC.png,HC18,head,Fetal head (HC18 axial head-circumference plane),,g267,train,
216_HC.png,HC18,head,Fetal head (HC18 axial head-circumference plane),,g269,train,
219_HC.png,HC18,head,Fetal head (HC18 axial head-circumference plane),,g273,train,
220_2HC.png,HC18,head,Fetal head (HC18 axial head-circumference plane),,g273,train,
220_HC.png,HC18,head,Fetal head (HC18 axial head-circumference plane),,g273,train,
222_HC.png,HC18,head,Fetal head (HC18 axial head-circumference plane),,g277,train,
223_2HC.png,HC18,head,Fetal head (HC18 axial head-circumference plane),,g277,train,
223_HC.png,HC18,head,Fetal head (HC18 axial head-circumference plane),,g277,train,
224_HC.png,HC18,head,Fetal head (HC18 axial head-circumference plane),,g280,train,
225_2HC.png,HC18,head,Fetal head (HC18 axial head-circumference plane),,g280,train,
225_HC.png,HC18,head,Fetal head (HC18 axial head-circumference plane),,g280,train,
228_HC.png,HC18,head,Fetal head (HC18 axial head-circumference plane),,g288,train,
229_2HC.png,HC18,head,Fetal head (HC18 axial head-circumference plane),,g288,train,
229_HC.png,HC18,head,Fetal head (HC18 axial head-circumference plane),,g288,train,
230_2HC.png,HC18,head,Fetal head (HC18 axial head-circumference plane),,g288,train,
230_HC.png,HC18,head,Fetal head (HC18 axial head-circumference plane),,g288,train,
231_HC.png,HC18,head,Fetal head (HC18 axial head-circumference plane),,g290,train,
232_HC.png,HC18,head,Fetal head (HC18 axial head-circumference plane),,g291,train,
233_HC.png,HC18,head,Fetal head (HC18 axial head-circumference plane),,g292,train,
234_HC.png,HC18,head,Fetal head (HC18 axial head-circumference plane),,g294,train,
235_2HC.png,HC18,head,Fetal head (HC18 axial head-circumference plane),,g294,train,
235_HC.png,HC18,head,Fetal head (HC18 axial head-circumference plane),,g294,train,
238_HC.png,HC18,head,Fetal head (HC18 axial head-circumference plane),,g300,train,
239_HC.png,HC18,head,Fetal head (HC18 axial head-circumference plane),,g301,train,
241_HC.png,HC18,head,Fetal head (HC18 axial head-circumference plane),,g303,train,
242_HC.png,HC18,head,Fetal head (HC18 axial head-circumference plane),,g305,train,
243_2HC.png,HC18,head,Fetal head (HC18 axial head-circumference plane),,g305,train,
243_3HC.png,HC18,head,Fetal head (HC18 axial head-circumference plane),,g305,train,
243_HC.png,HC18,head,Fetal head (HC18 axial head-circumference plane),,g305,train,
244_HC.png,HC18,head,Fetal head (HC18 axial head-circumference plane),,g309,train,
245_2HC.png,HC18,head,Fetal head (HC18 axial head-circumference plane),,g309,train,
245_3HC.png,HC18,head,Fetal head (HC18 axial head-circumference plane),,g309,train,
245_HC.png,HC18,head,Fetal head (HC18 axial head-circumference plane),,g309,train,
246_HC.png,HC18,head,Fetal head (HC18 axial head-circumference plane),,g312,train,
247_HC.png,HC18,head,Fetal head (HC18 axial head-circumference plane),,g313,train,
248_HC.png,HC18,head,Fetal head (HC18 axial head-circumference plane),,g314,train,
249_HC.png,HC18,head,Fetal head (HC18 axial head-circumference plane),,g315,train,
250_HC.png,HC18,head,Fetal head (HC18 axial head-circumference plane),,g316,train,
252_HC.png,HC18,head,Fetal head (HC18 axial head-circumference plane),,g318,train,
253_HC.png,HC18,head,Fetal head (HC18 axial head-circumference plane),,g319,train,
254_HC.png,HC18,head,Fetal head (HC18 axial head-circumference plane),,g320,train,
255_HC.png,HC18,head,Fetal head (HC18 axial head-circumference plane),,g321,train,
256_HC.png,HC18,head,Fetal head (HC18 axial head-circumference plane),,g322,train,
257_HC.png,HC18,head,Fetal head (HC18 axial head-circumference plane),,g324,train,
258_HC.png,HC18,head,Fetal head (HC18 axial head-circumference plane),,g324,train,
259_HC.png,HC18,head,Fetal head (HC18 axial head-circumference plane),,g326,train,
260_2HC.png,HC18,head,Fetal head (HC18 axial head-circumference plane),,g326,train,
260_HC.png,HC18,head,Fetal head (HC18 axial head-circumference plane),,g326,train,
261_HC.png,HC18,head,Fetal head (HC18 axial head-circumference plane),,g328,train,
263_HC.png,HC18,head,Fetal head (HC18 axial head-circumference plane),,g330,train,
264_HC.png,HC18,head,Fetal head (HC18 axial head-circumference plane),,g331,train,
266_HC.png,HC18,head,Fetal head (HC18 axial head-circumference plane),,g333,train,
267_HC.png,HC18,head,Fetal head (HC18 axial head-circumference plane),,g334,train,
268_HC.png,HC18,head,Fetal head (HC18 axial head-circumference plane),,g335,train,
269_HC.png,HC18,head,Fetal head (HC18 axial head-circumference plane),,g336,train,
270_HC.png,HC18,head,Fetal head (HC18 axial head-circumference plane),,g338,train,
271_2HC.png,HC18,head,Fetal head (HC18 axial head-circumference plane),,g338,train,
271_HC.png,HC18,head,Fetal head (HC18 axial head-circumference plane),,g338,train,
272_HC.png,HC18,head,Fetal head (HC18 axial head-circumference plane),,g340,train,
277_HC.png,HC18,head,Fetal head (HC18 axial head-circumference plane),,g347,train,
278_2HC.png,HC18,head,Fetal head (HC18 axial head-circumference plane),,g347,train,
278_HC.png,HC18,head,Fetal head (HC18 axial head-circumference plane),,g347,train,
279_HC.png,HC18,head,Fetal head (HC18 axial head-circumference plane),,g349,train,
280_HC.png,HC18,head,Fetal head (HC18 axial head-circumference plane),,g350,train,
281_HC.png,HC18,head,Fetal head (HC18 axial head-circumference plane),,g351,train,
283_HC.png,HC18,head,Fetal head (HC18 axial head-circumference plane),,g353,train,
284_HC.png,HC18,head,Fetal head (HC18 axial head-circumference plane),,g354,train,
287_HC.png,HC18,head,Fetal head (HC18 axial head-circumference plane),,g357,train,
288_HC.png,HC18,head,Fetal head (HC18 axial head-circumference plane),,g358,train,
289_HC.png,HC18,head,Fetal head (HC18 axial head-circumference plane),,g359,train,
290_HC.png,HC18,head,Fetal head (HC18 axial head-circumference plane),,g361,train,
291_2HC.png,HC18,head,Fetal head (HC18 axial head-circumference plane),,g361,train,
291_HC.png,HC18,head,Fetal head (HC18 axial head-circumference plane),,g361,train,
292_HC.png,HC18,head,Fetal head (HC18 axial head-circumference plane),,g363,train,
293_HC.png,HC18,head,Fetal head (HC18 axial head-circumference plane),,g365,train,
294_2HC.png,HC18,head,Fetal head (HC18 axial head-circumference plane),,g365,train,
294_HC.png,HC18,head,Fetal head (HC18 axial head-circumference plane),,g365,train,
296_HC.png,HC18,head,Fetal head (HC18 axial head-circumference plane),,g368,train,
297_HC.png,HC18,head,Fetal head (HC18 axial head-circumference plane),,g369,train,
298_HC.png,HC18,head,Fetal head (HC18 axial head-circumference plane),,g373,train,
299_2HC.png,HC18,head,Fetal head (HC18 axial head-circumference plane),,g373,train,
299_HC.png,HC18,head,Fetal head (HC18 axial head-circumference plane),,g373,train,
300_2HC.png,HC18,head,Fetal head (HC18 axial head-circumference plane),,g373,train,
300_HC.png,HC18,head,Fetal head (HC18 axial head-circumference plane),,g373,train,
301_HC.png,HC18,head,Fetal head (HC18 axial head-circumference plane),,g376,train,
302_HC.png,HC18,head,Fetal head (HC18 axial head-circumference plane),,g376,train,
303_HC.png,HC18,head,Fetal head (HC18 axial head-circumference plane),,g377,train,
305_HC.png,HC18,head,Fetal head (HC18 axial head-circumference plane),,g379,train,
306_HC.png,HC18,head,Fetal head (HC18 axial head-circumference plane),,g380,train,
307_HC.png,HC18,head,Fetal head (HC18 axial head-circumference plane),,g381,train,
308_HC.png,HC18,head,Fetal head (HC18 axial head-circumference plane),,g382,train,
309_HC.png,HC18,head,Fetal head (HC18 axial head-circumference plane),,g383,train,
310_HC.png,HC18,head,Fetal head (HC18 axial head-circumference plane),,g384,train,
311_HC.png,HC18,head,Fetal head (HC18 axial head-circumference plane),,g386,train,
312_2HC.png,HC18,head,Fetal head (HC18 axial head-circumference plane),,g386,train,
312_HC.png,HC18,head,Fetal head (HC18 axial head-circumference plane),,g386,train,
314_HC.png,HC18,head,Fetal head (HC18 axial head-circumference plane),,g390,train,
315_2HC.png,HC18,head,Fetal head (HC18 axial head-circumference plane),,g390,train,
315_HC.png,HC18,head,Fetal head (HC18 axial head-circumference plane),,g390,train,
316_HC.png,HC18,head,Fetal head (HC18 axial head-circumference plane),,g392,train,
317_HC.png,HC18,head,Fetal head (HC18 axial head-circumference plane),,g393,train,
319_HC.png,HC18,head,Fetal head (HC18 axial head-circumference plane),,g395,train,
320_HC.png,HC18,head,Fetal head (HC18 axial head-circumference plane),,g396,train,
321_HC.png,HC18,head,Fetal head (HC18 axial head-circumference plane),,g397,train,
324_HC.png,HC18,head,Fetal head (HC18 axial head-circumference plane),,g401,train,
325_HC.png,HC18,head,Fetal head (HC18 axial head-circumference plane),,g402,train,
326_HC.png,HC18,head,Fetal head (HC18 axial head-circumference plane),,g404,train,
327_2HC.png,HC18,head,Fetal head (HC18 axial head-circumference plane),,g404,train,
327_HC.png,HC18,head,Fetal head (HC18 axial head-circumference plane),,g404,train,
328_HC.png,HC18,head,Fetal head (HC18 axial head-circumference plane),,g406,train,
332_HC.png,HC18,head,Fetal head (HC18 axial head-circumference plane),,g410,train,
333_HC.png,HC18,head,Fetal head (HC18 axial head-circumference plane),,g411,train,
336_HC.png,HC18,head,Fetal head (HC18 axial head-circumference plane),,g414,train,
337_HC.png,HC18,head,Fetal head (HC18 axial head-circumference plane),,g415,train,
338_HC.png,HC18,head,Fetal head (HC18 axial head-circumference plane),,g416,train,
339_HC.png,HC18,head,Fetal head (HC18 axial head-circumference plane),,g418,train,
340_2HC.png,HC18,head,Fetal head (HC18 axial head-circumference plane),,g418,train,
340_HC.png,HC18,head,Fetal head (HC18 axial head-circumference plane),,g418,train,
342_HC.png,HC18,head,Fetal head (HC18 axial head-circumference plane),,g421,train,
343_HC.png,HC18,head,Fetal head (HC18 axial head-circumference plane),,g422,train,
344_HC.png,HC18,head,Fetal head (HC18 axial head-circumference plane),,g424,train,
345_2HC.png,HC18,head,Fetal head (HC18 axial head-circumference plane),,g424,train,
345_HC.png,HC18,head,Fetal head (HC18 axial head-circumference plane),,g424,train,
346_HC.png,HC18,head,Fetal head (HC18 axial head-circumference plane),,g426,train,
347_HC.png,HC18,head,Fetal head (HC18 axial head-circumference plane),,g427,train,
348_HC.png,HC18,head,Fetal head (HC18 axial head-circumference plane),,g428,train,
350_HC.png,HC18,head,Fetal head (HC18 axial head-circumference plane),,g430,train,
353_HC.png,HC18,head,Fetal head (HC18 axial head-circumference plane),,g434,train,
354_HC.png,HC18,head,Fetal head (HC18 axial head-circumference plane),,g435,train,
355_HC.png,HC18,head,Fetal head (HC18 axial head-circumference plane),,g436,train,
356_HC.png,HC18,head,Fetal head (HC18 axial head-circumference plane),,g437,train,
357_HC.png,HC18,head,Fetal head (HC18 axial head-circumference plane),,g438,train,
363_HC.png,HC18,head,Fetal head (HC18 axial head-circumference plane),,g448,train,
364_2HC.png,HC18,head,Fetal head (HC18 axial head-circumference plane),,g448,train,
364_HC.png,HC18,head,Fetal head (HC18 axial head-circumference plane),,g448,train,
365_HC.png,HC18,head,Fetal head (HC18 axial head-circumference plane),,g450,train,
367_HC.png,HC18,head,Fetal head (HC18 axial head-circumference plane),,g452,train,
368_HC.png,HC18,head,Fetal head (HC18 axial head-circumference plane),,g453,train,
369_HC.png,HC18,head,Fetal head (HC18 axial head-circumference plane),,g455,train,
370_HC.png,HC18,head,Fetal head (HC18 axial head-circumference plane),,g455,train,
371_HC.png,HC18,head,Fetal head (HC18 axial head-circumference plane),,g456,train,
375_HC.png,HC18,head,Fetal head (HC18 axial head-circumference plane),,g462,train,
376_2HC.png,HC18,head,Fetal head (HC18 axial head-circumference plane),,g462,train,
376_HC.png,HC18,head,Fetal head (HC18 axial head-circumference plane),,g462,train,
377_HC.png,HC18,head,Fetal head (HC18 axial head-circumference plane),,g464,train,
378_HC.png,HC18,head,Fetal head (HC18 axial head-circumference plane),,g465,train,
383_HC.png,HC18,head,Fetal head (HC18 axial head-circumference plane),,g472,train,
384_2HC.png,HC18,head,Fetal head (HC18 axial head-circumference plane),,g472,train,
384_HC.png,HC18,head,Fetal head (HC18 axial head-circumference plane),,g472,train,
385_HC.png,HC18,head,Fetal head (HC18 axial head-circumference plane),,g474,train,
387_HC.png,HC18,head,Fetal head (HC18 axial head-circumference plane),,g476,train,
388_HC.png,HC18,head,Fetal head (HC18 axial head-circumference plane),,g477,train,
389_HC.png,HC18,head,Fetal head (HC18 axial head-circumference plane),,g478,train,
390_HC.png,HC18,head,Fetal head (HC18 axial head-circumference plane),,g479,train,
395_HC.png,HC18,head,Fetal head (HC18 axial head-circumference plane),,g487,train,
396_HC.png,HC18,head,Fetal head (HC18 axial head-circumference plane),,g488,train,
401_HC.png,HC18,head,Fetal head (HC18 axial head-circumference plane),,g494,train,
402_HC.png,HC18,head,Fetal head (HC18 axial head-circumference plane),,g498,train,
403_2HC.png,HC18,head,Fetal head (HC18 axial head-circumference plane),,g498,train,
403_HC.png,HC18,head,Fetal head (HC18 axial head-circumference plane),,g498,train,
404_2HC.png,HC18,head,Fetal head (HC18 axial head-circumference plane),,g498,train,
404_HC.png,HC18,head,Fetal head (HC18 axial head-circumference plane),,g498,train,
405_HC.png,HC18,head,Fetal head (HC18 axial head-circumference plane),,g500,train,
406_HC.png,HC18,head,Fetal head (HC18 axial head-circumference plane),,g501,train,
408_HC.png,HC18,head,Fetal head (HC18 axial head-circumference plane),,g503,train,
411_HC.png,HC18,head,Fetal head (HC18 axial head-circumference plane),,g507,train,
412_HC.png,HC18,head,Fetal head (HC18 axial head-circumference plane),,g509,train,
413_HC.png,HC18,head,Fetal head (HC18 axial head-circumference plane),,g509,train,
414_HC.png,HC18,head,Fetal head (HC18 axial head-circumference plane),,g510,train,
417_HC.png,HC18,head,Fetal head (HC18 axial head-circumference plane),,g513,train,
418_HC.png,HC18,head,Fetal head (HC18 axial head-circumference plane),,g514,train,
419_HC.png,HC18,head,Fetal head (HC18 axial head-circumference plane),,g515,train,
421_HC.png,HC18,head,Fetal head (HC18 axial head-circumference plane),,g517,train,
422_HC.png,HC18,head,Fetal head (HC18 axial head-circumference plane),,g518,train,
423_HC.png,HC18,head,Fetal head (HC18 axial head-circumference plane),,g519,train,
427_HC.png,HC18,head,Fetal head (HC18 axial head-circumference plane),,g527,train,
428_HC.png,HC18,head,Fetal head (HC18 axial head-circumference plane),,g528,train,
429_HC.png,HC18,head,Fetal head (HC18 axial head-circumference plane),,g529,train,
432_HC.png,HC18,head,Fetal head (HC18 axial head-circumference plane),,g533,train,
433_HC.png,HC18,head,Fetal head (HC18 axial head-circumference plane),,g535,train,
434_2HC.png,HC18,head,Fetal head (HC18 axial head-circumference plane),,g535,train,
434_HC.png,HC18,head,Fetal head (HC18 axial head-circumference plane),,g535,train,
435_HC.png,HC18,head,Fetal head (HC18 axial head-circumference plane),,g537,train,
436_HC.png,HC18,head,Fetal head (HC18 axial head-circumference plane),,g539,train,
437_2HC.png,HC18,head,Fetal head (HC18 axial head-circumference plane),,g539,train,
437_HC.png,HC18,head,Fetal head (HC18 axial head-circumference plane),,g539,train,
438_HC.png,HC18,head,Fetal head (HC18 axial head-circumference plane),,g541,train,
439_HC.png,HC18,head,Fetal head (HC18 axial head-circumference plane),,g543,train,
440_2HC.png,HC18,head,Fetal head (HC18 axial head-circumference plane),,g543,train,
440_HC.png,HC18,head,Fetal head (HC18 axial head-circumference plane),,g543,train,
441_HC.png,HC18,head,Fetal head (HC18 axial head-circumference plane),,g545,train,
442_HC.png,HC18,head,Fetal head (HC18 axial head-circumference plane),,g546,train,
443_HC.png,HC18,head,Fetal head (HC18 axial head-circumference plane),,g548,train,
444_2HC.png,HC18,head,Fetal head (HC18 axial head-circumference plane),,g548,train,
444_HC.png,HC18,head,Fetal head (HC18 axial head-circumference plane),,g548,train,
447_HC.png,HC18,head,Fetal head (HC18 axial head-circumference plane),,g552,train,
448_HC.png,HC18,head,Fetal head (HC18 axial head-circumference plane),,g553,train,
449_HC.png,HC18,head,Fetal head (HC18 axial head-circumference plane),,g554,train,
450_HC.png,HC18,head,Fetal head (HC18 axial head-circumference plane),,g555,train,
451_HC.png,HC18,head,Fetal head (HC18 axial head-circumference plane),,g556,train,
454_HC.png,HC18,head,Fetal head (HC18 axial head-circumference plane),,g560,train,
455_HC.png,HC18,head,Fetal head (HC18 axial head-circumference plane),,g561,train,
456_HC.png,HC18,head,Fetal head (HC18 axial head-circumference plane),,g563,train,
457_2HC.png,HC18,head,Fetal head (HC18 axial head-circumference plane),,g563,train,
457_HC.png,HC18,head,Fetal head (HC18 axial head-circumference plane),,g563,train,
458_HC.png,HC18,head,Fetal head (HC18 axial head-circumference plane),,g565,train,
460_HC.png,HC18,head,Fetal head (HC18 axial head-circumference plane),,g567,train,
463_HC.png,HC18,head,Fetal head (HC18 axial head-circumference plane),,g571,train,
465_HC.png,HC18,head,Fetal head (HC18 axial head-circumference plane),,g573,train,
467_HC.png,HC18,head,Fetal head (HC18 axial head-circumference plane),,g578,train,
468_2HC.png,HC18,head,Fetal head (HC18 axial head-circumference plane),,g578,train,
468_HC.png,HC18,head,Fetal head (HC18 axial head-circumference plane),,g578,train,
469_2HC.png,HC18,head,Fetal head (HC18 axial head-circumference plane),,g578,train,
469_HC.png,HC18,head,Fetal head (HC18 axial head-circumference plane),,g578,train,
470_HC.png,HC18,head,Fetal head (HC18 axial head-circumference plane),,g581,train,
471_2HC.png,HC18,head,Fetal head (HC18 axial head-circumference plane),,g581,train,
471_HC.png,HC18,head,Fetal head (HC18 axial head-circumference plane),,g581,train,
472_HC.png,HC18,head,Fetal head (HC18 axial head-circumference plane),,g583,train,
475_HC.png,HC18,head,Fetal head (HC18 axial head-circumference plane),,g586,train,
476_HC.png,HC18,head,Fetal head (HC18 axial head-circumference plane),,g587,train,
477_HC.png,HC18,head,Fetal head (HC18 axial head-circumference plane),,g588,train,
480_HC.png,HC18,head,Fetal head (HC18 axial head-circumference plane),,g592,train,
481_HC.png,HC18,head,Fetal head (HC18 axial head-circumference plane),,g597,train,
482_2HC.png,HC18,head,Fetal head (HC18 axial head-circumference plane),,g597,train,
482_3HC.png,HC18,head,Fetal head (HC18 axial head-circumference plane),,g597,train,
482_HC.png,HC18,head,Fetal head (HC18 axial head-circumference plane),,g597,train,
483_2HC.png,HC18,head,Fetal head (HC18 axial head-circumference plane),,g597,train,
483_HC.png,HC18,head,Fetal head (HC18 axial head-circumference plane),,g597,train,
487_HC.png,HC18,head,Fetal head (HC18 axial head-circumference plane),,g603,train,
488_HC.png,HC18,head,Fetal head (HC18 axial head-circumference plane),,g604,train,
489_HC.png,HC18,head,Fetal head (HC18 axial head-circumference plane),,g606,train,
490_2HC.png,HC18,head,Fetal head (HC18 axial head-circumference plane),,g606,train,
490_HC.png,HC18,head,Fetal head (HC18 axial head-circumference plane),,g606,train,
491_HC.png,HC18,head,Fetal head (HC18 axial head-circumference plane),,g608,train,
493_HC.png,HC18,head,Fetal head (HC18 axial head-circumference plane),,g610,train,
494_HC.png,HC18,head,Fetal head (HC18 axial head-circumference plane),,g612,train,
495_2HC.png,HC18,head,Fetal head (HC18 axial head-circumference plane),,g612,train,
495_3HC.png,HC18,head,Fetal head (HC18 axial head-circumference plane),,g612,train,
495_4HC.png,HC18,head,Fetal head (HC18 axial head-circumference plane),,g612,train,
495_HC.png,HC18,head,Fetal head (HC18 axial head-circumference plane),,g612,train,
497_HC.png,HC18,head,Fetal head (HC18 axial head-circumference plane),,g617,train,
501_HC.png,HC18,head,Fetal head (HC18 axial head-circumference plane),,g622,train,
502_HC.png,HC18,head,Fetal head (HC18 axial head-circumference plane),,g623,train,
503_HC.png,HC18,head,Fetal head (HC18 axial head-circumference plane),,g624,train,
504_HC.png,HC18,head,Fetal head (HC18 axial head-circumference plane),,g625,train,
505_HC.png,HC18,head,Fetal head (HC18 axial head-circumference plane),,g626,train,
506_HC.png,HC18,head,Fetal head (HC18 axial head-circumference plane),,g628,train,
507_2HC.png,HC18,head,Fetal head (HC18 axial head-circumference plane),,g628,train,
507_HC.png,HC18,head,Fetal head (HC18 axial head-circumference plane),,g628,train,
508_HC.png,HC18,head,Fetal head (HC18 axial head-circumference plane),,g630,train,
509_HC.png,HC18,head,Fetal head (HC18 axial head-circumference plane),,g631,train,
510_HC.png,HC18,head,Fetal head (HC18 axial head-circumference plane),,g632,train,
511_HC.png,HC18,head,Fetal head (HC18 axial head-circumference plane),,g633,train,
513_HC.png,HC18,head,Fetal head (HC18 axial head-circumference plane),,g635,train,
514_HC.png,HC18,head,Fetal head (HC18 axial head-circumference plane),,g637,train,
515_HC.png,HC18,head,Fetal head (HC18 axial head-circumference plane),,g637,train,
516_HC.png,HC18,head,Fetal head (HC18 axial head-circumference plane),,g638,train,
517_HC.png,HC18,head,Fetal head (HC18 axial head-circumference plane),,g639,train,
518_HC.png,HC18,head,Fetal head (HC18 axial head-circumference plane),,g640,train,
519_HC.png,HC18,head,Fetal head (HC18 axial head-circumference plane),,g641,train,
520_HC.png,HC18,head,Fetal head (HC18 axial head-circumference plane),,g642,train,
522_HC.png,HC18,head,Fetal head (HC18 axial head-circumference plane),,g644,train,
524_HC.png,HC18,head,Fetal head (HC18 axial head-circumference plane),,g646,train,
525_HC.png,HC18,head,Fetal head (HC18 axial head-circumference plane),,g648,train,
526_2HC.png,HC18,head,Fetal head (HC18 axial head-circumference plane),,g648,train,
526_HC.png,HC18,head,Fetal head (HC18 axial head-circumference plane),,g648,train,
528_HC.png,HC18,head,Fetal head (HC18 axial head-circumference plane),,g651,train,
529_HC.png,HC18,head,Fetal head (HC18 axial head-circumference plane),,g652,train,
533_HC.png,HC18,head,Fetal head (HC18 axial head-circumference plane),,g658,train,
537_HC.png,HC18,head,Fetal head (HC18 axial head-circumference plane),,g662,train,
542_HC.png,HC18,head,Fetal head (HC18 axial head-circumference plane),,g668,train,
543_HC.png,HC18,head,Fetal head (HC18 axial head-circumference plane),,g672,train,
544_2HC.png,HC18,head,Fetal head (HC18 axial head-circumference plane),,g672,train,
544_HC.png,HC18,head,Fetal head (HC18 axial head-circumference plane),,g672,train,
545_2HC.png,HC18,head,Fetal head (HC18 axial head-circumference plane),,g672,train,
545_HC.png,HC18,head,Fetal head (HC18 axial head-circumference plane),,g672,train,
546_HC.png,HC18,head,Fetal head (HC18 axial head-circumference plane),,g675,train,
547_2HC.png,HC18,head,Fetal head (HC18 axial head-circumference plane),,g675,train,
547_HC.png,HC18,head,Fetal head (HC18 axial head-circumference plane),,g675,train,
548_HC.png,HC18,head,Fetal head (HC18 axial head-circumference plane),,g677,train,
552_HC.png,HC18,head,Fetal head (HC18 axial head-circumference plane),,g681,train,
553_HC.png,HC18,head,Fetal head (HC18 axial head-circumference plane),,g682,train,
554_HC.png,HC18,head,Fetal head (HC18 axial head-circumference plane),,g683,train,
555_HC.png,HC18,head,Fetal head (HC18 axial head-circumference plane),,g685,train,
556_2HC.png,HC18,head,Fetal head (HC18 axial head-circumference plane),,g685,train,
556_HC.png,HC18,head,Fetal head (HC18 axial head-circumference plane),,g685,train,
557_HC.png,HC18,head,Fetal head (HC18 axial head-circumference plane),,g687,train,
563_HC.png,HC18,head,Fetal head (HC18 axial head-circumference plane),,g696,train,
564_HC.png,HC18,head,Fetal head (HC18 axial head-circumference plane),,g696,train,
565_HC.png,HC18,head,Fetal head (HC18 axial head-circumference plane),,g700,train,
566_2HC.png,HC18,head,Fetal head (HC18 axial head-circumference plane),,g700,train,
566_HC.png,HC18,head,Fetal head (HC18 axial head-circumference plane),,g700,train,
567_2HC.png,HC18,head,Fetal head (HC18 axial head-circumference plane),,g700,train,
567_HC.png,HC18,head,Fetal head (HC18 axial head-circumference plane),,g700,train,
568_HC.png,HC18,head,Fetal head (HC18 axial head-circumference plane),,g702,train,
569_HC.png,HC18,head,Fetal head (HC18 axial head-circumference plane),,g704,train,
570_2HC.png,HC18,head,Fetal head (HC18 axial head-circumference plane),,g704,train,
570_3HC.png,HC18,head,Fetal head (HC18 axial head-circumference plane),,g704,train,
570_HC.png,HC18,head,Fetal head (HC18 axial head-circumference plane),,g704,train,
572_HC.png,HC18,head,Fetal head (HC18 axial head-circumference plane),,g708,train,
573_HC.png,HC18,head,Fetal head (HC18 axial head-circumference plane),,g710,train,
574_2HC.png,HC18,head,Fetal head (HC18 axial head-circumference plane),,g710,train,
574_HC.png,HC18,head,Fetal head (HC18 axial head-circumference plane),,g710,train,
575_HC.png,HC18,head,Fetal head (HC18 axial head-circumference plane),,g712,train,
577_HC.png,HC18,head,Fetal head (HC18 axial head-circumference plane),,g714,train,
579_HC.png,HC18,head,Fetal head (HC18 axial head-circumference plane),,g716,train,
580_HC.png,HC18,head,Fetal head (HC18 axial head-circumference plane),,g717,train,
581_HC.png,HC18,head,Fetal head (HC18 axial head-circumference plane),,g718,train,
582_HC.png,HC18,head,Fetal head (HC18 axial head-circumference plane),,g720,train,
583_2HC.png,HC18,head,Fetal head (HC18 axial head-circumference plane),,g720,train,
583_HC.png,HC18,head,Fetal head (HC18 axial head-circumference plane),,g720,train,
584_HC.png,HC18,head,Fetal head (HC18 axial head-circumference plane),,g722,train,
585_HC.png,HC18,head,Fetal head (HC18 axial head-circumference plane),,g723,train,
589_HC.png,HC18,head,Fetal head (HC18 axial head-circumference plane),,g729,train,
590_HC.png,HC18,head,Fetal head (HC18 axial head-circumference plane),,g730,train,
593_HC.png,HC18,head,Fetal head (HC18 axial head-circumference plane),,g734,train,
594_HC.png,HC18,head,Fetal head (HC18 axial head-circumference plane),,g735,train,
595_HC.png,HC18,head,Fetal head (HC18 axial head-circumference plane),,g736,train,
596_HC.png,HC18,head,Fetal head (HC18 axial head-circumference plane),,g737,train,
599_HC.png,HC18,head,Fetal head (HC18 axial head-circumference plane),,g740,train,
600_HC.png,HC18,head,Fetal head (HC18 axial head-circumference plane),,g741,train,
602_HC.png,HC18,head,Fetal head (HC18 axial head-circumference plane),,g743,train,
604_HC.png,HC18,head,Fetal head (HC18 axial head-circumference plane),,g745,train,
606_HC.png,HC18,head,Fetal head (HC18 axial head-circumference plane),,g747,train,
607_HC.png,HC18,head,Fetal head (HC18 axial head-circumference plane),,g748,train,
608_HC.png,HC18,head,Fetal head (HC18 axial head-circumference plane),,g750,train,
609_2HC.png,HC18,head,Fetal head (HC18 axial head-circumference plane),,g750,train,
609_HC.png,HC18,head,Fetal head (HC18 axial head-circumference plane),,g750,train,
611_HC.png,HC18,head,Fetal head (HC18 axial head-circumference plane),,g753,train,
612_HC.png,HC18,head,Fetal head (HC18 axial head-circumference plane),,g758,train,
613_2HC.png,HC18,head,Fetal head (HC18 axial head-circumference plane),,g758,train,
613_3HC.png,HC18,head,Fetal head (HC18 axial head-circumference plane),,g758,train,
613_HC.png,HC18,head,Fetal head (HC18 axial head-circumference plane),,g758,train,
614_HC.png,HC18,head,Fetal head (HC18 axial head-circumference plane),,g758,train,
615_HC.png,HC18,head,Fetal head (HC18 axial head-circumference plane),,g759,train,
620_HC.png,HC18,head,Fetal head (HC18 axial head-circumference plane),,g766,train,
621_HC.png,HC18,head,Fetal head (HC18 axial head-circumference plane),,g767,train,
622_HC.png,HC18,head,Fetal head (HC18 axial head-circumference plane),,g768,train,
623_HC.png,HC18,head,Fetal head (HC18 axial head-circumference plane),,g769,train,
625_HC.png,HC18,head,Fetal head (HC18 axial head-circumference plane),,g772,train,
626_HC.png,HC18,head,Fetal head (HC18 axial head-circumference plane),,g772,train,
629_HC.png,HC18,head,Fetal head (HC18 axial head-circumference plane),,g779,train,
630_2HC.png,HC18,head,Fetal head (HC18 axial head-circumference plane),,g779,train,
630_HC.png,HC18,head,Fetal head (HC18 axial head-circumference plane),,g779,train,
631_2HC.png,HC18,head,Fetal head (HC18 axial head-circumference plane),,g779,train,
631_HC.png,HC18,head,Fetal head (HC18 axial head-circumference plane),,g779,train,
632_HC.png,HC18,head,Fetal head (HC18 axial head-circumference plane),,g781,train,
633_HC.png,HC18,head,Fetal head (HC18 axial head-circumference plane),,g782,train,
635_HC.png,HC18,head,Fetal head (HC18 axial head-circumference plane),,g784,train,
636_HC.png,HC18,head,Fetal head (HC18 axial head-circumference plane),,g785,train,
637_HC.png,HC18,head,Fetal head (HC18 axial head-circumference plane),,g786,train,
640_HC.png,HC18,head,Fetal head (HC18 axial head-circumference plane),,g790,train,
642_HC.png,HC18,head,Fetal head (HC18 axial head-circumference plane),,g792,train,
645_HC.png,HC18,head,Fetal head (HC18 axial head-circumference plane),,g795,train,
646_HC.png,HC18,head,Fetal head (HC18 axial head-circumference plane),,g796,train,
649_HC.png,HC18,head,Fetal head (HC18 axial head-circumference plane),,g800,train,
653_HC.png,HC18,head,Fetal head (HC18 axial head-circumference plane),,g805,train,
654_HC.png,HC18,head,Fetal head (HC18 axial head-circumference plane),,g806,train,
655_HC.png,HC18,head,Fetal head (HC18 axial head-circumference plane),,g807,train,
656_HC.png,HC18,head,Fetal head (HC18 axial head-circumference plane),,g809,train,
657_2HC.png,HC18,head,Fetal head (HC18 axial head-circumference plane),,g809,train,
657_HC.png,HC18,head,Fetal head (HC18 axial head-circumference plane),,g809,train,
658_HC.png,HC18,head,Fetal head (HC18 axial head-circumference plane),,g811,train,
659_HC.png,HC18,head,Fetal head (HC18 axial head-circumference plane),,g812,train,
662_HC.png,HC18,head,Fetal head (HC18 axial head-circumference plane),,g815,train,
663_HC.png,HC18,head,Fetal head (HC18 axial head-circumference plane),,g816,train,
664_HC.png,HC18,head,Fetal head (HC18 axial head-circumference plane),,g817,train,
666_HC.png,HC18,head,Fetal head (HC18 axial head-circumference plane),,g819,train,
670_HC.png,HC18,head,Fetal head (HC18 axial head-circumference plane),,g824,train,
671_2HC.png,HC18,head,Fetal head (HC18 axial head-circumference plane),,g824,train,
671_3HC.png,HC18,head,Fetal head (HC18 axial head-circumference plane),,g824,train,
671_HC.png,HC18,head,Fetal head (HC18 axial head-circumference plane),,g824,train,
676_HC.png,HC18,head,Fetal head (HC18 axial head-circumference plane),,g834,train,
677_2HC.png,HC18,head,Fetal head (HC18 axial head-circumference plane),,g834,train,
677_HC.png,HC18,head,Fetal head (HC18 axial head-circumference plane),,g834,train,
679_HC.png,HC18,head,Fetal head (HC18 axial head-circumference plane),,g837,train,
680_HC.png,HC18,head,Fetal head (HC18 axial head-circumference plane),,g838,train,
682_HC.png,HC18,head,Fetal head (HC18 axial head-circumference plane),,g840,train,
683_HC.png,HC18,head,Fetal head (HC18 axial head-circumference plane),,g841,train,
685_HC.png,HC18,head,Fetal head (HC18 axial head-circumference plane),,g844,train,
686_2HC.png,HC18,head,Fetal head (HC18 axial head-circumference plane),,g844,train,
686_HC.png,HC18,head,Fetal head (HC18 axial head-circumference plane),,g844,train,
688_HC.png,HC18,head,Fetal head (HC18 axial head-circumference plane),,g847,train,
689_HC.png,HC18,head,Fetal head (HC18 axial head-circumference plane),,g849,train,
690_2HC.png,HC18,head,Fetal head (HC18 axial head-circumference plane),,g849,train,
690_HC.png,HC18,head,Fetal head (HC18 axial head-circumference plane),,g849,train,
691_HC.png,HC18,head,Fetal head (HC18 axial head-circumference plane),,g852,train,
692_2HC.png,HC18,head,Fetal head (HC18 axial head-circumference plane),,g852,train,
692_HC.png,HC18,head,Fetal head (HC18 axial head-circumference plane),,g852,train,
693_HC.png,HC18,head,Fetal head (HC18 axial head-circumference plane),,g854,train,
695_HC.png,HC18,head,Fetal head (HC18 axial head-circumference plane),,g856,train,
696_HC.png,HC18,head,Fetal head (HC18 axial head-circumference plane),,g857,train,
697_HC.png,HC18,head,Fetal head (HC18 axial head-circumference plane),,g858,train,
698_HC.png,HC18,head,Fetal head (HC18 axial head-circumference plane),,g859,train,
699_HC.png,HC18,head,Fetal head (HC18 axial head-circumference plane),,g860,train,
701_HC.png,HC18,head,Fetal head (HC18 axial head-circumference plane),,g862,train,
702_HC.png,HC18,head,Fetal head (HC18 axial head-circumference plane),,g863,train,
703_HC.png,HC18,head,Fetal head (HC18 axial head-circumference plane),,g865,train,
704_2HC.png,HC18,head,Fetal head (HC18 axial head-circumference plane),,g865,train,
704_HC.png,HC18,head,Fetal head (HC18 axial head-circumference plane),,g865,train,
707_HC.png,HC18,head,Fetal head (HC18 axial head-circumference plane),,g873,train,
708_2HC.png,HC18,head,Fetal head (HC18 axial head-circumference plane),,g873,train,
708_3HC.png,HC18,head,Fetal head (HC18 axial head-circumference plane),,g873,train,
708_HC.png,HC18,head,Fetal head (HC18 axial head-circumference plane),,g873,train,
709_2HC.png,HC18,head,Fetal head (HC18 axial head-circumference plane),,g873,train,
709_HC.png,HC18,head,Fetal head (HC18 axial head-circumference plane),,g873,train,
710_HC.png,HC18,head,Fetal head (HC18 axial head-circumference plane),,g875,train,
711_HC.png,HC18,head,Fetal head (HC18 axial head-circumference plane),,g877,train,
712_2HC.png,HC18,head,Fetal head (HC18 axial head-circumference plane),,g877,train,
712_HC.png,HC18,head,Fetal head (HC18 axial head-circumference plane),,g877,train,
713_HC.png,HC18,head,Fetal head (HC18 axial head-circumference plane),,g879,train,
722_HC.png,HC18,head,Fetal head (HC18 axial head-circumference plane),,g891,train,
723_HC.png,HC18,head,Fetal head (HC18 axial head-circumference plane),,g892,train,
726_HC.png,HC18,head,Fetal head (HC18 axial head-circumference plane),,g896,train,
728_HC.png,HC18,head,Fetal head (HC18 axial head-circumference plane),,g898,train,
733_HC.png,HC18,head,Fetal head (HC18 axial head-circumference plane),,g907,train,
734_HC.png,HC18,head,Fetal head (HC18 axial head-circumference plane),,g907,train,
738_HC.png,HC18,head,Fetal head (HC18 axial head-circumference plane),,g912,train,
740_HC.png,HC18,head,Fetal head (HC18 axial head-circumference plane),,g914,train,
742_HC.png,HC18,head,Fetal head (HC18 axial head-circumference plane),,g916,train,
743_HC.png,HC18,head,Fetal head (HC18 axial head-circumference plane),,g917,train,
745_HC.png,HC18,head,Fetal head (HC18 axial head-circumference plane),,g920,train,
746_2HC.png,HC18,head,Fetal head (HC18 axial head-circumference plane),,g920,train,
746_3HC.png,HC18,head,Fetal head (HC18 axial head-circumference plane),,g920,train,
746_4HC.png,HC18,head,Fetal head (HC18 axial head-circumference plane),,g920,train,
746_HC.png,HC18,head,Fetal head (HC18 axial head-circumference plane),,g920,train,
747_HC.png,HC18,head,Fetal head (HC18 axial head-circumference plane),,g924,train,
748_HC.png,HC18,head,Fetal head (HC18 axial head-circumference plane),,g925,train,
750_HC.png,HC18,head,Fetal head (HC18 axial head-circumference plane),,g928,train,
751_2HC.png,HC18,head,Fetal head (HC18 axial head-circumference plane),,g928,train,
751_HC.png,HC18,head,Fetal head (HC18 axial head-circumference plane),,g928,train,
753_HC.png,HC18,head,Fetal head (HC18 axial head-circumference plane),,g931,train,
754_HC.png,HC18,head,Fetal head (HC18 axial head-circumference plane),,g932,train,
759_HC.png,HC18,head,Fetal head (HC18 axial head-circumference plane),,g938,train,
761_HC.png,HC18,head,Fetal head (HC18 axial head-circumference plane),,g940,train,
763_HC.png,HC18,head,Fetal head (HC18 axial head-circumference plane),,g943,train,
764_2HC.png,HC18,head,Fetal head (HC18 axial head-circumference plane),,g943,train,
764_HC.png,HC18,head,Fetal head (HC18 axial head-circumference plane),,g943,train,
765_HC.png,HC18,head,Fetal head (HC18 axial head-circumference plane),,g945,train,
766_HC.png,HC18,head,Fetal head (HC18 axial head-circumference plane),,g946,train,
767_HC.png,HC18,head,Fetal head (HC18 axial head-circumference plane),,g948,train,
768_2HC.png,HC18,head,Fetal head (HC18 axial head-circumference plane),,g948,train,
768_HC.png,HC18,head,Fetal head (HC18 axial head-circumference plane),,g948,train,
770_HC.png,HC18,head,Fetal head (HC18 axial head-circumference plane),,g951,train,
772_HC.png,HC18,head,Fetal head (HC18 axial head-circumference plane),,g954,train,
773_2HC.png,HC18,head,Fetal head (HC18 axial head-circumference plane),,g954,train,
773_3HC.png,HC18,head,Fetal head (HC18 axial head-circumference plane),,g954,train,
773_HC.png,HC18,head,Fetal head (HC18 axial head-circumference plane),,g954,train,
775_HC.png,HC18,head,Fetal head (HC18 axial head-circumference plane),,g958,train,
777_HC.png,HC18,head,Fetal head (HC18 axial head-circumference plane),,g960,train,
778_HC.png,HC18,head,Fetal head (HC18 axial head-circumference plane),,g964,train,
779_2HC.png,HC18,head,Fetal head (HC18 axial head-circumference plane),,g964,train,
779_HC.png,HC18,head,Fetal head (HC18 axial head-circumference plane),,g964,train,
780_2HC.png,HC18,head,Fetal head (HC18 axial head-circumference plane),,g964,train,
780_HC.png,HC18,head,Fetal head (HC18 axial head-circumference plane),,g964,train,
786_HC.png,HC18,head,Fetal head (HC18 axial head-circumference plane),,g975,train,
787_HC.png,HC18,head,Fetal head (HC18 axial head-circumference plane),,g977,train,
788_2HC.png,HC18,head,Fetal head (HC18 axial head-circumference plane),,g977,train,
788_HC.png,HC18,head,Fetal head (HC18 axial head-circumference plane),,g977,train,
789_HC.png,HC18,head,Fetal head (HC18 axial head-circumference plane),,g979,train,
790_HC.png,HC18,head,Fetal head (HC18 axial head-circumference plane),,g980,train,
797_HC.png,HC18,head,Fetal head (HC18 axial head-circumference plane),,g990,train,
798_HC.png,HC18,head,Fetal head (HC18 axial head-circumference plane),,g991,train,
802_HC.png,HC18,head,Fetal head (HC18 axial head-circumference plane),,g995,train,
803_HC.png,HC18,head,Fetal head (HC18 axial head-circumference plane),,g996,train,
804_HC.png,HC18,head,Fetal head (HC18 axial head-circumference plane),,g997,train,
805_HC.png,HC18,head,Fetal head (HC18 axial head-circumference plane),,g998,train,
